config,model,scheme,fold,criterion,rule,test_recorded_hours,threshold,tuning_sens,tuning_fa,criterion_met_on_tuning,test_sens,test_fa,test_tp,test_fp,test_ref_true,criterion_met_on_test
Full-18,rf,5fold,0,medication_titration,szcore,75.74777777777778,0.74,0.225,4.928345592629212,False,0.0,0.0,0.0,0.0,36.0,False
Full-18,rf,5fold,0,medication_titration,ali,75.74777777777778,0.61,0.125,4.576320907441411,False,0.0,0.0,0.0,0.0,36.0,False
Full-18,rf,5fold,0,realtime_alert,szcore,75.74777777777778,0.83,0.175,1.994806549397538,False,0.0,0.0,0.0,0.0,36.0,False
Full-18,rf,5fold,0,realtime_alert,ali,75.74777777777778,0.74,0.125,1.877464987668271,False,0.0,0.0,0.0,0.0,36.0,False
Full-18,rf,5fold,1,medication_titration,szcore,204.5311111111111,0.98,0.08108108108108109,4.304197446517785,False,0.1,0.35202468518780083,4.0,3.0,40.0,False
Full-18,rf,5fold,1,medication_titration,ali,204.5311111111111,0.95,0.0,3.689312097015244,False,0.05,0.23468312345853387,2.0,2.0,40.0,False
Full-18,rf,5fold,1,realtime_alert,szcore,204.5311111111111,0.99,0.08108108108108109,1.844656048507622,False,0.1,0.23468312345853387,4.0,2.0,40.0,False
Full-18,rf,5fold,1,realtime_alert,ali,204.5311111111111,0.96,0.0,1.9215167171954397,False,0.05,0.23468312345853387,2.0,2.0,40.0,False
Full-18,rf,5fold,2,medication_titration,szcore,312.25333333333333,0.98,0.4,4.662146720499733,False,0.02702702702702703,1.844656048507622,1.0,24.0,37.0,False
Full-18,rf,5fold,2,medication_titration,ali,312.25333333333333,0.95,0.02857142857142857,4.799268682867372,False,0.0,1.306631367692899,0.0,17.0,37.0,False
Full-18,rf,5fold,2,realtime_alert,szcore,312.25333333333333,,,,False,,,,,,False
Full-18,rf,5fold,2,realtime_alert,ali,312.25333333333333,0.99,0.0,0.5484878494705568,False,0.0,0.0,0.0,0.0,37.0,False
Full-18,rf,5fold,3,medication_titration,szcore,175.02666666666667,0.74,0.4,4.737317024263084,False,0.45714285714285713,24.544831263807417,16.0,179.0,35.0,False
Full-18,rf,5fold,3,medication_titration,ali,175.02666666666667,0.61,0.0,4.331261279326248,False,0.4,18.64858688199893,14.0,136.0,35.0,False
Full-18,rf,5fold,3,realtime_alert,szcore,175.02666666666667,0.85,0.34285714285714286,1.7595748947262884,False,0.42857142857142855,10.147025215205302,15.0,74.0,35.0,False
Full-18,rf,5fold,3,realtime_alert,ali,175.02666666666667,0.71,0.0,1.8949268097052336,False,0.34285714285714286,7.130342043117238,12.0,52.0,35.0,False
Full-18,rf,5fold,4,medication_titration,szcore,177.31555555555556,0.51,0.0,4.435773693397679,False,0.45714285714285713,18.137156607178664,16.0,134.0,35.0,False
Full-18,rf,5fold,4,medication_titration,ali,177.31555555555556,0.33,0.0,3.8020917371980105,False,0.14285714285714285,24.498696611189093,5.0,181.0,35.0,False
Full-18,rf,5fold,4,realtime_alert,szcore,177.31555555555556,0.63,0.0,1.9010458685990053,False,0.34285714285714286,10.692801283336676,12.0,79.0,35.0,False
Full-18,rf,5fold,4,realtime_alert,ali,177.31555555555556,0.36,0.0,1.584204890499171,False,0.02857142857142857,20.57349107679968,1.0,152.0,35.0,False
Full-18,rf,loo,chb16,medication_titration,szcore,19.0,0.78,0.6190476190476191,4.844164045301905,True,0.0,5.052631578947369,0.0,4.0,10.0,False
Full-18,rf,loo,chb16,medication_titration,ali,19.0,0.63,0.5238095238095238,4.461730041725438,False,0.0,12.631578947368421,0.0,10.0,10.0,False
Full-18,rf,loo,chb16,realtime_alert,szcore,19.0,0.86,0.6190476190476191,1.7846920166901752,False,0.0,1.2631578947368423,0.0,1.0,10.0,False
Full-18,rf,loo,chb16,realtime_alert,ali,19.0,0.73,0.5238095238095238,1.9121700178823307,False,0.0,0.0,0.0,0.0,10.0,False
Full-18,rf,loo,chb10,medication_titration,szcore,48.022222222222226,0.76,0.3,4.666086370885247,False,1.0,5.497454881999074,7.0,11.0,7.0,False
Full-18,rf,loo,chb10,medication_titration,ali,48.022222222222226,0.66,0.2,3.97989719869624,False,1.0,2.9986117538176766,7.0,6.0,7.0,True
Full-18,rf,loo,chb10,realtime_alert,szcore,48.022222222222226,0.84,0.3,1.9213296821292194,False,1.0,1.4993058769088383,7.0,3.0,7.0,True
Full-18,rf,loo,chb10,realtime_alert,ali,48.022222222222226,0.72,0.2,1.784091847691418,False,0.8571428571428571,0.9995372512725589,6.0,2.0,7.0,True
Full-18,rf,loo,chb01+21,medication_titration,szcore,72.38,0.85,0.22727272727272727,4.250957367424086,False,0.2,0.0,2.0,0.0,10.0,False
Full-18,rf,loo,chb01+21,medication_titration,ali,72.38,0.7,0.18181818181818182,4.605203814709427,False,0.0,0.6631666206134291,0.0,2.0,10.0,False
Full-18,rf,loo,chb01+21,realtime_alert,szcore,72.38,0.9,0.22727272727272727,1.5941090127840325,False,0.2,0.0,2.0,0.0,10.0,False
Full-18,rf,loo,chb01+21,realtime_alert,ali,72.38,0.76,0.18181818181818182,1.948355460069373,False,0.0,0.6631666206134291,0.0,2.0,10.0,False
Full-18,rf,loo,chb09,medication_titration,szcore,67.86555555555556,0.78,0.09523809523809523,4.710551854234589,False,1.0,10.609211021791449,4.0,30.0,4.0,False
Full-18,rf,loo,chb09,medication_titration,ali,67.86555555555556,0.65,0.0,4.47502426152286,False,1.0,10.962851389184497,4.0,31.0,4.0,False
Full-18,rf,loo,chb09,realtime_alert,szcore,67.86555555555556,0.86,0.09523809523809523,1.8842207416938357,False,1.0,3.8900440413235313,4.0,11.0,4.0,False
Full-18,rf,loo,chb09,realtime_alert,ali,67.86555555555556,0.72,0.0,1.4131655562703769,False,1.0,4.597324776109628,4.0,13.0,4.0,False
Full-18,rf,loo,chb18,medication_titration,szcore,34.63333333333333,0.74,0.08695652173913043,3.8599459131035636,False,0.0,1.3859480269489894,0.0,2.0,6.0,False
Full-18,rf,loo,chb18,medication_titration,ali,34.63333333333333,0.55,0.0,4.889264823264514,False,0.0,0.0,0.0,0.0,6.0,False
Full-18,rf,loo,chb18,realtime_alert,szcore,34.63333333333333,0.81,0.08695652173913043,1.5439783652414254,False,0.0,0.0,0.0,0.0,6.0,False
Full-18,rf,loo,chb18,realtime_alert,ali,34.63333333333333,0.63,0.0,1.801308092781663,False,0.0,0.0,0.0,0.0,6.0,False
Full-18,rf,loo,chb13,medication_titration,szcore,33.0,0.98,0.05263157894736842,3.428603441675459,False,0.0,0.7272727272727273,0.0,1.0,12.0,False
Full-18,rf,loo,chb13,medication_titration,ali,33.0,0.94,0.0,3.226920886282785,False,0.0,0.0,0.0,0.0,12.0,False
Full-18,rf,loo,chb13,realtime_alert,szcore,33.0,0.99,0.05263157894736842,0.8067302215706963,False,0.0,0.7272727272727273,0.0,1.0,12.0,False
Full-18,rf,loo,chb13,realtime_alert,ali,33.0,0.95,0.0,0.8067302215706963,False,0.0,0.0,0.0,0.0,12.0,False
Full-18,rf,loo,chb02,medication_titration,szcore,34.26555555555556,0.97,0.0,4.337309809147415,False,0.0,0.7004118162067511,0.0,1.0,3.0,False
Full-18,rf,loo,chb02,medication_titration,ali,34.26555555555556,0.93,0.0,2.9572566880550557,False,0.0,0.0,0.0,0.0,3.0,False
Full-18,rf,loo,chb02,realtime_alert,szcore,34.26555555555556,0.98,0.0,1.7743540128330335,False,0.0,0.0,0.0,0.0,3.0,False
Full-18,rf,loo,chb02,realtime_alert,ali,34.26555555555556,0.94,0.0,1.5772035669626965,False,0.0,0.0,0.0,0.0,3.0,False
Full-18,rf,loo,chb14,medication_titration,szcore,26.0,0.98,0.0,4.5353032125064425,False,0.0,0.0,0.0,0.0,8.0,False
Full-18,rf,loo,chb14,medication_titration,ali,26.0,0.94,0.0,3.9168527744373822,False,0.0,0.0,0.0,0.0,8.0,False
Full-18,rf,loo,chb14,realtime_alert,szcore,26.0,0.99,0.0,1.4430510221611408,False,0.0,0.0,0.0,0.0,8.0,False
Full-18,rf,loo,chb14,realtime_alert,ali,26.0,0.96,0.0,1.2369008761381206,False,0.0,0.0,0.0,0.0,8.0,False
Full-18,rf,loo,chb06,medication_titration,szcore,58.733333333333334,0.42,0.2972972972972973,4.926507856056767,False,1.0,250.07945516458568,8.0,612.0,8.0,False
Full-18,rf,loo,chb06,medication_titration,ali,58.733333333333334,0.31,0.1891891891891892,4.926507856056767,False,0.625,520.1816118047673,5.0,1273.0,8.0,False
Full-18,rf,loo,chb06,realtime_alert,szcore,58.733333333333334,0.64,0.16216216216216217,1.9158641662442981,False,0.875,222.29284903518726,7.0,544.0,8.0,False
Full-18,rf,loo,chb06,realtime_alert,ali,58.733333333333334,0.56,0.08108108108108109,1.6421692853522556,False,0.125,627.6503972758229,1.0,1536.0,8.0,False
Full-18,rf,loo,chb03,medication_titration,szcore,37.00111111111111,0.34,0.14705882352941177,4.743830879951345,False,1.0,11.675325065313354,7.0,18.0,7.0,False
Full-18,rf,loo,chb03,medication_titration,ali,37.00111111111111,0.27,0.08823529411764706,4.37892081226278,False,0.42857142857142855,9.729437554427795,3.0,15.0,7.0,False
Full-18,rf,loo,chb03,realtime_alert,szcore,37.00111111111111,0.42,0.14705882352941177,1.9461870276723467,False,1.0,1.9458875108855591,7.0,3.0,7.0,True
Full-18,rf,loo,chb03,realtime_alert,ali,37.00111111111111,0.32,0.08823529411764706,1.9461870276723467,False,0.2857142857142857,4.540404192066305,2.0,7.0,7.0,False
Full-18,rf,loo,chb12,medication_titration,szcore,20.685555555555556,0.97,0.6666666666666666,4.696551617028105,True,0.0,0.0,0.0,0.0,27.0,False
Full-18,rf,loo,chb12,medication_titration,ali,20.685555555555556,0.92,0.16666666666666666,4.808374274576393,False,0.0,0.0,0.0,0.0,27.0,False
Full-18,rf,loo,chb12,realtime_alert,szcore,20.685555555555556,0.99,0.6666666666666666,1.2300492330311705,False,0.0,0.0,0.0,0.0,27.0,False
Full-18,rf,loo,chb12,realtime_alert,ali,20.685555555555556,0.98,0.0,1.2300492330311705,False,0.0,0.0,0.0,0.0,27.0,False
Full-18,rf,loo,chb22,medication_titration,szcore,30.002222222222223,0.97,0.5,3.821079413310301,False,1.0,0.0,3.0,0.0,3.0,True
Full-18,rf,loo,chb22,medication_titration,ali,30.002222222222223,0.92,0.0,4.72015692232449,False,0.3333333333333333,1.5998814902599807,1.0,2.0,3.0,False
Full-18,rf,loo,chb22,realtime_alert,szcore,30.002222222222223,0.99,0.4166666666666667,1.0114621976409621,False,1.0,0.0,3.0,0.0,3.0,True
Full-18,rf,loo,chb22,realtime_alert,ali,30.002222222222223,0.96,0.0,1.9105397066551506,False,0.0,2.3998222353899714,0.0,3.0,3.0,False
Full-18,rf,loo,chb04,medication_titration,szcore,146.6211111111111,0.99,0.45454545454545453,4.1208791208791204,False,0.0,0.0,0.0,0.0,4.0,False
Full-18,rf,loo,chb04,medication_titration,ali,146.6211111111111,0.97,0.0,4.395604395604395,False,0.0,0.0,0.0,0.0,4.0,False
Full-18,rf,loo,chb04,realtime_alert,szcore,146.6211111111111,,,,False,,,,,,False
Full-18,rf,loo,chb04,realtime_alert,ali,146.6211111111111,0.99,0.0,1.923076923076923,False,0.0,0.0,0.0,0.0,4.0,False
Full-18,rf,loo,chb05,medication_titration,szcore,38.00222222222222,0.46,0.8461538461538461,4.742249934135418,True,1.0,206.5142389333957,5.0,327.0,5.0,False
Full-18,rf,loo,chb05,medication_titration,ali,38.00222222222222,0.31,0.38461538461538464,4.742249934135418,False,1.0,436.3955324250044,5.0,691.0,5.0,False
Full-18,rf,loo,chb05,realtime_alert,szcore,38.00222222222222,0.58,0.6153846153846154,1.5807499780451393,False,1.0,169.88480205835916,5.0,269.0,5.0,False
Full-18,rf,loo,chb05,realtime_alert,ali,38.00222222222222,0.56,0.07692307692307693,1.8968999736541672,False,0.8,204.61961288813518,4.0,324.0,5.0,False
Full-18,rf,loo,chb19,medication_titration,szcore,28.92888888888889,0.63,0.6923076923076923,4.569420035149385,True,1.0,0.0,3.0,0.0,3.0,True
Full-18,rf,loo,chb19,medication_titration,ali,28.92888888888889,0.55,0.11538461538461539,4.92091388400703,False,0.0,2.4888615762789983,0.0,3.0,3.0,False
Full-18,rf,loo,chb19,realtime_alert,szcore,28.92888888888889,0.8,0.2692307692307692,1.757469244288225,False,1.0,0.0,3.0,0.0,3.0,True
Full-18,rf,loo,chb19,realtime_alert,ali,28.92888888888889,0.65,0.07692307692307693,1.757469244288225,False,0.0,2.4888615762789983,0.0,3.0,3.0,False
Full-18,rf,loo,chb17,medication_titration,szcore,20.42888888888889,0.79,0.35714285714285715,4.951613695534705,False,0.0,0.0,0.0,0.0,3.0,False
Full-18,rf,loo,chb17,medication_titration,ali,20.42888888888889,0.59,0.07142857142857142,4.951613695534705,False,0.0,0.0,0.0,0.0,3.0,False
Full-18,rf,loo,chb17,realtime_alert,szcore,20.42888888888889,0.87,0.32142857142857145,1.7684334626909661,False,0.0,0.0,0.0,0.0,3.0,False
Full-18,rf,loo,chb17,realtime_alert,ali,20.42888888888889,0.84,0.0,1.7684334626909661,False,0.0,0.0,0.0,0.0,3.0,False
Full-18,rf,loo,chb23,medication_titration,szcore,26.555555555555557,0.64,0.7307692307692307,4.415629928158402,True,0.5714285714285714,3.615062761506276,4.0,4.0,7.0,False
Full-18,rf,loo,chb23,medication_titration,ali,26.555555555555557,0.57,0.15384615384615385,4.731032065884002,False,0.0,1.807531380753138,0.0,2.0,7.0,False
Full-18,rf,loo,chb23,realtime_alert,szcore,26.555555555555557,0.71,0.6153846153846154,1.8924128263536009,False,0.14285714285714285,0.0,1.0,0.0,7.0,False
Full-18,rf,loo,chb23,realtime_alert,ali,26.555555555555557,0.75,0.11538461538461539,1.8924128263536009,False,0.0,0.0,0.0,0.0,7.0,False
Full-18,rf,loo,chb24,medication_titration,szcore,21.295555555555556,0.57,0.3,4.809788341185571,False,1.0,18.031931545445058,16.0,16.0,16.0,False
Full-18,rf,loo,chb24,medication_titration,ali,21.295555555555556,0.45,0.06666666666666667,4.809788341185571,False,0.1875,15.777940102264427,3.0,14.0,16.0,False
Full-18,rf,loo,chb24,realtime_alert,szcore,21.295555555555556,0.67,0.3,1.7720272835946838,False,0.625,5.634978607951581,10.0,5.0,16.0,False
Full-18,rf,loo,chb24,realtime_alert,ali,21.295555555555556,0.72,0.03333333333333333,1.7720272835946838,False,0.125,2.2539914431806323,2.0,2.0,16.0,False
Full-18,rf,loo,chb08,medication_titration,szcore,20.005555555555556,0.39,0.21212121212121213,4.6875,False,1.0,103.17134129408498,5.0,86.0,5.0,False
Full-18,rf,loo,chb08,medication_titration,ali,20.005555555555556,0.3,0.12121212121212122,4.6875,False,0.4,91.17467370174951,2.0,76.0,5.0,False
Full-18,rf,loo,chb08,realtime_alert,szcore,20.005555555555556,0.47,0.15151515151515152,1.875,False,1.0,59.983337961677314,5.0,50.0,5.0,False
Full-18,rf,loo,chb08,realtime_alert,ali,20.005555555555556,0.36,0.12121212121212122,1.875,False,0.4,46.7870036101083,2.0,39.0,5.0,False
Full-18,rf,loo,chb11,medication_titration,szcore,34.79222222222222,0.49,0.06666666666666667,4.547767348012984,False,1.0,0.6898093443617667,5.0,1.0,5.0,True
Full-18,rf,loo,chb11,medication_titration,ali,34.79222222222222,0.34,0.06666666666666667,4.737257654180191,False,0.6,2.7592373774470667,3.0,4.0,5.0,True
Full-18,rf,loo,chb11,realtime_alert,szcore,34.79222222222222,0.6,0.06666666666666667,1.8949030616720766,False,1.0,0.6898093443617667,5.0,1.0,5.0,True
Full-18,rf,loo,chb11,realtime_alert,ali,34.79222222222222,0.41,0.06666666666666667,1.8949030616720766,False,0.6,0.6898093443617667,3.0,1.0,5.0,False
Full-18,rf,loo,chb15,medication_titration,szcore,40.00888888888889,0.81,0.1,4.770619044614123,False,0.0,0.0,0.0,0.0,20.0,False
Full-18,rf,loo,chb15,medication_titration,ali,40.00888888888889,0.63,0.1,4.543446709156307,False,0.0,0.0,0.0,0.0,20.0,False
Full-18,rf,loo,chb15,realtime_alert,szcore,40.00888888888889,0.89,0.1,1.5902063482047075,False,0.0,0.0,0.0,0.0,20.0,False
Full-18,rf,loo,chb15,realtime_alert,ali,40.00888888888889,0.71,0.05,1.817378683662523,False,0.0,0.0,0.0,0.0,20.0,False
Full-18,rf,loo,chb20,medication_titration,szcore,27.59888888888889,0.81,0.47368421052631576,4.37851986991354,False,0.0,0.8696002254519103,0.0,1.0,8.0,False
Full-18,rf,loo,chb20,medication_titration,ali,27.59888888888889,0.68,0.3684210526315789,4.7592607281668915,False,0.0,0.0,0.0,0.0,8.0,False
Full-18,rf,loo,chb20,realtime_alert,szcore,27.59888888888889,0.85,0.47368421052631576,1.9037042912667566,False,0.0,0.0,0.0,0.0,8.0,False
Full-18,rf,loo,chb20,realtime_alert,ali,27.59888888888889,0.76,0.21052631578947367,1.9037042912667566,False,0.0,0.0,0.0,0.0,8.0,False
Full-18,rf,loo,chb07,medication_titration,szcore,59.047777777777775,0.7,0.3333333333333333,4.992746807798376,False,1.0,3.2516041623544023,2.0,8.0,2.0,True
Full-18,rf,loo,chb07,medication_titration,ali,59.047777777777775,0.58,0.25925925925925924,4.1319283926607255,False,1.0,0.8129010405886006,2.0,2.0,2.0,True
Full-18,rf,loo,chb07,realtime_alert,szcore,59.047777777777775,0.75,0.3333333333333333,1.7216368302753022,False,1.0,3.2516041623544023,2.0,8.0,2.0,False
Full-18,rf,loo,chb07,realtime_alert,ali,59.047777777777775,0.63,0.25925925925925924,1.7216368302753022,False,1.0,0.8129010405886006,2.0,2.0,2.0,True
Full-18,lr,5fold,0,medication_titration,szcore,75.74777777777778,,,,False,,,,,,False
Full-18,lr,5fold,0,medication_titration,ali,75.74777777777778,,,,False,,,,,,False
Full-18,lr,5fold,0,realtime_alert,szcore,75.74777777777778,,,,False,,,,,,False
Full-18,lr,5fold,0,realtime_alert,ali,75.74777777777778,,,,False,,,,,,False
Full-18,lr,5fold,1,medication_titration,szcore,204.5311111111111,,,,False,,,,,,False
Full-18,lr,5fold,1,medication_titration,ali,204.5311111111111,,,,False,,,,,,False
Full-18,lr,5fold,1,realtime_alert,szcore,204.5311111111111,,,,False,,,,,,False
Full-18,lr,5fold,1,realtime_alert,ali,204.5311111111111,,,,False,,,,,,False
Full-18,lr,5fold,2,medication_titration,szcore,312.25333333333333,,,,False,,,,,,False
Full-18,lr,5fold,2,medication_titration,ali,312.25333333333333,,,,False,,,,,,False
Full-18,lr,5fold,2,realtime_alert,szcore,312.25333333333333,,,,False,,,,,,False
Full-18,lr,5fold,2,realtime_alert,ali,312.25333333333333,,,,False,,,,,,False
Full-18,lr,5fold,3,medication_titration,szcore,175.02666666666667,,,,False,,,,,,False
Full-18,lr,5fold,3,medication_titration,ali,175.02666666666667,,,,False,,,,,,False
Full-18,lr,5fold,3,realtime_alert,szcore,175.02666666666667,,,,False,,,,,,False
Full-18,lr,5fold,3,realtime_alert,ali,175.02666666666667,,,,False,,,,,,False
Full-18,lr,5fold,4,medication_titration,szcore,177.31555555555556,,,,False,,,,,,False
Full-18,lr,5fold,4,medication_titration,ali,177.31555555555556,0.98,0.0,3.8020917371980105,False,0.0,5.820132344094646,0.0,43.0,35.0,False
Full-18,lr,5fold,4,realtime_alert,szcore,177.31555555555556,,,,False,,,,,,False
Full-18,lr,5fold,4,realtime_alert,ali,177.31555555555556,,,,False,,,,,,False
Full-18,lr,loo,chb16,medication_titration,szcore,19.0,,,,False,,,,,,False
Full-18,lr,loo,chb16,medication_titration,ali,19.0,,,,False,,,,,,False
Full-18,lr,loo,chb16,realtime_alert,szcore,19.0,,,,False,,,,,,False
Full-18,lr,loo,chb16,realtime_alert,ali,19.0,,,,False,,,,,,False
Full-18,lr,loo,chb10,medication_titration,szcore,48.022222222222226,,,,False,,,,,,False
Full-18,lr,loo,chb10,medication_titration,ali,48.022222222222226,,,,False,,,,,,False
Full-18,lr,loo,chb10,realtime_alert,szcore,48.022222222222226,,,,False,,,,,,False
Full-18,lr,loo,chb10,realtime_alert,ali,48.022222222222226,,,,False,,,,,,False
Full-18,lr,loo,chb01+21,medication_titration,szcore,72.38,,,,False,,,,,,False
Full-18,lr,loo,chb01+21,medication_titration,ali,72.38,0.99,0.18181818181818182,4.605203814709427,False,0.0,7.626416137054435,0.0,23.0,10.0,False
Full-18,lr,loo,chb01+21,realtime_alert,szcore,72.38,,,,False,,,,,,False
Full-18,lr,loo,chb01+21,realtime_alert,ali,72.38,,,,False,,,,,,False
Full-18,lr,loo,chb09,medication_titration,szcore,67.86555555555556,,,,False,,,,,,False
Full-18,lr,loo,chb09,medication_titration,ali,67.86555555555556,0.99,0.0,1.6486931489821064,False,1.0,13.084693593542788,4.0,37.0,4.0,False
Full-18,lr,loo,chb09,realtime_alert,szcore,67.86555555555556,,,,False,,,,,,False
Full-18,lr,loo,chb09,realtime_alert,ali,67.86555555555556,0.99,0.0,1.6486931489821064,False,1.0,13.084693593542788,4.0,37.0,4.0,False
Full-18,lr,loo,chb18,medication_titration,szcore,34.63333333333333,,,,False,,,,,,False
Full-18,lr,loo,chb18,medication_titration,ali,34.63333333333333,0.98,0.0,4.631935095724276,False,0.0,0.0,0.0,0.0,6.0,False
Full-18,lr,loo,chb18,realtime_alert,szcore,34.63333333333333,,,,False,,,,,,False
Full-18,lr,loo,chb18,realtime_alert,ali,34.63333333333333,,,,False,,,,,,False
Full-18,lr,loo,chb13,medication_titration,szcore,33.0,,,,False,,,,,,False
Full-18,lr,loo,chb13,medication_titration,ali,33.0,0.99,0.0,3.630285997068133,False,0.0,6.545454545454546,0.0,9.0,12.0,False
Full-18,lr,loo,chb13,realtime_alert,szcore,33.0,,,,False,,,,,,False
Full-18,lr,loo,chb13,realtime_alert,ali,33.0,,,,False,,,,,,False
Full-18,lr,loo,chb02,medication_titration,szcore,34.26555555555556,,,,False,,,,,,False
Full-18,lr,loo,chb02,medication_titration,ali,34.26555555555556,0.99,0.0,3.154407133925393,False,0.0,2.1012354486202534,0.0,3.0,3.0,False
Full-18,lr,loo,chb02,realtime_alert,szcore,34.26555555555556,,,,False,,,,,,False
Full-18,lr,loo,chb02,realtime_alert,ali,34.26555555555556,,,,False,,,,,,False
Full-18,lr,loo,chb14,medication_titration,szcore,26.0,,,,False,,,,,,False
Full-18,lr,loo,chb14,medication_titration,ali,26.0,0.99,0.0,2.6799518982992616,False,0.0,2.7692307692307696,0.0,3.0,8.0,False
Full-18,lr,loo,chb14,realtime_alert,szcore,26.0,,,,False,,,,,,False
Full-18,lr,loo,chb14,realtime_alert,ali,26.0,,,,False,,,,,,False
Full-18,lr,loo,chb06,medication_titration,szcore,58.733333333333334,,,,False,,,,,,False
Full-18,lr,loo,chb06,medication_titration,ali,58.733333333333334,0.97,0.0,3.284338570704511,False,0.0,19.20544835414302,0.0,47.0,8.0,False
Full-18,lr,loo,chb06,realtime_alert,szcore,58.733333333333334,,,,False,,,,,,False
Full-18,lr,loo,chb06,realtime_alert,ali,58.733333333333334,0.99,0.0,1.0947795235681703,False,0.0,4.086265607264472,0.0,10.0,8.0,False
Full-18,lr,loo,chb03,medication_titration,szcore,37.00111111111111,,,,False,,,,,,False
Full-18,lr,loo,chb03,medication_titration,ali,37.00111111111111,,,,False,,,,,,False
Full-18,lr,loo,chb03,realtime_alert,szcore,37.00111111111111,,,,False,,,,,,False
Full-18,lr,loo,chb03,realtime_alert,ali,37.00111111111111,,,,False,,,,,,False
Full-18,lr,loo,chb12,medication_titration,szcore,20.685555555555556,,,,False,,,,,,False
Full-18,lr,loo,chb12,medication_titration,ali,20.685555555555556,,,,False,,,,,,False
Full-18,lr,loo,chb12,realtime_alert,szcore,20.685555555555556,,,,False,,,,,,False
Full-18,lr,loo,chb12,realtime_alert,ali,20.685555555555556,,,,False,,,,,,False
Full-18,lr,loo,chb22,medication_titration,szcore,30.002222222222223,,,,False,,,,,,False
Full-18,lr,loo,chb22,medication_titration,ali,30.002222222222223,,,,False,,,,,,False
Full-18,lr,loo,chb22,realtime_alert,szcore,30.002222222222223,,,,False,,,,,,False
Full-18,lr,loo,chb22,realtime_alert,ali,30.002222222222223,,,,False,,,,,,False
Full-18,lr,loo,chb04,medication_titration,szcore,146.6211111111111,,,,False,,,,,,False
Full-18,lr,loo,chb04,medication_titration,ali,146.6211111111111,,,,False,,,,,,False
Full-18,lr,loo,chb04,realtime_alert,szcore,146.6211111111111,,,,False,,,,,,False
Full-18,lr,loo,chb04,realtime_alert,ali,146.6211111111111,,,,False,,,,,,False
Full-18,lr,loo,chb05,medication_titration,szcore,38.00222222222222,0.98,0.46153846153846156,4.742249934135418,False,1.0,109.2567686100228,5.0,173.0,5.0,False
Full-18,lr,loo,chb05,medication_titration,ali,38.00222222222222,0.95,0.0,4.109949942917362,False,0.6,250.72217998947428,3.0,397.0,5.0,False
Full-18,lr,loo,chb05,realtime_alert,szcore,38.00222222222222,,,,False,,,,,,False
Full-18,lr,loo,chb05,realtime_alert,ali,38.00222222222222,0.98,0.0,1.8968999736541672,False,0.4,109.88831062510964,2.0,174.0,5.0,False
Full-18,lr,loo,chb19,medication_titration,szcore,28.92888888888889,,,,False,,,,,,False
Full-18,lr,loo,chb19,medication_titration,ali,28.92888888888889,,,,False,,,,,,False
Full-18,lr,loo,chb19,realtime_alert,szcore,28.92888888888889,,,,False,,,,,,False
Full-18,lr,loo,chb19,realtime_alert,ali,28.92888888888889,,,,False,,,,,,False
Full-18,lr,loo,chb17,medication_titration,szcore,20.42888888888889,,,,False,,,,,,False
Full-18,lr,loo,chb17,medication_titration,ali,20.42888888888889,,,,False,,,,,,False
Full-18,lr,loo,chb17,realtime_alert,szcore,20.42888888888889,,,,False,,,,,,False
Full-18,lr,loo,chb17,realtime_alert,ali,20.42888888888889,,,,False,,,,,,False
Full-18,lr,loo,chb23,medication_titration,szcore,26.555555555555557,,,,False,,,,,,False
Full-18,lr,loo,chb23,medication_titration,ali,26.555555555555557,,,,False,,,,,,False
Full-18,lr,loo,chb23,realtime_alert,szcore,26.555555555555557,,,,False,,,,,,False
Full-18,lr,loo,chb23,realtime_alert,ali,26.555555555555557,,,,False,,,,,,False
Full-18,lr,loo,chb24,medication_titration,szcore,21.295555555555556,,,,False,,,,,,False
Full-18,lr,loo,chb24,medication_titration,ali,21.295555555555556,,,,False,,,,,,False
Full-18,lr,loo,chb24,realtime_alert,szcore,21.295555555555556,,,,False,,,,,,False
Full-18,lr,loo,chb24,realtime_alert,ali,21.295555555555556,,,,False,,,,,,False
Full-18,lr,loo,chb08,medication_titration,szcore,20.005555555555556,,,,False,,,,,,False
Full-18,lr,loo,chb08,medication_titration,ali,20.005555555555556,,,,False,,,,,,False
Full-18,lr,loo,chb08,realtime_alert,szcore,20.005555555555556,,,,False,,,,,,False
Full-18,lr,loo,chb08,realtime_alert,ali,20.005555555555556,,,,False,,,,,,False
Full-18,lr,loo,chb11,medication_titration,szcore,34.79222222222222,,,,False,,,,,,False
Full-18,lr,loo,chb11,medication_titration,ali,34.79222222222222,0.98,0.0,3.789806123344153,False,0.2,124.85549132947976,1.0,181.0,5.0,False
Full-18,lr,loo,chb11,realtime_alert,szcore,34.79222222222222,,,,False,,,,,,False
Full-18,lr,loo,chb11,realtime_alert,ali,34.79222222222222,,,,False,,,,,,False
Full-18,lr,loo,chb15,medication_titration,szcore,40.00888888888889,,,,False,,,,,,False
Full-18,lr,loo,chb15,medication_titration,ali,40.00888888888889,,,,False,,,,,,False
Full-18,lr,loo,chb15,realtime_alert,szcore,40.00888888888889,,,,False,,,,,,False
Full-18,lr,loo,chb15,realtime_alert,ali,40.00888888888889,,,,False,,,,,,False
Full-18,lr,loo,chb20,medication_titration,szcore,27.59888888888889,,,,False,,,,,,False
Full-18,lr,loo,chb20,medication_titration,ali,27.59888888888889,,,,False,,,,,,False
Full-18,lr,loo,chb20,realtime_alert,szcore,27.59888888888889,,,,False,,,,,,False
Full-18,lr,loo,chb20,realtime_alert,ali,27.59888888888889,,,,False,,,,,,False
Full-18,lr,loo,chb07,medication_titration,szcore,59.047777777777775,,,,False,,,,,,False
Full-18,lr,loo,chb07,medication_titration,ali,59.047777777777775,,,,False,,,,,,False
Full-18,lr,loo,chb07,realtime_alert,szcore,59.047777777777775,,,,False,,,,,,False
Full-18,lr,loo,chb07,realtime_alert,ali,59.047777777777775,,,,False,,,,,,False
Full-18,mlp,5fold,0,medication_titration,szcore,75.74777777777778,,,,False,,,,,,False
Full-18,mlp,5fold,0,medication_titration,ali,75.74777777777778,,,,False,,,,,,False
Full-18,mlp,5fold,0,realtime_alert,szcore,75.74777777777778,,,,False,,,,,,False
Full-18,mlp,5fold,0,realtime_alert,ali,75.74777777777778,,,,False,,,,,,False
Full-18,mlp,5fold,1,medication_titration,szcore,204.5311111111111,,,,False,,,,,,False
Full-18,mlp,5fold,1,medication_titration,ali,204.5311111111111,,,,False,,,,,,False
Full-18,mlp,5fold,1,realtime_alert,szcore,204.5311111111111,,,,False,,,,,,False
Full-18,mlp,5fold,1,realtime_alert,ali,204.5311111111111,,,,False,,,,,,False
Full-18,mlp,5fold,2,medication_titration,szcore,312.25333333333333,,,,False,,,,,,False
Full-18,mlp,5fold,2,medication_titration,ali,312.25333333333333,,,,False,,,,,,False
Full-18,mlp,5fold,2,realtime_alert,szcore,312.25333333333333,,,,False,,,,,,False
Full-18,mlp,5fold,2,realtime_alert,ali,312.25333333333333,,,,False,,,,,,False
Full-18,mlp,5fold,3,medication_titration,szcore,175.02666666666667,,,,False,,,,,,False
Full-18,mlp,5fold,3,medication_titration,ali,175.02666666666667,,,,False,,,,,,False
Full-18,mlp,5fold,3,realtime_alert,szcore,175.02666666666667,,,,False,,,,,,False
Full-18,mlp,5fold,3,realtime_alert,ali,175.02666666666667,,,,False,,,,,,False
Full-18,mlp,5fold,4,medication_titration,szcore,177.31555555555556,,,,False,,,,,,False
Full-18,mlp,5fold,4,medication_titration,ali,177.31555555555556,0.91,0.0,4.752614671497513,False,0.0,5.278724684178865,0.0,39.0,35.0,False
Full-18,mlp,5fold,4,realtime_alert,szcore,177.31555555555556,,,,False,,,,,,False
Full-18,mlp,5fold,4,realtime_alert,ali,177.31555555555556,0.97,0.0,1.584204890499171,False,0.0,3.654501704431522,0.0,27.0,35.0,False
Full-18,mlp,loo,chb16,medication_titration,szcore,19.0,,,,False,,,,,,False
Full-18,mlp,loo,chb16,medication_titration,ali,19.0,,,,False,,,,,,False
Full-18,mlp,loo,chb16,realtime_alert,szcore,19.0,,,,False,,,,,,False
Full-18,mlp,loo,chb16,realtime_alert,ali,19.0,,,,False,,,,,,False
Full-18,mlp,loo,chb10,medication_titration,szcore,48.022222222222226,,,,False,,,,,,False
Full-18,mlp,loo,chb10,medication_titration,ali,48.022222222222226,,,,False,,,,,,False
Full-18,mlp,loo,chb10,realtime_alert,szcore,48.022222222222226,,,,False,,,,,,False
Full-18,mlp,loo,chb10,realtime_alert,ali,48.022222222222226,,,,False,,,,,,False
Full-18,mlp,loo,chb01+21,medication_titration,szcore,72.38,,,,False,,,,,,False
Full-18,mlp,loo,chb01+21,medication_titration,ali,72.38,,,,False,,,,,,False
Full-18,mlp,loo,chb01+21,realtime_alert,szcore,72.38,,,,False,,,,,,False
Full-18,mlp,loo,chb01+21,realtime_alert,ali,72.38,,,,False,,,,,,False
Full-18,mlp,loo,chb09,medication_titration,szcore,67.86555555555556,,,,False,,,,,,False
Full-18,mlp,loo,chb09,medication_titration,ali,67.86555555555556,,,,False,,,,,,False
Full-18,mlp,loo,chb09,realtime_alert,szcore,67.86555555555556,,,,False,,,,,,False
Full-18,mlp,loo,chb09,realtime_alert,ali,67.86555555555556,,,,False,,,,,,False
Full-18,mlp,loo,chb18,medication_titration,szcore,34.63333333333333,,,,False,,,,,,False
Full-18,mlp,loo,chb18,medication_titration,ali,34.63333333333333,0.96,0.0,4.374605368184039,False,0.0,1.3859480269489894,0.0,2.0,6.0,False
Full-18,mlp,loo,chb18,realtime_alert,szcore,34.63333333333333,,,,False,,,,,,False
Full-18,mlp,loo,chb18,realtime_alert,ali,34.63333333333333,,,,False,,,,,,False
Full-18,mlp,loo,chb13,medication_titration,szcore,33.0,,,,False,,,,,,False
Full-18,mlp,loo,chb13,medication_titration,ali,33.0,,,,False,,,,,,False
Full-18,mlp,loo,chb13,realtime_alert,szcore,33.0,,,,False,,,,,,False
Full-18,mlp,loo,chb13,realtime_alert,ali,33.0,,,,False,,,,,,False
Full-18,mlp,loo,chb02,medication_titration,szcore,34.26555555555556,,,,False,,,,,,False
Full-18,mlp,loo,chb02,medication_titration,ali,34.26555555555556,,,,False,,,,,,False
Full-18,mlp,loo,chb02,realtime_alert,szcore,34.26555555555556,,,,False,,,,,,False
Full-18,mlp,loo,chb02,realtime_alert,ali,34.26555555555556,,,,False,,,,,,False
Full-18,mlp,loo,chb14,medication_titration,szcore,26.0,,,,False,,,,,,False
Full-18,mlp,loo,chb14,medication_titration,ali,26.0,,,,False,,,,,,False
Full-18,mlp,loo,chb14,realtime_alert,szcore,26.0,,,,False,,,,,,False
Full-18,mlp,loo,chb14,realtime_alert,ali,26.0,,,,False,,,,,,False
Full-18,mlp,loo,chb06,medication_titration,szcore,58.733333333333334,,,,False,,,,,,False
Full-18,mlp,loo,chb06,medication_titration,ali,58.733333333333334,0.97,0.05405405405405406,4.926507856056767,False,0.25,709.7843359818388,2.0,1737.0,8.0,False
Full-18,mlp,loo,chb06,realtime_alert,szcore,58.733333333333334,,,,False,,,,,,False
Full-18,mlp,loo,chb06,realtime_alert,ali,58.733333333333334,,,,False,,,,,,False
Full-18,mlp,loo,chb03,medication_titration,szcore,37.00111111111111,,,,False,,,,,,False
Full-18,mlp,loo,chb03,medication_titration,ali,37.00111111111111,,,,False,,,,,,False
Full-18,mlp,loo,chb03,realtime_alert,szcore,37.00111111111111,,,,False,,,,,,False
Full-18,mlp,loo,chb03,realtime_alert,ali,37.00111111111111,,,,False,,,,,,False
Full-18,mlp,loo,chb12,medication_titration,szcore,20.685555555555556,,,,False,,,,,,False
Full-18,mlp,loo,chb12,medication_titration,ali,20.685555555555556,,,,False,,,,,,False
Full-18,mlp,loo,chb12,realtime_alert,szcore,20.685555555555556,,,,False,,,,,,False
Full-18,mlp,loo,chb12,realtime_alert,ali,20.685555555555556,,,,False,,,,,,False
Full-18,mlp,loo,chb22,medication_titration,szcore,30.002222222222223,,,,False,,,,,,False
Full-18,mlp,loo,chb22,medication_titration,ali,30.002222222222223,,,,False,,,,,,False
Full-18,mlp,loo,chb22,realtime_alert,szcore,30.002222222222223,,,,False,,,,,,False
Full-18,mlp,loo,chb22,realtime_alert,ali,30.002222222222223,,,,False,,,,,,False
Full-18,mlp,loo,chb04,medication_titration,szcore,146.6211111111111,,,,False,,,,,,False
Full-18,mlp,loo,chb04,medication_titration,ali,146.6211111111111,,,,False,,,,,,False
Full-18,mlp,loo,chb04,realtime_alert,szcore,146.6211111111111,,,,False,,,,,,False
Full-18,mlp,loo,chb04,realtime_alert,ali,146.6211111111111,,,,False,,,,,,False
Full-18,mlp,loo,chb05,medication_titration,szcore,38.00222222222222,0.99,0.6923076923076923,3.1614999560902786,True,1.0,140.83386936436466,5.0,223.0,5.0,False
Full-18,mlp,loo,chb05,medication_titration,ali,38.00222222222222,0.82,0.15384615384615385,4.42609993852639,False,1.0,174.93713817905385,5.0,277.0,5.0,False
Full-18,mlp,loo,chb05,realtime_alert,szcore,38.00222222222222,,,,False,,,,,,False
Full-18,mlp,loo,chb05,realtime_alert,ali,38.00222222222222,,,,False,,,,,,False
Full-18,mlp,loo,chb19,medication_titration,szcore,28.92888888888889,,,,False,,,,,,False
Full-18,mlp,loo,chb19,medication_titration,ali,28.92888888888889,,,,False,,,,,,False
Full-18,mlp,loo,chb19,realtime_alert,szcore,28.92888888888889,,,,False,,,,,,False
Full-18,mlp,loo,chb19,realtime_alert,ali,28.92888888888889,,,,False,,,,,,False
Full-18,mlp,loo,chb17,medication_titration,szcore,20.42888888888889,,,,False,,,,,,False
Full-18,mlp,loo,chb17,medication_titration,ali,20.42888888888889,,,,False,,,,,,False
Full-18,mlp,loo,chb17,realtime_alert,szcore,20.42888888888889,,,,False,,,,,,False
Full-18,mlp,loo,chb17,realtime_alert,ali,20.42888888888889,,,,False,,,,,,False
Full-18,mlp,loo,chb23,medication_titration,szcore,26.555555555555557,,,,False,,,,,,False
Full-18,mlp,loo,chb23,medication_titration,ali,26.555555555555557,,,,False,,,,,,False
Full-18,mlp,loo,chb23,realtime_alert,szcore,26.555555555555557,,,,False,,,,,,False
Full-18,mlp,loo,chb23,realtime_alert,ali,26.555555555555557,,,,False,,,,,,False
Full-18,mlp,loo,chb24,medication_titration,szcore,21.295555555555556,0.99,0.3333333333333333,3.5440545671893675,False,1.0,49.587811749973916,16.0,44.0,16.0,False
Full-18,mlp,loo,chb24,medication_titration,ali,21.295555555555556,0.86,0.1,4.809788341185571,False,0.125,37.190858812480435,2.0,33.0,16.0,False
Full-18,mlp,loo,chb24,realtime_alert,szcore,21.295555555555556,,,,False,,,,,,False
Full-18,mlp,loo,chb24,realtime_alert,ali,21.295555555555556,,,,False,,,,,,False
Full-18,mlp,loo,chb08,medication_titration,szcore,20.005555555555556,,,,False,,,,,,False
Full-18,mlp,loo,chb08,medication_titration,ali,20.005555555555556,0.88,0.09090909090909091,4.453125,False,0.0,5.998333796167731,0.0,5.0,5.0,False
Full-18,mlp,loo,chb08,realtime_alert,szcore,20.005555555555556,,,,False,,,,,,False
Full-18,mlp,loo,chb08,realtime_alert,ali,20.005555555555556,0.99,0.06060606060606061,1.640625,False,0.0,5.998333796167731,0.0,5.0,5.0,False
Full-18,mlp,loo,chb11,medication_titration,szcore,34.79222222222222,,,,False,,,,,,False
Full-18,mlp,loo,chb11,medication_titration,ali,34.79222222222222,0.97,0.06666666666666667,4.358277041845776,False,0.2,5.518474754894133,1.0,8.0,5.0,False
Full-18,mlp,loo,chb11,realtime_alert,szcore,34.79222222222222,,,,False,,,,,,False
Full-18,mlp,loo,chb11,realtime_alert,ali,34.79222222222222,,,,False,,,,,,False
Full-18,mlp,loo,chb15,medication_titration,szcore,40.00888888888889,,,,False,,,,,,False
Full-18,mlp,loo,chb15,medication_titration,ali,40.00888888888889,,,,False,,,,,,False
Full-18,mlp,loo,chb15,realtime_alert,szcore,40.00888888888889,,,,False,,,,,,False
Full-18,mlp,loo,chb15,realtime_alert,ali,40.00888888888889,,,,False,,,,,,False
Full-18,mlp,loo,chb20,medication_titration,szcore,27.59888888888889,,,,False,,,,,,False
Full-18,mlp,loo,chb20,medication_titration,ali,27.59888888888889,,,,False,,,,,,False
Full-18,mlp,loo,chb20,realtime_alert,szcore,27.59888888888889,,,,False,,,,,,False
Full-18,mlp,loo,chb20,realtime_alert,ali,27.59888888888889,,,,False,,,,,,False
Full-18,mlp,loo,chb07,medication_titration,szcore,59.047777777777775,,,,False,,,,,,False
Full-18,mlp,loo,chb07,medication_titration,ali,59.047777777777775,0.87,0.07407407407407407,4.992746807798376,False,1.0,6.909658845003105,2.0,17.0,2.0,False
Full-18,mlp,loo,chb07,realtime_alert,szcore,59.047777777777775,,,,False,,,,,,False
Full-18,mlp,loo,chb07,realtime_alert,ali,59.047777777777775,,,,False,,,,,,False
Glass-7,rf,5fold,0,medication_titration,szcore,73.74555555555555,0.77,0.275,4.4808874428151855,False,0.2222222222222222,1.627216706091516,8.0,5.0,36.0,False
Glass-7,rf,5fold,0,medication_titration,ali,73.74555555555555,0.61,0.15,4.716723624015985,False,0.05555555555555555,2.603546729746425,2.0,8.0,36.0,False
Glass-7,rf,5fold,0,realtime_alert,szcore,73.74555555555555,0.88,0.275,1.7687713590059944,False,0.1388888888888889,0.0,5.0,0.0,36.0,False
Glass-7,rf,5fold,0,realtime_alert,ali,73.74555555555555,0.79,0.125,1.886689449606394,False,0.0,1.627216706091516,0.0,5.0,36.0,False
Glass-7,rf,5fold,1,medication_titration,szcore,203.5311111111111,0.91,0.5945945945945946,4.842222127332508,False,0.225,7.546757798425576,9.0,64.0,40.0,False
Glass-7,rf,5fold,1,medication_titration,ali,203.5311111111111,0.72,0.16216216216216217,4.765361458644691,False,0.15,40.32798698533667,6.0,342.0,40.0,False
Glass-7,rf,5fold,1,realtime_alert,szcore,203.5311111111111,0.97,0.4864864864864865,1.7677953798198045,False,0.15,1.1791809060039962,6.0,10.0,40.0,False
Glass-7,rf,5fold,1,realtime_alert,ali,203.5311111111111,0.84,0.10810810810810811,1.9983773858832572,False,0.125,10.966382425837166,5.0,93.0,40.0,False
Glass-7,rf,5fold,2,medication_titration,szcore,312.25333333333333,0.96,0.45454545454545453,4.705062298510064,False,0.5135135135135135,2.459541398010163,19.0,32.0,37.0,False
Glass-7,rf,5fold,2,medication_titration,ali,312.25333333333333,0.89,0.36363636363636365,4.861897708460399,False,0.08108108108108109,1.5372133737563516,3.0,20.0,37.0,False
Glass-7,rf,5fold,2,realtime_alert,szcore,312.25333333333333,0.99,0.3939393939393939,0.6273416398013418,False,0.16216216216216217,0.4611640121269055,6.0,6.0,37.0,False
Glass-7,rf,5fold,2,realtime_alert,ali,312.25333333333333,0.96,0.15151515151515152,1.72518950945369,False,0.02702702702702703,0.6917460181903583,1.0,9.0,37.0,False
Glass-7,rf,5fold,3,medication_titration,szcore,153.02666666666667,0.72,0.6060606060606061,4.956528390403101,True,0.48484848484848486,36.54265051842816,16.0,233.0,33.0,False
Glass-7,rf,5fold,3,medication_titration,ali,153.02666666666667,0.49,0.3333333333333333,4.818847046225237,False,0.48484848484848486,58.656443321425456,16.0,374.0,33.0,False
Glass-7,rf,5fold,3,realtime_alert,szcore,153.02666666666667,0.82,0.5454545454545454,1.7898574743122306,False,0.45454545454545453,19.133920013940926,15.0,122.0,33.0,False
Glass-7,rf,5fold,3,realtime_alert,ali,153.02666666666667,0.79,0.09090909090909091,1.9275388184900946,False,0.36363636363636365,4.391391478609393,12.0,28.0,33.0,False
Glass-7,rf,5fold,4,medication_titration,szcore,174.31555555555556,0.66,0.1388888888888889,4.556206777056245,False,0.5151515151515151,7.1594298972489225,17.0,52.0,33.0,False
Glass-7,rf,5fold,4,medication_titration,ali,174.31555555555556,0.48,0.0,4.881650118274548,False,0.2727272727272727,6.471023176359603,9.0,47.0,33.0,False
Glass-7,rf,5fold,4,realtime_alert,szcore,174.31555555555556,0.74,0.08333333333333333,1.952660047309819,False,0.5151515151515151,4.5434843578695085,17.0,33.0,33.0,False
Glass-7,rf,5fold,4,realtime_alert,ali,174.31555555555556,0.59,0.0,1.627216706091516,False,0.15151515151515152,3.5797149486244613,5.0,26.0,33.0,False
Glass-7,rf,loo,chb16,medication_titration,szcore,17.0,0.86,0.6666666666666666,4.334252040533283,True,0.0,1.4117647058823528,0.0,1.0,8.0,False
Glass-7,rf,loo,chb16,medication_titration,ali,17.0,0.77,0.5714285714285714,4.589208042917593,False,0.0,0.0,0.0,0.0,8.0,False
Glass-7,rf,loo,chb16,realtime_alert,szcore,17.0,0.89,0.6666666666666666,1.9121700178823307,False,0.0,0.0,0.0,0.0,8.0,False
Glass-7,rf,loo,chb16,realtime_alert,ali,17.0,0.81,0.5714285714285714,1.65721401549802,False,0.0,0.0,0.0,0.0,8.0,False
Glass-7,rf,loo,chb10,medication_titration,szcore,48.022222222222226,0.85,0.45,4.554952744282346,False,1.0,2.9986117538176766,7.0,6.0,7.0,True
Glass-7,rf,loo,chb10,medication_titration,ali,48.022222222222226,0.78,0.3,3.588750647010333,False,0.8571428571428571,1.4993058769088383,6.0,3.0,7.0,True
Glass-7,rf,loo,chb10,realtime_alert,szcore,48.022222222222226,0.9,0.4,1.7943753235051665,False,1.0,0.9995372512725589,7.0,2.0,7.0,True
Glass-7,rf,loo,chb10,realtime_alert,ali,48.022222222222226,0.81,0.3,1.5183175814274485,False,0.8571428571428571,0.9995372512725589,6.0,2.0,7.0,True
Glass-7,rf,loo,chb01+21,medication_titration,szcore,72.38,0.87,0.35,4.693472399182197,False,0.3,0.33158331030671456,3.0,1.0,10.0,False
Glass-7,rf,loo,chb01+21,medication_titration,ali,72.38,0.79,0.2,4.693472399182197,False,0.1,0.6631666206134291,1.0,2.0,10.0,False
Glass-7,rf,loo,chb01+21,realtime_alert,szcore,72.38,0.94,0.2,1.493377581557972,False,0.2,0.0,2.0,0.0,10.0,False
Glass-7,rf,loo,chb01+21,realtime_alert,ali,72.38,0.84,0.2,1.9200568905745354,False,0.1,0.33158331030671456,1.0,1.0,10.0,False
Glass-7,rf,loo,chb09,medication_titration,szcore,67.86555555555556,0.8,0.3684210526315789,4.867125776331911,False,1.0,56.936099150280775,4.0,161.0,4.0,False
Glass-7,rf,loo,chb09,medication_titration,ali,67.86555555555556,0.69,0.10526315789473684,4.867125776331911,False,1.0,106.79939095270059,4.0,302.0,4.0,False
Glass-7,rf,loo,chb09,realtime_alert,szcore,67.86555555555556,0.86,0.3684210526315789,1.8251721661244669,False,1.0,23.34026424794119,4.0,66.0,4.0,False
Glass-7,rf,loo,chb09,realtime_alert,ali,67.86555555555556,0.8,0.0,1.5209768051037222,False,1.0,24.401185350120333,4.0,69.0,4.0,False
Glass-7,rf,loo,chb18,medication_titration,szcore,33.63111111111111,0.75,0.14285714285714285,4.714760130341914,False,0.8333333333333334,1.4272499008854236,5.0,2.0,6.0,True
Glass-7,rf,loo,chb18,medication_titration,ali,33.63111111111111,0.64,0.0,4.377991549603206,False,0.16666666666666666,2.854499801770847,1.0,4.0,6.0,False
Glass-7,rf,loo,chb18,realtime_alert,szcore,33.63111111111111,0.82,0.09523809523809523,1.6838429036935407,False,0.8333333333333334,0.7136249504427118,5.0,1.0,6.0,True
Glass-7,rf,loo,chb18,realtime_alert,ali,33.63111111111111,0.73,0.0,1.6838429036935407,False,0.0,3.568124752213559,0.0,5.0,6.0,False
Glass-7,rf,loo,chb13,medication_titration,szcore,11.0,0.95,0.05263157894736842,4.6386987740315035,False,0.0,0.0,0.0,0.0,10.0,False
Glass-7,rf,loo,chb13,medication_titration,ali,11.0,0.79,0.0,4.8403813294241775,False,0.0,0.0,0.0,0.0,10.0,False
Glass-7,rf,loo,chb13,realtime_alert,szcore,11.0,0.99,0.05263157894736842,1.2100953323560444,False,0.0,0.0,0.0,0.0,10.0,False
Glass-7,rf,loo,chb13,realtime_alert,ali,11.0,0.84,0.0,1.8151429985340666,False,0.0,0.0,0.0,0.0,10.0,False
Glass-7,rf,loo,chb02,medication_titration,szcore,34.26555555555556,0.9,0.2608695652173913,4.140159363277078,False,0.3333333333333333,0.0,1.0,0.0,3.0,False
Glass-7,rf,loo,chb02,medication_titration,ali,34.26555555555556,0.7,0.0,4.337309809147415,False,0.0,0.7004118162067511,0.0,1.0,3.0,False
Glass-7,rf,loo,chb02,realtime_alert,szcore,34.26555555555556,0.96,0.043478260869565216,1.3800531210923594,False,0.3333333333333333,0.0,1.0,0.0,3.0,False
Glass-7,rf,loo,chb02,realtime_alert,ali,34.26555555555556,0.85,0.0,1.9715044587033705,False,0.0,0.0,0.0,0.0,3.0,False
Glass-7,rf,loo,chb14,medication_titration,szcore,26.0,0.94,0.11904761904761904,4.741453358529463,False,0.0,0.0,0.0,0.0,8.0,False
Glass-7,rf,loo,chb14,medication_titration,ali,26.0,0.78,0.0,4.5353032125064425,False,0.0,0.0,0.0,0.0,8.0,False
Glass-7,rf,loo,chb14,realtime_alert,szcore,26.0,0.99,0.0,1.2369008761381206,False,0.0,0.0,0.0,0.0,8.0,False
Glass-7,rf,loo,chb14,realtime_alert,ali,26.0,0.88,0.0,1.855351314207181,False,0.0,0.0,0.0,0.0,8.0,False
Glass-7,rf,loo,chb06,medication_titration,szcore,58.733333333333334,0.67,0.2702702702702703,4.926507856056767,False,0.125,81.72531214528944,1.0,200.0,8.0,False
Glass-7,rf,loo,chb06,medication_titration,ali,58.733333333333334,0.44,0.21621621621621623,4.379118094272681,False,0.125,111.14642451759363,1.0,272.0,8.0,False
Glass-7,rf,loo,chb06,realtime_alert,szcore,58.733333333333334,0.75,0.2702702702702703,1.6421692853522556,False,0.125,42.497162315550504,1.0,104.0,8.0,False
Glass-7,rf,loo,chb06,realtime_alert,ali,58.733333333333334,0.57,0.21621621621621623,1.6421692853522556,False,0.0,33.91600454029512,0.0,83.0,8.0,False
Glass-7,rf,loo,chb03,medication_titration,szcore,37.00111111111111,0.8,0.20588235294117646,4.987104258410389,False,1.0,3.8917750217711182,7.0,6.0,7.0,True
Glass-7,rf,loo,chb03,medication_titration,ali,37.00111111111111,0.68,0.08823529411764706,4.743830879951345,False,0.2857142857142857,4.540404192066305,2.0,7.0,7.0,False
Glass-7,rf,loo,chb03,realtime_alert,szcore,37.00111111111111,0.89,0.17647058823529413,1.824550338442825,False,0.42857142857142855,0.6486291702951864,3.0,1.0,7.0,False
Glass-7,rf,loo,chb03,realtime_alert,ali,37.00111111111111,0.81,0.08823529411764706,1.7029136492133032,False,0.0,2.5945166811807456,0.0,4.0,7.0,False
Glass-7,rf,loo,chb12,medication_titration,szcore,20.685555555555556,0.98,0.75,3.3546797264486465,True,0.0,0.0,0.0,0.0,27.0,False
Glass-7,rf,loo,chb12,medication_titration,ali,20.685555555555556,0.92,0.5833333333333334,4.249260986834952,False,0.0,0.0,0.0,0.0,27.0,False
Glass-7,rf,loo,chb12,realtime_alert,szcore,20.685555555555556,,,,False,,,,,,False
Glass-7,rf,loo,chb12,realtime_alert,ali,20.685555555555556,0.96,0.4166666666666667,1.7891625207726116,False,0.0,0.0,0.0,0.0,27.0,False
Glass-7,rf,loo,chb22,medication_titration,szcore,30.002222222222223,0.98,0.75,2.8228356952801144,True,1.0,0.0,3.0,0.0,3.0,True
Glass-7,rf,loo,chb22,medication_titration,ali,30.002222222222223,0.91,0.16666666666666666,4.742363968070593,False,1.0,0.0,3.0,0.0,3.0,True
Glass-7,rf,loo,chb22,realtime_alert,szcore,30.002222222222223,0.99,0.5833333333333334,1.4678745615456594,False,1.0,0.0,3.0,0.0,3.0,True
Glass-7,rf,loo,chb22,realtime_alert,ali,30.002222222222223,0.95,0.16666666666666666,1.9195282727904779,False,0.6666666666666666,0.7999407451299904,2.0,1.0,3.0,False
Glass-7,rf,loo,chb04,medication_titration,szcore,146.6211111111111,0.99,0.6363636363636364,2.2492970946579196,True,0.0,0.16368720587455193,0.0,1.0,4.0,False
Glass-7,rf,loo,chb04,medication_titration,ali,146.6211111111111,0.96,0.18181818181818182,4.217432052483599,False,0.0,0.0,0.0,0.0,4.0,False
Glass-7,rf,loo,chb04,realtime_alert,szcore,146.6211111111111,,,,False,,,,,,False
Glass-7,rf,loo,chb04,realtime_alert,ali,146.6211111111111,0.98,0.0,1.6869728209934396,False,0.0,0.0,0.0,0.0,4.0,False
Glass-7,rf,loo,chb05,medication_titration,szcore,38.00222222222222,0.61,1.0,4.8705691350230005,True,1.0,157.2539617566224,5.0,249.0,5.0,False
Glass-7,rf,loo,chb05,medication_titration,ali,38.00222222222222,0.54,0.15384615384615385,4.8705691350230005,False,1.0,227.3551254312613,5.0,360.0,5.0,False
Glass-7,rf,loo,chb05,realtime_alert,szcore,38.00222222222222,0.71,0.7692307692307693,1.9482276540092003,False,1.0,131.3607391380621,5.0,208.0,5.0,False
Glass-7,rf,loo,chb05,realtime_alert,ali,38.00222222222222,0.82,0.0,1.9482276540092003,False,0.8,57.470323372902165,4.0,91.0,5.0,False
Glass-7,rf,loo,chb19,medication_titration,szcore,27.92888888888889,0.98,0.4230769230769231,4.637336504161713,False,1.0,0.0,3.0,0.0,3.0,True
Glass-7,rf,loo,chb19,medication_titration,ali,27.92888888888889,0.87,0.07692307692307693,4.9940546967895365,False,0.0,2.577975811584978,0.0,3.0,3.0,False
Glass-7,rf,loo,chb19,realtime_alert,szcore,27.92888888888889,,,,False,,,,,,False
Glass-7,rf,loo,chb19,realtime_alert,ali,27.92888888888889,0.99,0.0,1.426872770511296,False,0.0,1.718650541056652,0.0,2.0,3.0,False
Glass-7,rf,loo,chb17,medication_titration,szcore,19.42888888888889,0.94,0.6785714285714286,4.951613695534705,True,0.3333333333333333,0.0,1.0,0.0,3.0,False
Glass-7,rf,loo,chb17,medication_titration,ali,19.42888888888889,0.92,0.03571428571428571,4.951613695534705,False,0.0,0.0,0.0,0.0,3.0,False
Glass-7,rf,loo,chb17,realtime_alert,szcore,19.42888888888889,,,,False,,,,,,False
Glass-7,rf,loo,chb17,realtime_alert,ali,19.42888888888889,0.97,0.0,1.7684334626909661,False,0.0,0.0,0.0,0.0,3.0,False
Glass-7,rf,loo,chb23,medication_titration,szcore,26.555555555555557,0.9,1.0,4.415629928158402,True,0.14285714285714285,0.0,1.0,0.0,7.0,False
Glass-7,rf,loo,chb23,medication_titration,ali,26.555555555555557,0.93,0.07692307692307693,4.100227790432802,False,0.0,0.0,0.0,0.0,7.0,False
Glass-7,rf,loo,chb23,realtime_alert,szcore,26.555555555555557,0.99,0.38461538461538464,1.2616085509024006,False,0.0,0.0,0.0,0.0,7.0,False
Glass-7,rf,loo,chb23,realtime_alert,ali,26.555555555555557,0.98,0.0,1.2616085509024006,False,0.0,0.0,0.0,0.0,7.0,False
Glass-7,rf,loo,chb24,medication_titration,szcore,21.295555555555556,0.75,0.3333333333333333,4.349371046833913,False,1.0,43.952833142022335,16.0,39.0,16.0,False
Glass-7,rf,loo,chb24,medication_titration,ali,21.295555555555556,0.54,0.13333333333333333,4.861061758226138,False,0.5,21.412918710216008,8.0,19.0,16.0,False
Glass-7,rf,loo,chb24,realtime_alert,szcore,21.295555555555556,0.84,0.3333333333333333,1.7909174898727878,False,1.0,27.04789731816759,16.0,24.0,16.0,False
Glass-7,rf,loo,chb24,realtime_alert,ali,21.295555555555556,0.9,0.03333333333333333,1.7909174898727878,False,0.0625,14.650944380674112,1.0,13.0,16.0,False
Glass-7,rf,loo,chb08,medication_titration,szcore,20.005555555555556,0.68,0.15151515151515152,4.733727810650887,False,1.0,33.59066925853929,5.0,28.0,5.0,False
Glass-7,rf,loo,chb08,medication_titration,ali,20.005555555555556,0.51,0.12121212121212122,4.023668639053254,False,0.0,16.795334629269647,0.0,14.0,5.0,False
Glass-7,rf,loo,chb08,realtime_alert,szcore,20.005555555555556,0.76,0.15151515151515152,1.6568047337278105,False,1.0,16.795334629269647,5.0,14.0,5.0,False
Glass-7,rf,loo,chb08,realtime_alert,ali,20.005555555555556,0.59,0.12121212121212122,1.8934911242603547,False,0.0,10.797000833101917,0.0,9.0,5.0,False
Glass-7,rf,loo,chb11,medication_titration,szcore,34.79222222222222,0.85,0.06666666666666667,4.774957998054647,False,1.0,0.0,5.0,0.0,5.0,True
Glass-7,rf,loo,chb11,medication_titration,ali,34.79222222222222,0.62,0.06666666666666667,4.5839596781324605,False,0.6,2.7592373774470667,3.0,4.0,5.0,True
Glass-7,rf,loo,chb11,realtime_alert,szcore,34.79222222222222,0.9,0.06666666666666667,1.5279865593774868,False,0.8,0.0,4.0,0.0,5.0,True
Glass-7,rf,loo,chb11,realtime_alert,ali,34.79222222222222,0.68,0.06666666666666667,1.7189848792996727,False,0.4,2.7592373774470667,2.0,4.0,5.0,False
Glass-7,rf,loo,chb15,medication_titration,szcore,39.00888888888889,0.84,0.1111111111111111,4.168006689393452,False,0.0,0.0,0.0,0.0,20.0,False
Glass-7,rf,loo,chb15,medication_titration,ali,39.00888888888889,0.64,0.1111111111111111,4.399562616581977,False,0.0,0.0,0.0,0.0,20.0,False
Glass-7,rf,loo,chb15,realtime_alert,szcore,39.00888888888889,0.88,0.1111111111111111,1.8524474175082009,False,0.0,0.0,0.0,0.0,20.0,False
Glass-7,rf,loo,chb15,realtime_alert,ali,39.00888888888889,0.7,0.1111111111111111,1.8524474175082009,False,0.0,0.0,0.0,0.0,20.0,False
Glass-7,rf,loo,chb20,medication_titration,szcore,27.59888888888889,0.86,0.5294117647058824,4.642540501329895,False,0.0,0.0,0.0,0.0,8.0,False
Glass-7,rf,loo,chb20,medication_titration,ali,27.59888888888889,0.69,0.4117647058823529,4.449101313774483,False,0.0,0.0,0.0,0.0,8.0,False
Glass-7,rf,loo,chb20,realtime_alert,szcore,27.59888888888889,0.89,0.5294117647058824,1.5475135004432983,False,0.0,0.0,0.0,0.0,8.0,False
Glass-7,rf,loo,chb20,realtime_alert,ali,27.59888888888889,0.76,0.4117647058823529,1.7409526879987105,False,0.0,0.0,0.0,0.0,8.0,False
Glass-7,rf,loo,chb07,medication_titration,szcore,59.047777777777775,0.8,0.48,4.366741602108974,False,1.0,6.503208324708805,2.0,16.0,2.0,False
Glass-7,rf,loo,chb07,medication_titration,ali,59.047777777777775,0.65,0.32,4.890750594362051,False,1.0,1.2193515608829009,2.0,3.0,2.0,True
Glass-7,rf,loo,chb07,realtime_alert,szcore,59.047777777777775,0.84,0.44,1.5720269767592308,False,1.0,2.4387031217658017,2.0,6.0,2.0,False
Glass-7,rf,loo,chb07,realtime_alert,ali,59.047777777777775,0.7,0.32,1.9213663049279486,False,1.0,0.8129010405886006,2.0,2.0,2.0,True
Glass-7,lr,5fold,0,medication_titration,szcore,73.74555555555555,0.98,0.225,3.0658703556103903,False,0.05555555555555555,2.9289900709647285,2.0,9.0,36.0,False
Glass-7,lr,5fold,0,medication_titration,ali,73.74555555555555,0.92,0.175,4.716723624015985,False,0.0,4.556206777056245,0.0,14.0,36.0,False
Glass-7,lr,5fold,0,realtime_alert,szcore,73.74555555555555,0.99,0.2,1.1791809060039962,False,0.027777777777777776,1.952660047309819,1.0,6.0,36.0,False
Glass-7,lr,5fold,0,realtime_alert,ali,73.74555555555555,0.95,0.125,1.6508532684055948,False,0.0,3.579876753401335,0.0,11.0,36.0,False
Glass-7,lr,5fold,1,medication_titration,szcore,203.5311111111111,,,,False,,,,,,False
Glass-7,lr,5fold,1,medication_titration,ali,203.5311111111111,,,,False,,,,,,False
Glass-7,lr,5fold,1,realtime_alert,szcore,203.5311111111111,,,,False,,,,,,False
Glass-7,lr,5fold,1,realtime_alert,ali,203.5311111111111,,,,False,,,,,,False
Glass-7,lr,5fold,2,medication_titration,szcore,312.25333333333333,,,,False,,,,,,False
Glass-7,lr,5fold,2,medication_titration,ali,312.25333333333333,,,,False,,,,,,False
Glass-7,lr,5fold,2,realtime_alert,szcore,312.25333333333333,,,,False,,,,,,False
Glass-7,lr,5fold,2,realtime_alert,ali,312.25333333333333,,,,False,,,,,,False
Glass-7,lr,5fold,3,medication_titration,szcore,153.02666666666667,0.97,0.5151515151515151,4.956528390403101,False,0.6060606060606061,45.325433475646946,20.0,289.0,33.0,False
Glass-7,lr,5fold,3,medication_titration,ali,153.02666666666667,0.95,0.06060606060606061,4.681165702047372,False,0.2727272727272727,47.834800034852314,9.0,305.0,33.0,False
Glass-7,lr,5fold,3,realtime_alert,szcore,153.02666666666667,,,,False,,,,,,False
Glass-7,lr,5fold,3,realtime_alert,ali,153.02666666666667,,,,False,,,,,,False
Glass-7,lr,5fold,4,medication_titration,szcore,174.31555555555556,0.96,0.1388888888888889,4.881650118274548,False,0.5151515151515151,3.7173962928023254,17.0,27.0,33.0,False
Glass-7,lr,5fold,4,medication_titration,ali,174.31555555555556,0.91,0.0,4.556206777056245,False,0.06060606060606061,6.884067208893195,2.0,50.0,33.0,False
Glass-7,lr,5fold,4,realtime_alert,szcore,174.31555555555556,0.98,0.1388888888888889,1.952660047309819,False,0.30303030303030304,3.028989571913006,10.0,22.0,33.0,False
Glass-7,lr,5fold,4,realtime_alert,ali,174.31555555555556,0.99,0.0,1.952660047309819,False,0.0,2.340582851023686,0.0,17.0,33.0,False
Glass-7,lr,loo,chb16,medication_titration,szcore,17.0,,,,False,,,,,,False
Glass-7,lr,loo,chb16,medication_titration,ali,17.0,0.98,0.38095238095238093,4.716686044109749,False,0.0,22.588235294117645,0.0,16.0,8.0,False
Glass-7,lr,loo,chb16,realtime_alert,szcore,17.0,,,,False,,,,,,False
Glass-7,lr,loo,chb16,realtime_alert,ali,17.0,,,,False,,,,,,False
Glass-7,lr,loo,chb10,medication_titration,szcore,48.022222222222226,,,,False,,,,,,False
Glass-7,lr,loo,chb10,medication_titration,ali,48.022222222222226,0.98,0.25,4.416923873243487,False,0.7142857142857143,4.497917630726515,5.0,9.0,7.0,True
Glass-7,lr,loo,chb10,realtime_alert,szcore,48.022222222222226,,,,False,,,,,,False
Glass-7,lr,loo,chb10,realtime_alert,ali,48.022222222222226,0.99,0.2,1.6563464524663076,False,0.2857142857142857,4.997686256362794,2.0,10.0,7.0,False
Glass-7,lr,loo,chb01+21,medication_titration,szcore,72.38,,,,False,,,,,,False
Glass-7,lr,loo,chb01+21,medication_titration,ali,72.38,0.99,0.2,2.5600758540993804,False,0.0,0.9947499309201437,0.0,3.0,10.0,False
Glass-7,lr,loo,chb01+21,realtime_alert,szcore,72.38,,,,False,,,,,,False
Glass-7,lr,loo,chb01+21,realtime_alert,ali,72.38,,,,False,,,,,,False
Glass-7,lr,loo,chb09,medication_titration,szcore,67.86555555555556,,,,False,,,,,,False
Glass-7,lr,loo,chb09,medication_titration,ali,67.86555555555556,0.97,0.0,3.3461489712281893,False,1.0,37.83951931105617,4.0,107.0,4.0,False
Glass-7,lr,loo,chb09,realtime_alert,szcore,67.86555555555556,,,,False,,,,,,False
Glass-7,lr,loo,chb09,realtime_alert,ali,67.86555555555556,0.98,0.0,1.5209768051037222,False,1.0,15.206535797901077,4.0,43.0,4.0,False
Glass-7,lr,loo,chb18,medication_titration,szcore,33.63111111111111,,,,False,,,,,,False
Glass-7,lr,loo,chb18,medication_titration,ali,33.63111111111111,0.99,0.0,3.7044543881257894,False,0.0,0.0,0.0,0.0,6.0,False
Glass-7,lr,loo,chb18,realtime_alert,szcore,33.63111111111111,,,,False,,,,,,False
Glass-7,lr,loo,chb18,realtime_alert,ali,33.63111111111111,,,,False,,,,,,False
Glass-7,lr,loo,chb13,medication_titration,szcore,11.0,0.97,0.05263157894736842,4.43701621863883,False,0.2,43.63636363636364,2.0,20.0,10.0,False
Glass-7,lr,loo,chb13,medication_titration,ali,11.0,0.91,0.0,3.025238330890111,False,0.0,146.1818181818182,0.0,67.0,10.0,False
Glass-7,lr,loo,chb13,realtime_alert,szcore,11.0,,,,False,,,,,,False
Glass-7,lr,loo,chb13,realtime_alert,ali,11.0,0.94,0.0,1.4117778877487186,False,0.0,61.09090909090909,0.0,28.0,10.0,False
Glass-7,lr,loo,chb02,medication_titration,szcore,34.26555555555556,0.96,0.043478260869565216,3.154407133925393,False,0.3333333333333333,2.8016472648270043,1.0,4.0,3.0,False
Glass-7,lr,loo,chb02,medication_titration,ali,34.26555555555556,0.89,0.0,3.745858471536404,False,0.0,2.1012354486202534,0.0,3.0,3.0,False
Glass-7,lr,loo,chb02,realtime_alert,szcore,34.26555555555556,0.98,0.043478260869565216,1.1829026752220224,False,0.3333333333333333,2.1012354486202534,1.0,3.0,3.0,False
Glass-7,lr,loo,chb02,realtime_alert,ali,34.26555555555556,0.91,0.0,1.3800531210923594,False,0.0,1.4008236324135022,0.0,2.0,3.0,False
Glass-7,lr,loo,chb14,medication_titration,szcore,26.0,0.97,0.11904761904761904,3.504552482391342,False,0.0,0.9230769230769231,0.0,1.0,8.0,False
Glass-7,lr,loo,chb14,medication_titration,ali,26.0,0.91,0.0,4.5353032125064425,False,0.0,0.0,0.0,0.0,8.0,False
Glass-7,lr,loo,chb14,realtime_alert,szcore,26.0,,,,False,,,,,,False
Glass-7,lr,loo,chb14,realtime_alert,ali,26.0,0.97,0.0,1.855351314207181,False,0.0,0.0,0.0,0.0,8.0,False
Glass-7,lr,loo,chb06,medication_titration,szcore,58.733333333333334,0.98,0.1891891891891892,2.736948808920426,False,0.0,4.086265607264472,0.0,10.0,8.0,False
Glass-7,lr,loo,chb06,medication_titration,ali,58.733333333333334,0.93,0.0,4.926507856056767,False,0.0,2.043132803632236,0.0,5.0,8.0,False
Glass-7,lr,loo,chb06,realtime_alert,szcore,58.733333333333334,0.99,0.16216216216216217,0.2736948808920426,False,0.0,2.4517593643586832,0.0,6.0,8.0,False
Glass-7,lr,loo,chb06,realtime_alert,ali,58.733333333333334,0.97,0.0,0.8210846426761278,False,0.0,2.043132803632236,0.0,5.0,8.0,False
Glass-7,lr,loo,chb03,medication_titration,szcore,37.00111111111111,,,,False,,,,,,False
Glass-7,lr,loo,chb03,medication_titration,ali,37.00111111111111,,,,False,,,,,,False
Glass-7,lr,loo,chb03,realtime_alert,szcore,37.00111111111111,,,,False,,,,,,False
Glass-7,lr,loo,chb03,realtime_alert,ali,37.00111111111111,,,,False,,,,,,False
Glass-7,lr,loo,chb12,medication_titration,szcore,20.685555555555556,,,,False,,,,,,False
Glass-7,lr,loo,chb12,medication_titration,ali,20.685555555555556,,,,False,,,,,,False
Glass-7,lr,loo,chb12,realtime_alert,szcore,20.685555555555556,,,,False,,,,,,False
Glass-7,lr,loo,chb12,realtime_alert,ali,20.685555555555556,,,,False,,,,,,False
Glass-7,lr,loo,chb22,medication_titration,szcore,30.002222222222223,,,,False,,,,,,False
Glass-7,lr,loo,chb22,medication_titration,ali,30.002222222222223,,,,False,,,,,,False
Glass-7,lr,loo,chb22,realtime_alert,szcore,30.002222222222223,,,,False,,,,,,False
Glass-7,lr,loo,chb22,realtime_alert,ali,30.002222222222223,,,,False,,,,,,False
Glass-7,lr,loo,chb04,medication_titration,szcore,146.6211111111111,,,,False,,,,,,False
Glass-7,lr,loo,chb04,medication_titration,ali,146.6211111111111,,,,False,,,,,,False
Glass-7,lr,loo,chb04,realtime_alert,szcore,146.6211111111111,,,,False,,,,,,False
Glass-7,lr,loo,chb04,realtime_alert,ali,146.6211111111111,,,,False,,,,,,False
Glass-7,lr,loo,chb05,medication_titration,szcore,38.00222222222222,0.96,0.7692307692307693,4.8705691350230005,True,1.0,108.62522659493597,5.0,172.0,5.0,False
Glass-7,lr,loo,chb05,medication_titration,ali,38.00222222222222,0.94,0.0,4.8705691350230005,False,0.8,142.09695339453833,4.0,225.0,5.0,False
Glass-7,lr,loo,chb05,realtime_alert,szcore,38.00222222222222,0.99,0.38461538461538464,1.6235230450076668,False,1.0,30.314016724168177,5.0,48.0,5.0,False
Glass-7,lr,loo,chb05,realtime_alert,ali,38.00222222222222,0.99,0.0,1.6235230450076668,False,0.4,10.104672241389391,2.0,16.0,5.0,False
Glass-7,lr,loo,chb19,medication_titration,szcore,27.92888888888889,,,,False,,,,,,False
Glass-7,lr,loo,chb19,medication_titration,ali,27.92888888888889,,,,False,,,,,,False
Glass-7,lr,loo,chb19,realtime_alert,szcore,27.92888888888889,,,,False,,,,,,False
Glass-7,lr,loo,chb19,realtime_alert,ali,27.92888888888889,,,,False,,,,,,False
Glass-7,lr,loo,chb17,medication_titration,szcore,19.42888888888889,0.99,0.6071428571428571,4.597927002996512,True,0.6666666666666666,6.176369667162301,2.0,5.0,3.0,False
Glass-7,lr,loo,chb17,medication_titration,ali,19.42888888888889,0.99,0.10714285714285714,4.951613695534705,False,0.0,2.4705478668649206,0.0,2.0,3.0,False
Glass-7,lr,loo,chb17,realtime_alert,szcore,19.42888888888889,,,,False,,,,,,False
Glass-7,lr,loo,chb17,realtime_alert,ali,19.42888888888889,,,,False,,,,,,False
Glass-7,lr,loo,chb23,medication_titration,szcore,26.555555555555557,0.99,0.8076923076923077,4.100227790432802,True,0.0,1.807531380753138,0.0,2.0,7.0,False
Glass-7,lr,loo,chb23,medication_titration,ali,26.555555555555557,0.99,0.15384615384615385,4.731032065884002,False,0.0,0.0,0.0,0.0,7.0,False
Glass-7,lr,loo,chb23,realtime_alert,szcore,26.555555555555557,,,,False,,,,,,False
Glass-7,lr,loo,chb23,realtime_alert,ali,26.555555555555557,,,,False,,,,,,False
Glass-7,lr,loo,chb24,medication_titration,szcore,21.295555555555556,0.97,0.3333333333333333,3.8376803354416884,False,1.0,29.301888761348224,16.0,26.0,16.0,False
Glass-7,lr,loo,chb24,medication_titration,ali,21.295555555555556,0.92,0.1,4.605216402530026,False,0.375,23.666910153396643,6.0,21.0,16.0,False
Glass-7,lr,loo,chb24,realtime_alert,szcore,21.295555555555556,0.98,0.3,1.5350721341766753,False,1.0,23.666910153396643,16.0,21.0,16.0,False
Glass-7,lr,loo,chb24,realtime_alert,ali,21.295555555555556,0.99,0.0,1.2792267784805627,False,0.1875,14.650944380674112,3.0,13.0,16.0,False
Glass-7,lr,loo,chb08,medication_titration,szcore,20.005555555555556,0.98,0.15151515151515152,3.550295857988165,False,1.0,1.1996667592335462,5.0,1.0,5.0,True
Glass-7,lr,loo,chb08,medication_titration,ali,20.005555555555556,0.92,0.12121212121212122,3.7869822485207094,False,0.0,9.59733407386837,0.0,8.0,5.0,False
Glass-7,lr,loo,chb08,realtime_alert,szcore,20.005555555555556,0.99,0.12121212121212122,1.1834319526627217,False,1.0,0.0,5.0,0.0,5.0,True
Glass-7,lr,loo,chb08,realtime_alert,ali,20.005555555555556,0.95,0.12121212121212122,1.4201183431952662,False,0.0,9.59733407386837,0.0,8.0,5.0,False
Glass-7,lr,loo,chb11,medication_titration,szcore,34.79222222222222,0.97,0.06666666666666667,4.965956317976833,False,1.0,12.4165681985118,5.0,18.0,5.0,False
Glass-7,lr,loo,chb11,medication_titration,ali,34.79222222222222,0.9,0.06666666666666667,4.201963038288089,False,0.8,11.036949509788267,4.0,16.0,5.0,False
Glass-7,lr,loo,chb11,realtime_alert,szcore,34.79222222222222,0.99,0.06666666666666667,1.5279865593774868,False,0.8,0.6898093443617667,4.0,1.0,5.0,True
Glass-7,lr,loo,chb11,realtime_alert,ali,34.79222222222222,0.94,0.06666666666666667,1.336988239455301,False,0.8,2.7592373774470667,4.0,4.0,5.0,False
Glass-7,lr,loo,chb15,medication_titration,szcore,39.00888888888889,,,,False,,,,,,False
Glass-7,lr,loo,chb15,medication_titration,ali,39.00888888888889,0.99,0.05555555555555555,3.936450762204927,False,0.0,0.0,0.0,0.0,20.0,False
Glass-7,lr,loo,chb15,realtime_alert,szcore,39.00888888888889,,,,False,,,,,,False
Glass-7,lr,loo,chb15,realtime_alert,ali,39.00888888888889,,,,False,,,,,,False
Glass-7,lr,loo,chb20,medication_titration,szcore,27.59888888888889,,,,False,,,,,,False
Glass-7,lr,loo,chb20,medication_titration,ali,27.59888888888889,,,,False,,,,,,False
Glass-7,lr,loo,chb20,realtime_alert,szcore,27.59888888888889,,,,False,,,,,,False
Glass-7,lr,loo,chb20,realtime_alert,ali,27.59888888888889,,,,False,,,,,,False
Glass-7,lr,loo,chb07,medication_titration,szcore,59.047777777777775,,,,False,,,,,,False
Glass-7,lr,loo,chb07,medication_titration,ali,59.047777777777775,,,,False,,,,,,False
Glass-7,lr,loo,chb07,realtime_alert,szcore,59.047777777777775,,,,False,,,,,,False
Glass-7,lr,loo,chb07,realtime_alert,ali,59.047777777777775,,,,False,,,,,,False
Glass-7,mlp,5fold,0,medication_titration,szcore,73.74555555555555,,,,False,,,,,,False
Glass-7,mlp,5fold,0,medication_titration,ali,73.74555555555555,,,,False,,,,,,False
Glass-7,mlp,5fold,0,realtime_alert,szcore,73.74555555555555,,,,False,,,,,,False
Glass-7,mlp,5fold,0,realtime_alert,ali,73.74555555555555,,,,False,,,,,,False
Glass-7,mlp,5fold,1,medication_titration,szcore,203.5311111111111,,,,False,,,,,,False
Glass-7,mlp,5fold,1,medication_titration,ali,203.5311111111111,,,,False,,,,,,False
Glass-7,mlp,5fold,1,realtime_alert,szcore,203.5311111111111,,,,False,,,,,,False
Glass-7,mlp,5fold,1,realtime_alert,ali,203.5311111111111,,,,False,,,,,,False
Glass-7,mlp,5fold,2,medication_titration,szcore,312.25333333333333,,,,False,,,,,,False
Glass-7,mlp,5fold,2,medication_titration,ali,312.25333333333333,,,,False,,,,,,False
Glass-7,mlp,5fold,2,realtime_alert,szcore,312.25333333333333,,,,False,,,,,,False
Glass-7,mlp,5fold,2,realtime_alert,ali,312.25333333333333,,,,False,,,,,,False
Glass-7,mlp,5fold,3,medication_titration,szcore,153.02666666666667,,,,False,,,,,,False
Glass-7,mlp,5fold,3,medication_titration,ali,153.02666666666667,0.86,0.21212121212121213,4.818847046225237,False,0.3939393939393939,76.84935087566437,13.0,490.0,33.0,False
Glass-7,mlp,5fold,3,realtime_alert,szcore,153.02666666666667,,,,False,,,,,,False
Glass-7,mlp,5fold,3,realtime_alert,ali,153.02666666666667,,,,False,,,,,,False
Glass-7,mlp,5fold,4,medication_titration,szcore,174.31555555555556,,,,False,,,,,,False
Glass-7,mlp,5fold,4,medication_titration,ali,174.31555555555556,0.95,0.0,3.579876753401335,False,0.15151515151515152,2.340582851023686,5.0,17.0,33.0,False
Glass-7,mlp,5fold,4,realtime_alert,szcore,174.31555555555556,,,,False,,,,,,False
Glass-7,mlp,5fold,4,realtime_alert,ali,174.31555555555556,0.97,0.0,1.627216706091516,False,0.09090909090909091,2.340582851023686,3.0,17.0,33.0,False
Glass-7,mlp,loo,chb16,medication_titration,szcore,17.0,,,,False,,,,,,False
Glass-7,mlp,loo,chb16,medication_titration,ali,17.0,,,,False,,,,,,False
Glass-7,mlp,loo,chb16,realtime_alert,szcore,17.0,,,,False,,,,,,False
Glass-7,mlp,loo,chb16,realtime_alert,ali,17.0,,,,False,,,,,,False
Glass-7,mlp,loo,chb10,medication_titration,szcore,48.022222222222226,,,,False,,,,,,False
Glass-7,mlp,loo,chb10,medication_titration,ali,48.022222222222226,,,,False,,,,,,False
Glass-7,mlp,loo,chb10,realtime_alert,szcore,48.022222222222226,,,,False,,,,,,False
Glass-7,mlp,loo,chb10,realtime_alert,ali,48.022222222222226,,,,False,,,,,,False
Glass-7,mlp,loo,chb01+21,medication_titration,szcore,72.38,,,,False,,,,,,False
Glass-7,mlp,loo,chb01+21,medication_titration,ali,72.38,,,,False,,,,,,False
Glass-7,mlp,loo,chb01+21,realtime_alert,szcore,72.38,,,,False,,,,,,False
Glass-7,mlp,loo,chb01+21,realtime_alert,ali,72.38,,,,False,,,,,,False
Glass-7,mlp,loo,chb09,medication_titration,szcore,67.86555555555556,,,,False,,,,,,False
Glass-7,mlp,loo,chb09,medication_titration,ali,67.86555555555556,0.99,0.0,3.3461489712281893,False,1.0,162.32092863340918,4.0,459.0,4.0,False
Glass-7,mlp,loo,chb09,realtime_alert,szcore,67.86555555555556,,,,False,,,,,,False
Glass-7,mlp,loo,chb09,realtime_alert,ali,67.86555555555556,,,,False,,,,,,False
Glass-7,mlp,loo,chb18,medication_titration,szcore,33.63111111111111,,,,False,,,,,,False
Glass-7,mlp,loo,chb18,medication_titration,ali,33.63111111111111,,,,False,,,,,,False
Glass-7,mlp,loo,chb18,realtime_alert,szcore,33.63111111111111,,,,False,,,,,,False
Glass-7,mlp,loo,chb18,realtime_alert,ali,33.63111111111111,,,,False,,,,,,False
Glass-7,mlp,loo,chb13,medication_titration,szcore,11.0,,,,False,,,,,,False
Glass-7,mlp,loo,chb13,medication_titration,ali,11.0,0.81,0.0,4.6386987740315035,False,0.0,150.54545454545456,0.0,69.0,10.0,False
Glass-7,mlp,loo,chb13,realtime_alert,szcore,11.0,,,,False,,,,,,False
Glass-7,mlp,loo,chb13,realtime_alert,ali,11.0,0.87,0.0,1.8151429985340666,False,0.0,106.9090909090909,0.0,49.0,10.0,False
Glass-7,mlp,loo,chb02,medication_titration,szcore,34.26555555555556,,,,False,,,,,,False
Glass-7,mlp,loo,chb02,medication_titration,ali,34.26555555555556,0.99,0.0,3.943008917406741,False,0.0,0.0,0.0,0.0,3.0,False
Glass-7,mlp,loo,chb02,realtime_alert,szcore,34.26555555555556,,,,False,,,,,,False
Glass-7,mlp,loo,chb02,realtime_alert,ali,34.26555555555556,,,,False,,,,,,False
Glass-7,mlp,loo,chb14,medication_titration,szcore,26.0,,,,False,,,,,,False
Glass-7,mlp,loo,chb14,medication_titration,ali,26.0,0.93,0.047619047619047616,4.329153066483422,False,0.0,0.0,0.0,0.0,8.0,False
Glass-7,mlp,loo,chb14,realtime_alert,szcore,26.0,,,,False,,,,,,False
Glass-7,mlp,loo,chb14,realtime_alert,ali,26.0,0.99,0.0,1.2369008761381206,False,0.0,0.0,0.0,0.0,8.0,False
Glass-7,mlp,loo,chb06,medication_titration,szcore,58.733333333333334,,,,False,,,,,,False
Glass-7,mlp,loo,chb06,medication_titration,ali,58.733333333333334,0.74,0.21621621621621623,4.926507856056767,False,0.0,163.45062429057887,0.0,400.0,8.0,False
Glass-7,mlp,loo,chb06,realtime_alert,szcore,58.733333333333334,,,,False,,,,,,False
Glass-7,mlp,loo,chb06,realtime_alert,ali,58.733333333333334,,,,False,,,,,,False
Glass-7,mlp,loo,chb03,medication_titration,szcore,37.00111111111111,,,,False,,,,,,False
Glass-7,mlp,loo,chb03,medication_titration,ali,37.00111111111111,,,,False,,,,,,False
Glass-7,mlp,loo,chb03,realtime_alert,szcore,37.00111111111111,,,,False,,,,,,False
Glass-7,mlp,loo,chb03,realtime_alert,ali,37.00111111111111,,,,False,,,,,,False
Glass-7,mlp,loo,chb12,medication_titration,szcore,20.685555555555556,,,,False,,,,,,False
Glass-7,mlp,loo,chb12,medication_titration,ali,20.685555555555556,,,,False,,,,,,False
Glass-7,mlp,loo,chb12,realtime_alert,szcore,20.685555555555556,,,,False,,,,,,False
Glass-7,mlp,loo,chb12,realtime_alert,ali,20.685555555555556,,,,False,,,,,,False
Glass-7,mlp,loo,chb22,medication_titration,szcore,30.002222222222223,,,,False,,,,,,False
Glass-7,mlp,loo,chb22,medication_titration,ali,30.002222222222223,,,,False,,,,,,False
Glass-7,mlp,loo,chb22,realtime_alert,szcore,30.002222222222223,,,,False,,,,,,False
Glass-7,mlp,loo,chb22,realtime_alert,ali,30.002222222222223,,,,False,,,,,,False
Glass-7,mlp,loo,chb04,medication_titration,szcore,146.6211111111111,,,,False,,,,,,False
Glass-7,mlp,loo,chb04,medication_titration,ali,146.6211111111111,,,,False,,,,,,False
Glass-7,mlp,loo,chb04,realtime_alert,szcore,146.6211111111111,,,,False,,,,,,False
Glass-7,mlp,loo,chb04,realtime_alert,ali,146.6211111111111,,,,False,,,,,,False
Glass-7,mlp,loo,chb05,medication_titration,szcore,38.00222222222222,0.98,0.7692307692307693,4.545864526021467,True,1.0,124.41377697210689,5.0,197.0,5.0,False
Glass-7,mlp,loo,chb05,medication_titration,ali,38.00222222222222,0.77,0.15384615384615385,4.8705691350230005,False,1.0,176.83176422431436,5.0,280.0,5.0,False
Glass-7,mlp,loo,chb05,realtime_alert,szcore,38.00222222222222,,,,False,,,,,,False
Glass-7,mlp,loo,chb05,realtime_alert,ali,38.00222222222222,0.98,0.07692307692307693,1.9482276540092003,False,1.0,46.734109116425934,5.0,74.0,5.0,False
Glass-7,mlp,loo,chb19,medication_titration,szcore,27.92888888888889,,,,False,,,,,,False
Glass-7,mlp,loo,chb19,medication_titration,ali,27.92888888888889,,,,False,,,,,,False
Glass-7,mlp,loo,chb19,realtime_alert,szcore,27.92888888888889,,,,False,,,,,,False
Glass-7,mlp,loo,chb19,realtime_alert,ali,27.92888888888889,,,,False,,,,,,False
Glass-7,mlp,loo,chb17,medication_titration,szcore,19.42888888888889,,,,False,,,,,,False
Glass-7,mlp,loo,chb17,medication_titration,ali,19.42888888888889,,,,False,,,,,,False
Glass-7,mlp,loo,chb17,realtime_alert,szcore,19.42888888888889,,,,False,,,,,,False
Glass-7,mlp,loo,chb17,realtime_alert,ali,19.42888888888889,,,,False,,,,,,False
Glass-7,mlp,loo,chb23,medication_titration,szcore,26.555555555555557,,,,False,,,,,,False
Glass-7,mlp,loo,chb23,medication_titration,ali,26.555555555555557,,,,False,,,,,,False
Glass-7,mlp,loo,chb23,realtime_alert,szcore,26.555555555555557,,,,False,,,,,,False
Glass-7,mlp,loo,chb23,realtime_alert,ali,26.555555555555557,,,,False,,,,,,False
Glass-7,mlp,loo,chb24,medication_titration,szcore,21.295555555555556,0.98,0.3333333333333333,3.8376803354416884,False,1.0,39.444850255661066,16.0,35.0,16.0,False
Glass-7,mlp,loo,chb24,medication_titration,ali,21.295555555555556,0.65,0.16666666666666666,4.349371046833913,False,0.4375,27.04789731816759,7.0,24.0,16.0,False
Glass-7,mlp,loo,chb24,realtime_alert,szcore,21.295555555555556,0.99,0.3333333333333333,1.7909174898727878,False,1.0,38.317854534070754,16.0,34.0,16.0,False
Glass-7,mlp,loo,chb24,realtime_alert,ali,21.295555555555556,,,,False,,,,,,False
Glass-7,mlp,loo,chb08,medication_titration,szcore,20.005555555555556,0.97,0.15151515151515152,3.7869822485207094,False,1.0,3.5990002777006387,5.0,3.0,5.0,True
Glass-7,mlp,loo,chb08,medication_titration,ali,20.005555555555556,0.74,0.15151515151515152,4.970414201183432,False,0.0,5.998333796167731,0.0,5.0,5.0,False
Glass-7,mlp,loo,chb08,realtime_alert,szcore,20.005555555555556,0.99,0.15151515151515152,1.6568047337278105,False,1.0,0.0,5.0,0.0,5.0,True
Glass-7,mlp,loo,chb08,realtime_alert,ali,20.005555555555556,0.82,0.15151515151515152,1.8934911242603547,False,0.0,5.998333796167731,0.0,5.0,5.0,False
Glass-7,mlp,loo,chb11,medication_titration,szcore,34.79222222222222,0.99,0.06666666666666667,4.201963038288089,False,1.0,1.3796186887235333,5.0,2.0,5.0,True
Glass-7,mlp,loo,chb11,medication_titration,ali,34.79222222222222,0.81,0.03333333333333333,4.774957998054647,False,0.6,1.3796186887235333,3.0,2.0,5.0,True
Glass-7,mlp,loo,chb11,realtime_alert,szcore,34.79222222222222,,,,False,,,,,,False
Glass-7,mlp,loo,chb11,realtime_alert,ali,34.79222222222222,0.93,0.03333333333333333,1.9099831992218586,False,0.6,2.0694280330853,3.0,3.0,5.0,False
Glass-7,mlp,loo,chb15,medication_titration,szcore,39.00888888888889,,,,False,,,,,,False
Glass-7,mlp,loo,chb15,medication_titration,ali,39.00888888888889,0.98,0.1111111111111111,4.399562616581977,False,0.0,0.0,0.0,0.0,20.0,False
Glass-7,mlp,loo,chb15,realtime_alert,szcore,39.00888888888889,,,,False,,,,,,False
Glass-7,mlp,loo,chb15,realtime_alert,ali,39.00888888888889,,,,False,,,,,,False
Glass-7,mlp,loo,chb20,medication_titration,szcore,27.59888888888889,,,,False,,,,,,False
Glass-7,mlp,loo,chb20,medication_titration,ali,27.59888888888889,0.97,0.4117647058823529,3.868783751108246,False,0.0,0.0,0.0,0.0,8.0,False
Glass-7,mlp,loo,chb20,realtime_alert,szcore,27.59888888888889,,,,False,,,,,,False
Glass-7,mlp,loo,chb20,realtime_alert,ali,27.59888888888889,,,,False,,,,,,False
Glass-7,mlp,loo,chb07,medication_titration,szcore,59.047777777777775,,,,False,,,,,,False
Glass-7,mlp,loo,chb07,medication_titration,ali,59.047777777777775,0.99,0.24,4.366741602108974,False,0.5,0.8129010405886006,1.0,2.0,2.0,False
Glass-7,mlp,loo,chb07,realtime_alert,szcore,59.047777777777775,,,,False,,,,,,False
Glass-7,mlp,loo,chb07,realtime_alert,ali,59.047777777777775,,,,False,,,,,,False
Glass-4,rf,5fold,0,medication_titration,szcore,75.74777777777778,0.74,0.225,4.576320907441411,False,0.027777777777777776,2.2178868466988395,1.0,7.0,36.0,False
Glass-4,rf,5fold,0,medication_titration,ali,75.74777777777778,0.59,0.15,4.928345592629212,False,0.0,0.6336819561996684,0.0,2.0,36.0,False
Glass-4,rf,5fold,0,realtime_alert,szcore,75.74777777777778,0.87,0.225,1.994806549397538,False,0.027777777777777776,0.9505229342995026,1.0,3.0,36.0,False
Glass-4,rf,5fold,0,realtime_alert,ali,75.74777777777778,0.89,0.075,1.994806549397538,False,0.0,0.0,0.0,0.0,36.0,False
Glass-4,rf,5fold,1,medication_titration,szcore,204.5311111111111,0.99,0.13513513513513514,4.381058115205603,False,0.15,1.1734156172926693,6.0,10.0,40.0,False
Glass-4,rf,5fold,1,medication_titration,ali,204.5311111111111,0.9,0.08108108108108109,4.995943464708143,False,0.125,2.8161974815024067,5.0,24.0,40.0,False
Glass-4,rf,5fold,1,realtime_alert,szcore,204.5311111111111,,,,False,,,,,,False
Glass-4,rf,5fold,1,realtime_alert,ali,204.5311111111111,0.97,0.0,1.844656048507622,False,0.05,2.464172796314606,2.0,21.0,40.0,False
Glass-4,rf,5fold,2,medication_titration,szcore,312.25333333333333,0.98,0.22857142857142856,4.250780833396815,False,0.08108108108108109,2.766984072761433,3.0,36.0,37.0,False
Glass-4,rf,5fold,2,medication_titration,ali,312.25333333333333,0.94,0.0,3.839414946293898,False,0.02702702702702703,0.922328024253811,1.0,12.0,37.0,False
Glass-4,rf,5fold,2,realtime_alert,szcore,312.25333333333333,0.99,0.17142857142857143,1.6454635484116704,False,0.05405405405405406,0.8454673555659934,2.0,11.0,37.0,False
Glass-4,rf,5fold,2,realtime_alert,ali,312.25333333333333,0.96,0.0,1.5083415860440312,False,0.0,0.6917460181903583,0.0,9.0,37.0,False
Glass-4,rf,5fold,3,medication_titration,szcore,175.02666666666667,0.82,0.45714285714285713,4.601965109284139,False,0.5142857142857142,36.885807876894944,18.0,269.0,35.0,False
Glass-4,rf,5fold,3,medication_titration,ali,175.02666666666667,0.71,0.05714285714285714,4.872668939242029,False,0.2571428571428571,32.90927096823341,9.0,240.0,35.0,False
Glass-4,rf,5fold,3,realtime_alert,szcore,175.02666666666667,0.87,0.45714285714285713,1.8949268097052336,False,0.45714285714285713,21.528148091719356,16.0,157.0,35.0,False
Glass-4,rf,5fold,3,realtime_alert,ali,175.02666666666667,0.86,0.02857142857142857,1.8949268097052336,False,0.05714285714285714,4.525024758132094,2.0,33.0,35.0,False
Glass-4,rf,5fold,4,medication_titration,szcore,177.31555555555556,0.69,0.0,3.8020917371980105,False,0.4857142857142857,6.090836174052536,17.0,45.0,35.0,False
Glass-4,rf,5fold,4,medication_titration,ali,177.31555555555556,0.48,0.0,4.752614671497513,False,0.08571428571428572,9.068578303589332,3.0,67.0,35.0,False
Glass-4,rf,5fold,4,realtime_alert,szcore,177.31555555555556,0.76,0.0,1.584204890499171,False,0.45714285714285713,3.113094044515741,16.0,23.0,35.0,False
Glass-4,rf,5fold,4,realtime_alert,ali,177.31555555555556,0.66,0.0,1.9010458685990053,False,0.0,3.7898536194104673,0.0,28.0,35.0,False
Glass-4,lr,5fold,0,medication_titration,szcore,75.74777777777778,,,,False,,,,,,False
Glass-4,lr,5fold,0,medication_titration,ali,75.74777777777778,0.99,0.05,3.872271537065809,False,0.0,0.3168409780998342,0.0,1.0,36.0,False
Glass-4,lr,5fold,0,realtime_alert,szcore,75.74777777777778,,,,False,,,,,,False
Glass-4,lr,5fold,0,realtime_alert,ali,75.74777777777778,,,,False,,,,,,False
Glass-4,lr,5fold,1,medication_titration,szcore,204.5311111111111,,,,False,,,,,,False
Glass-4,lr,5fold,1,medication_titration,ali,204.5311111111111,,,,False,,,,,,False
Glass-4,lr,5fold,1,realtime_alert,szcore,204.5311111111111,,,,False,,,,,,False
Glass-4,lr,5fold,1,realtime_alert,ali,204.5311111111111,,,,False,,,,,,False
Glass-4,lr,5fold,2,medication_titration,szcore,312.25333333333333,,,,False,,,,,,False
Glass-4,lr,5fold,2,medication_titration,ali,312.25333333333333,,,,False,,,,,,False
Glass-4,lr,5fold,2,realtime_alert,szcore,312.25333333333333,,,,False,,,,,,False
Glass-4,lr,5fold,2,realtime_alert,ali,312.25333333333333,,,,False,,,,,,False
Glass-4,lr,5fold,3,medication_titration,szcore,175.02666666666667,0.93,0.45714285714285713,4.195909364347303,False,0.45714285714285713,28.521368172468954,16.0,208.0,35.0,False
Glass-4,lr,5fold,3,medication_titration,ali,175.02666666666667,0.93,0.0,4.331261279326248,False,0.08571428571428572,16.86600137121962,3.0,123.0,35.0,False
Glass-4,lr,5fold,3,realtime_alert,szcore,175.02666666666667,0.96,0.3142857142857143,1.624222979747343,False,0.42857142857142855,10.832635027043498,15.0,79.0,35.0,False
Glass-4,lr,5fold,3,realtime_alert,ali,175.02666666666667,,,,False,,,,,,False
Glass-4,lr,5fold,4,medication_titration,szcore,177.31555555555556,0.87,0.08333333333333333,3.8020917371980105,False,0.42857142857142855,5.14337276919992,15.0,38.0,35.0,False
Glass-4,lr,5fold,4,medication_titration,ali,177.31555555555556,0.73,0.0,4.118932715297845,False,0.0,10.55744936835773,0.0,78.0,35.0,False
Glass-4,lr,5fold,4,realtime_alert,szcore,177.31555555555556,0.94,0.05555555555555555,1.2673639123993368,False,0.2,2.030278724684179,7.0,15.0,35.0,False
Glass-4,lr,5fold,4,realtime_alert,ali,177.31555555555556,0.8,0.0,1.9010458685990053,False,0.0,5.955484259073591,0.0,44.0,35.0,False
Glass-4,mlp,5fold,0,medication_titration,szcore,75.74777777777778,0.99,0.225,4.341637783982876,False,0.05555555555555555,3.168409780998342,2.0,10.0,36.0,False
Glass-4,mlp,5fold,0,medication_titration,ali,75.74777777777778,0.93,0.125,4.22429622225361,False,0.0,2.5347278247986735,0.0,8.0,36.0,False
Glass-4,mlp,5fold,0,realtime_alert,szcore,75.74777777777778,,,,False,,,,,,False
Glass-4,mlp,5fold,0,realtime_alert,ali,75.74777777777778,0.97,0.1,1.994806549397538,False,0.0,2.2178868466988395,0.0,7.0,36.0,False
Glass-4,mlp,5fold,1,medication_titration,szcore,204.5311111111111,,,,False,,,,,,False
Glass-4,mlp,5fold,1,medication_titration,ali,204.5311111111111,,,,False,,,,,,False
Glass-4,mlp,5fold,1,realtime_alert,szcore,204.5311111111111,,,,False,,,,,,False
Glass-4,mlp,5fold,1,realtime_alert,ali,204.5311111111111,,,,False,,,,,,False
Glass-4,mlp,5fold,2,medication_titration,szcore,312.25333333333333,,,,False,,,,,,False
Glass-4,mlp,5fold,2,medication_titration,ali,312.25333333333333,,,,False,,,,,,False
Glass-4,mlp,5fold,2,realtime_alert,szcore,312.25333333333333,,,,False,,,,,,False
Glass-4,mlp,5fold,2,realtime_alert,ali,312.25333333333333,,,,False,,,,,,False
Glass-4,mlp,5fold,3,medication_titration,szcore,175.02666666666667,0.99,0.4857142857142857,4.331261279326248,False,0.6,74.4572255656281,21.0,543.0,35.0,False
Glass-4,mlp,5fold,3,medication_titration,ali,175.02666666666667,0.77,0.11428571428571428,4.466613194305194,False,0.2571428571428571,212.40191970747313,9.0,1549.0,35.0,False
Glass-4,mlp,5fold,3,realtime_alert,szcore,175.02666666666667,,,,False,,,,,,False
Glass-4,mlp,5fold,3,realtime_alert,ali,175.02666666666667,0.96,0.05714285714285714,1.7595748947262884,False,0.22857142857142856,49.91239430182067,8.0,364.0,35.0,False
Glass-4,mlp,5fold,4,medication_titration,szcore,177.31555555555556,,,,False,,,,,,False
Glass-4,mlp,5fold,4,medication_titration,ali,177.31555555555556,0.92,0.0,4.752614671497513,False,0.02857142857142857,2.8423902145578506,1.0,21.0,35.0,False
Glass-4,mlp,5fold,4,realtime_alert,szcore,177.31555555555556,,,,False,,,,,,False
Glass-4,mlp,5fold,4,realtime_alert,ali,177.31555555555556,0.97,0.0,1.2673639123993368,False,0.0,2.165630639663124,0.0,16.0,35.0,False
Glass-2,rf,5fold,0,medication_titration,szcore,76.32555555555555,0.8,0.225,4.928345592629212,False,0.027777777777777776,2.829982676546373,1.0,9.0,36.0,False
Glass-2,rf,5fold,0,medication_titration,ali,76.32555555555555,0.67,0.15,4.811004030899944,False,0.0,0.3144425196162637,0.0,1.0,36.0,False
Glass-2,rf,5fold,0,realtime_alert,szcore,76.32555555555555,0.87,0.2,1.994806549397538,False,0.0,1.886655117697582,0.0,6.0,36.0,False
Glass-2,rf,5fold,0,realtime_alert,ali,76.32555555555555,0.95,0.05,1.7601234259390042,False,0.0,0.0,0.0,0.0,36.0,False
Glass-2,rf,5fold,1,medication_titration,szcore,204.5311111111111,,,,False,,,,,,False
Glass-2,rf,5fold,1,medication_titration,ali,204.5311111111111,0.96,0.05405405405405406,4.304197446517785,False,0.1,6.453785895109681,4.0,55.0,40.0,False
Glass-2,rf,5fold,1,realtime_alert,szcore,204.5311111111111,,,,False,,,,,,False
Glass-2,rf,5fold,1,realtime_alert,ali,204.5311111111111,0.99,0.0,1.2297706990050814,False,0.05,1.877464987668271,2.0,16.0,40.0,False
Glass-2,rf,5fold,2,medication_titration,szcore,312.25333333333333,0.99,0.2857142857142857,2.4681953226175057,False,0.10810810810810811,2.766984072761433,4.0,36.0,37.0,False
Glass-2,rf,5fold,2,medication_titration,ali,312.25333333333333,0.95,0.0,4.387902795764455,False,0.0,2.3058200606345274,0.0,30.0,37.0,False
Glass-2,rf,5fold,2,realtime_alert,szcore,312.25333333333333,,,,False,,,,,,False
Glass-2,rf,5fold,2,realtime_alert,ali,312.25333333333333,0.98,0.0,1.5083415860440312,False,0.0,0.23058200606345275,0.0,3.0,37.0,False
Glass-2,rf,5fold,3,medication_titration,szcore,175.02666666666667,0.79,0.5428571428571428,4.872668939242029,False,0.5142857142857142,60.47078540412889,18.0,441.0,35.0,False
Glass-2,rf,5fold,3,medication_titration,ali,175.02666666666667,0.68,0.0,4.601965109284139,False,0.3142857142857143,72.81176201721642,11.0,531.0,35.0,False
Glass-2,rf,5fold,3,realtime_alert,szcore,175.02666666666667,0.86,0.42857142857142855,1.4888710647683978,False,0.5142857142857142,37.708539651100786,18.0,275.0,35.0,False
Glass-2,rf,5fold,3,realtime_alert,ali,175.02666666666667,0.82,0.0,1.7595748947262884,False,0.05714285714285714,12.615220537822808,2.0,92.0,35.0,False
Glass-2,rf,5fold,4,medication_titration,szcore,177.31555555555556,0.83,0.0,3.773310235395164,False,0.42857142857142855,0.6767595748947263,15.0,5.0,35.0,False
Glass-2,rf,5fold,4,medication_titration,ali,177.31555555555556,0.57,0.0,4.402195274627691,False,0.05714285714285714,3.113094044515741,2.0,23.0,35.0,False
Glass-2,rf,5fold,4,realtime_alert,szcore,177.31555555555556,0.88,0.0,1.5722125980813184,False,0.42857142857142855,0.13535191497894525,15.0,1.0,35.0,False
Glass-2,rf,5fold,4,realtime_alert,ali,177.31555555555556,0.66,0.0,1.5722125980813184,False,0.02857142857142857,2.707038299578905,1.0,20.0,35.0,False
Glass-2,rf,loo,chb16,medication_titration,szcore,19.0,0.95,0.5714285714285714,4.716686044109749,False,0.0,0.0,0.0,0.0,10.0,False
Glass-2,rf,loo,chb16,medication_titration,ali,19.0,0.89,0.3333333333333333,3.8243400357646613,False,0.0,0.0,0.0,0.0,10.0,False
Glass-2,rf,loo,chb16,realtime_alert,szcore,19.0,0.98,0.47619047619047616,1.019824009537243,False,0.0,0.0,0.0,0.0,10.0,False
Glass-2,rf,loo,chb16,realtime_alert,ali,19.0,0.93,0.14285714285714285,1.7846920166901752,False,0.0,0.0,0.0,0.0,10.0,False
Glass-2,rf,loo,chb10,medication_titration,szcore,48.022222222222226,0.96,0.25,3.842659364258439,False,0.8571428571428571,0.49976862563627944,6.0,1.0,7.0,True
Glass-2,rf,loo,chb10,medication_titration,ali,48.022222222222226,0.88,0.2,4.94056203976085,False,0.5714285714285714,0.9995372512725589,4.0,2.0,7.0,False
Glass-2,rf,loo,chb10,realtime_alert,szcore,48.022222222222226,0.98,0.2,1.784091847691418,False,0.7142857142857143,0.0,5.0,0.0,7.0,False
Glass-2,rf,loo,chb10,realtime_alert,ali,48.022222222222226,0.93,0.1,1.784091847691418,False,0.2857142857142857,1.9990745025451178,2.0,4.0,7.0,False
Glass-2,rf,loo,chb01+21,medication_titration,szcore,72.38,0.97,0.22727272727272727,3.365341249210735,False,0.1,0.0,1.0,0.0,10.0,False
Glass-2,rf,loo,chb01+21,medication_titration,ali,72.38,0.9,0.09090909090909091,4.782327038352097,False,0.0,0.33158331030671456,0.0,1.0,10.0,False
Glass-2,rf,loo,chb01+21,realtime_alert,szcore,72.38,0.98,0.22727272727272727,1.7712322364267028,False,0.1,0.0,1.0,0.0,10.0,False
Glass-2,rf,loo,chb01+21,realtime_alert,ali,72.38,0.97,0.0,1.239862565498692,False,0.0,0.33158331030671456,0.0,1.0,10.0,False
Glass-2,rf,loo,chb09,medication_titration,szcore,67.86555555555556,0.83,0.047619047619047616,4.47502426152286,False,1.0,50.92421290459896,4.0,144.0,4.0,False
Glass-2,rf,loo,chb09,medication_titration,ali,67.86555555555556,0.66,0.047619047619047616,4.003969076099401,False,1.0,114.57947903534765,4.0,324.0,4.0,False
Glass-2,rf,loo,chb09,realtime_alert,szcore,67.86555555555556,0.9,0.047619047619047616,1.1776379635586474,False,1.0,24.75482571751338,4.0,70.0,4.0,False
Glass-2,rf,loo,chb09,realtime_alert,ali,67.86555555555556,0.73,0.0,1.6486931489821064,False,1.0,61.88706429378345,4.0,175.0,4.0,False
Glass-2,rf,loo,chb18,medication_titration,szcore,34.63333333333333,0.87,0.043478260869565216,4.889264823264514,False,0.0,1.3859480269489894,0.0,2.0,6.0,False
Glass-2,rf,loo,chb18,medication_titration,ali,34.63333333333333,0.74,0.0,4.374605368184039,False,0.0,0.0,0.0,0.0,6.0,False
Glass-2,rf,loo,chb18,realtime_alert,szcore,34.63333333333333,0.92,0.043478260869565216,1.801308092781663,False,0.0,0.6929740134744947,0.0,1.0,6.0,False
Glass-2,rf,loo,chb18,realtime_alert,ali,34.63333333333333,0.8,0.0,1.801308092781663,False,0.0,0.0,0.0,0.0,6.0,False
Glass-2,rf,loo,chb13,medication_titration,szcore,33.0,0.99,0.0,3.8319685524608076,False,0.0,0.0,0.0,0.0,12.0,False
Glass-2,rf,loo,chb13,medication_titration,ali,33.0,0.95,0.0,3.226920886282785,False,0.0,0.7272727272727273,0.0,1.0,12.0,False
Glass-2,rf,loo,chb13,realtime_alert,szcore,33.0,,,,False,,,,,,False
Glass-2,rf,loo,chb13,realtime_alert,ali,33.0,0.96,0.0,1.4117778877487186,False,0.0,0.7272727272727273,0.0,1.0,12.0,False
Glass-2,rf,loo,chb02,medication_titration,szcore,34.26555555555556,0.99,0.0,3.3515575797957298,False,0.0,0.0,0.0,0.0,3.0,False
Glass-2,rf,loo,chb02,medication_titration,ali,34.26555555555556,0.91,0.0,4.337309809147415,False,0.0,0.0,0.0,0.0,3.0,False
Glass-2,rf,loo,chb02,realtime_alert,szcore,34.26555555555556,,,,False,,,,,,False
Glass-2,rf,loo,chb02,realtime_alert,ali,34.26555555555556,0.95,0.0,0.9857522293516853,False,0.0,0.0,0.0,0.0,3.0,False
Glass-2,rf,loo,chb14,medication_titration,szcore,26.0,0.99,0.0,1.649201168184161,False,0.0,0.0,0.0,0.0,8.0,False
Glass-2,rf,loo,chb14,medication_titration,ali,26.0,0.92,0.0,4.123002920460403,False,0.0,0.0,0.0,0.0,8.0,False
Glass-2,rf,loo,chb14,realtime_alert,szcore,26.0,0.99,0.0,1.649201168184161,False,0.0,0.0,0.0,0.0,8.0,False
Glass-2,rf,loo,chb14,realtime_alert,ali,26.0,0.94,0.0,1.649201168184161,False,0.0,0.0,0.0,0.0,8.0,False
Glass-2,rf,loo,chb06,medication_titration,szcore,58.733333333333334,0.81,0.2702702702702703,4.1054232133806385,False,0.75,240.27241770715094,6.0,588.0,8.0,False
Glass-2,rf,loo,chb06,medication_titration,ali,58.733333333333334,0.67,0.05405405405405406,4.926507856056767,False,0.125,600.6810442678774,1.0,1470.0,8.0,False
Glass-2,rf,loo,chb06,realtime_alert,szcore,58.733333333333334,0.89,0.1891891891891892,1.9158641662442981,False,0.5,192.0544835414302,4.0,470.0,8.0,False
Glass-2,rf,loo,chb06,realtime_alert,ali,58.733333333333334,0.76,0.05405405405405406,1.9158641662442981,False,0.0,291.35073779795687,0.0,713.0,8.0,False
Glass-2,rf,loo,chb03,medication_titration,szcore,37.00111111111111,0.92,0.08823529411764706,4.37892081226278,False,0.14285714285714285,1.2972583405903728,1.0,2.0,7.0,False
Glass-2,rf,loo,chb03,medication_titration,ali,37.00111111111111,0.8,0.029411764705882353,4.500557501492302,False,0.0,2.5945166811807456,0.0,4.0,7.0,False
Glass-2,rf,loo,chb03,realtime_alert,szcore,37.00111111111111,0.96,0.08823529411764706,1.5812769599837817,False,0.0,0.0,0.0,0.0,7.0,False
Glass-2,rf,loo,chb03,realtime_alert,ali,37.00111111111111,0.87,0.0,1.824550338442825,False,0.0,0.0,0.0,0.0,7.0,False
Glass-2,rf,loo,chb12,medication_titration,szcore,20.685555555555556,0.98,0.6666666666666666,4.472906301931529,True,0.0,0.0,0.0,0.0,27.0,False
Glass-2,rf,loo,chb12,medication_titration,ali,20.685555555555556,0.93,0.08333333333333333,4.137438329286664,False,0.0,0.0,0.0,0.0,27.0,False
Glass-2,rf,loo,chb12,realtime_alert,szcore,20.685555555555556,0.99,0.5833333333333334,1.3418718905794587,False,0.0,0.0,0.0,0.0,27.0,False
Glass-2,rf,loo,chb12,realtime_alert,ali,20.685555555555556,0.97,0.0,1.2300492330311705,False,0.0,0.0,0.0,0.0,27.0,False
Glass-2,rf,loo,chb22,medication_titration,szcore,30.002222222222223,0.98,0.3333333333333333,4.158233479190622,False,1.0,0.0,3.0,0.0,3.0,True
Glass-2,rf,loo,chb22,medication_titration,ali,30.002222222222223,0.91,0.08333333333333333,4.383002856444169,False,0.0,3.1997629805199614,0.0,4.0,3.0,False
Glass-2,rf,loo,chb22,realtime_alert,szcore,30.002222222222223,0.99,0.25,1.4610009521480565,False,1.0,0.0,3.0,0.0,3.0,True
Glass-2,rf,loo,chb22,realtime_alert,ali,30.002222222222223,0.95,0.0,1.6857703294016035,False,0.0,3.1997629805199614,0.0,4.0,3.0,False
Glass-2,rf,loo,chb04,medication_titration,szcore,146.6211111111111,,,,False,,,,,,False
Glass-2,rf,loo,chb04,medication_titration,ali,146.6211111111111,0.95,0.0,4.912564439502678,False,0.0,0.16368720587455193,0.0,1.0,4.0,False
Glass-2,rf,loo,chb04,realtime_alert,szcore,146.6211111111111,,,,False,,,,,,False
Glass-2,rf,loo,chb04,realtime_alert,ali,146.6211111111111,0.97,0.0,1.9104417264732638,False,0.0,0.0,0.0,0.0,4.0,False
Glass-2,rf,loo,chb05,medication_titration,szcore,38.00222222222222,0.75,0.46153846153846156,4.392667267075332,False,1.0,145.2546634699725,5.0,230.0,5.0,False
Glass-2,rf,loo,chb05,medication_titration,ali,38.00222222222222,0.5,0.0,4.392667267075332,False,0.8,301.8770832115081,4.0,478.0,5.0,False
Glass-2,rf,loo,chb05,realtime_alert,szcore,38.00222222222222,0.82,0.46153846153846156,1.8825716858894281,False,1.0,128.83457107771474,5.0,204.0,5.0,False
Glass-2,rf,loo,chb05,realtime_alert,ali,38.00222222222222,0.69,0.0,1.8825716858894281,False,0.8,183.77872639026955,4.0,291.0,5.0,False
Glass-2,rf,loo,chb19,medication_titration,szcore,28.92888888888889,0.91,0.5769230769230769,4.53107855160395,False,0.6666666666666666,0.0,2.0,0.0,3.0,True
Glass-2,rf,loo,chb19,medication_titration,ali,28.92888888888889,0.74,0.11538461538461539,4.879623055573484,False,0.0,2.4888615762789983,0.0,3.0,3.0,False
Glass-2,rf,loo,chb19,realtime_alert,szcore,28.92888888888889,0.96,0.3076923076923077,1.742722519847673,False,0.6666666666666666,0.0,2.0,0.0,3.0,False
Glass-2,rf,loo,chb19,realtime_alert,ali,28.92888888888889,0.94,0.038461538461538464,1.3941780158781385,False,0.0,0.0,0.0,0.0,3.0,False
Glass-2,rf,loo,chb17,medication_titration,szcore,21.006666666666668,0.9,0.7142857142857143,4.597927002996512,True,0.0,0.0,0.0,0.0,3.0,False
Glass-2,rf,loo,chb17,medication_titration,ali,21.006666666666668,0.79,0.07142857142857142,4.951613695534705,False,0.0,0.0,0.0,0.0,3.0,False
Glass-2,rf,loo,chb17,realtime_alert,szcore,21.006666666666668,0.98,0.25,1.414746770152773,False,0.0,0.0,0.0,0.0,3.0,False
Glass-2,rf,loo,chb17,realtime_alert,ali,21.006666666666668,0.93,0.03571428571428571,1.7684334626909661,False,0.0,0.0,0.0,0.0,3.0,False
Glass-2,rf,loo,chb23,medication_titration,szcore,26.555555555555557,0.92,0.6153846153846154,4.731032065884002,True,0.14285714285714285,1.807531380753138,1.0,2.0,7.0,False
Glass-2,rf,loo,chb23,medication_titration,ali,26.555555555555557,0.87,0.038461538461538464,4.415629928158402,False,0.0,0.0,0.0,0.0,7.0,False
Glass-2,rf,loo,chb23,realtime_alert,szcore,26.555555555555557,0.96,0.38461538461538464,1.8924128263536009,False,0.0,0.0,0.0,0.0,7.0,False
Glass-2,rf,loo,chb23,realtime_alert,ali,26.555555555555557,0.93,0.038461538461538464,1.5770106886280006,False,0.0,0.0,0.0,0.0,7.0,False
Glass-2,rf,loo,chb24,medication_titration,szcore,21.295555555555556,0.75,0.3333333333333333,4.30349483158709,False,1.0,34.936867369299804,16.0,31.0,16.0,False
Glass-2,rf,loo,chb24,medication_titration,ali,21.295555555555556,0.59,0.1,4.30349483158709,False,0.25,22.539914431806324,4.0,20.0,16.0,False
Glass-2,rf,loo,chb24,realtime_alert,szcore,21.295555555555556,0.82,0.3333333333333333,1.7720272835946838,False,1.0,24.793905874986958,16.0,22.0,16.0,False
Glass-2,rf,loo,chb24,realtime_alert,ali,21.295555555555556,0.78,0.03333333333333333,1.7720272835946838,False,0.125,14.650944380674112,2.0,13.0,16.0,False
Glass-2,rf,loo,chb08,medication_titration,szcore,20.005555555555556,0.94,0.06060606060606061,4.6875,False,0.8,0.0,4.0,0.0,5.0,True
Glass-2,rf,loo,chb08,medication_titration,ali,20.005555555555556,0.82,0.0,4.921875,False,0.0,4.798667036934185,0.0,4.0,5.0,False
Glass-2,rf,loo,chb08,realtime_alert,szcore,20.005555555555556,0.98,0.0,1.171875,False,0.6,0.0,3.0,0.0,5.0,False
Glass-2,rf,loo,chb08,realtime_alert,ali,20.005555555555556,0.88,0.0,1.640625,False,0.0,3.5990002777006387,0.0,3.0,5.0,False
Glass-2,rf,loo,chb11,medication_titration,szcore,34.79222222222222,0.94,0.03333333333333333,4.9267479603474,False,0.4,0.0,2.0,0.0,5.0,False
Glass-2,rf,loo,chb11,medication_titration,ali,34.79222222222222,0.81,0.0,4.9267479603474,False,0.0,5.518474754894133,0.0,8.0,5.0,False
Glass-2,rf,loo,chb11,realtime_alert,szcore,34.79222222222222,0.98,0.03333333333333333,1.136941837003246,False,0.2,0.0,1.0,0.0,5.0,False
Glass-2,rf,loo,chb11,realtime_alert,ali,34.79222222222222,0.86,0.0,1.8949030616720766,False,0.0,3.449046721808833,0.0,5.0,5.0,False
Glass-2,rf,loo,chb15,medication_titration,szcore,40.00888888888889,0.94,0.05,4.997791380071938,False,0.0,0.0,0.0,0.0,20.0,False
Glass-2,rf,loo,chb15,medication_titration,ali,40.00888888888889,0.81,0.0,4.997791380071938,False,0.0,0.0,0.0,0.0,20.0,False
Glass-2,rf,loo,chb15,realtime_alert,szcore,40.00888888888889,0.97,0.05,1.817378683662523,False,0.0,0.0,0.0,0.0,20.0,False
Glass-2,rf,loo,chb15,realtime_alert,ali,40.00888888888889,0.86,0.0,1.817378683662523,False,0.0,0.0,0.0,0.0,20.0,False
Glass-2,rf,loo,chb20,medication_titration,szcore,27.59888888888889,0.91,0.47368421052631576,3.807408582533513,False,0.0,9.565602479971012,0.0,11.0,8.0,False
Glass-2,rf,loo,chb20,medication_titration,ali,27.59888888888889,0.77,0.2631578947368421,4.7592607281668915,False,0.0,4.348001127259551,0.0,5.0,8.0,False
Glass-2,rf,loo,chb20,realtime_alert,szcore,27.59888888888889,0.93,0.42105263157894735,1.9037042912667566,False,0.0,6.087201578163372,0.0,7.0,8.0,False
Glass-2,rf,loo,chb20,realtime_alert,ali,27.59888888888889,0.86,0.15789473684210525,1.9037042912667566,False,0.0,0.0,0.0,0.0,8.0,False
Glass-2,rf,loo,chb07,medication_titration,szcore,59.047777777777775,0.82,0.3333333333333333,3.7876010266056648,False,1.0,15.851570291477712,2.0,39.0,2.0,False
Glass-2,rf,loo,chb07,medication_titration,ali,59.047777777777775,0.69,0.25925925925925924,3.959764709633195,False,0.0,7.316109365297406,0.0,18.0,2.0,False
Glass-2,rf,loo,chb07,realtime_alert,szcore,59.047777777777775,0.86,0.2962962962962963,1.2051457811927115,False,1.0,8.941911446474606,2.0,22.0,2.0,False
Glass-2,rf,loo,chb07,realtime_alert,ali,59.047777777777775,0.71,0.2222222222222222,1.8938005133028324,False,0.0,6.503208324708805,0.0,16.0,2.0,False
Glass-2,lr,5fold,0,medication_titration,szcore,76.32555555555555,0.96,0.15,4.811004030899944,False,0.0,5.345522833476482,0.0,17.0,36.0,False
Glass-2,lr,5fold,0,medication_titration,ali,76.32555555555555,0.93,0.125,4.693662469170677,False,0.0,3.144425196162637,0.0,10.0,36.0,False
Glass-2,lr,5fold,0,realtime_alert,szcore,76.32555555555555,0.99,0.125,1.877464987668271,False,0.0,3.144425196162637,0.0,10.0,36.0,False
Glass-2,lr,5fold,0,realtime_alert,ali,76.32555555555555,,,,False,,,,,,False
Glass-2,lr,5fold,1,medication_titration,szcore,204.5311111111111,,,,False,,,,,,False
Glass-2,lr,5fold,1,medication_titration,ali,204.5311111111111,,,,False,,,,,,False
Glass-2,lr,5fold,1,realtime_alert,szcore,204.5311111111111,,,,False,,,,,,False
Glass-2,lr,5fold,1,realtime_alert,ali,204.5311111111111,,,,False,,,,,,False
Glass-2,lr,5fold,2,medication_titration,szcore,312.25333333333333,,,,False,,,,,,False
Glass-2,lr,5fold,2,medication_titration,ali,312.25333333333333,0.99,0.02857142857142857,4.662146720499733,False,0.08108108108108109,12.682010333489902,3.0,165.0,37.0,False
Glass-2,lr,5fold,2,realtime_alert,szcore,312.25333333333333,,,,False,,,,,,False
Glass-2,lr,5fold,2,realtime_alert,ali,312.25333333333333,,,,False,,,,,,False
Glass-2,lr,5fold,3,medication_titration,szcore,175.02666666666667,0.9,0.5142857142857142,4.872668939242029,False,0.45714285714285713,34.00624666717452,16.0,248.0,35.0,False
Glass-2,lr,5fold,3,medication_titration,ali,175.02666666666667,0.96,0.0,4.601965109284139,False,0.02857142857142857,2.742439247352784,1.0,20.0,35.0,False
Glass-2,lr,5fold,3,realtime_alert,szcore,175.02666666666667,0.95,0.2571428571428571,1.7595748947262884,False,0.45714285714285713,8.090195779690713,16.0,59.0,35.0,False
Glass-2,lr,5fold,3,realtime_alert,ali,175.02666666666667,,,,False,,,,,,False
Glass-2,lr,5fold,4,medication_titration,szcore,177.31555555555556,0.78,0.05555555555555555,4.087752755011428,False,0.5142857142857142,11.775616603168238,18.0,87.0,35.0,False
Glass-2,lr,5fold,4,medication_titration,ali,177.31555555555556,0.67,0.0,4.402195274627691,False,0.11428571428571428,21.79165831161019,4.0,161.0,35.0,False
Glass-2,lr,5fold,4,realtime_alert,szcore,177.31555555555556,0.88,0.05555555555555555,1.886655117697582,False,0.2857142857142857,2.57168638459996,10.0,19.0,35.0,False
Glass-2,lr,5fold,4,realtime_alert,ali,177.31555555555556,0.87,0.0,1.5722125980813184,False,0.0,3.113094044515741,0.0,23.0,35.0,False
Glass-2,lr,loo,chb16,medication_titration,szcore,19.0,0.91,0.6190476190476191,4.844164045301905,True,0.0,8.842105263157896,0.0,7.0,10.0,False
Glass-2,lr,loo,chb16,medication_titration,ali,19.0,0.88,0.47619047619047616,4.844164045301905,False,0.0,16.42105263157895,0.0,13.0,10.0,False
Glass-2,lr,loo,chb16,realtime_alert,szcore,19.0,0.95,0.5714285714285714,1.9121700178823307,False,0.0,7.578947368421053,0.0,6.0,10.0,False
Glass-2,lr,loo,chb16,realtime_alert,ali,19.0,,,,False,,,,,,False
Glass-2,lr,loo,chb10,medication_titration,szcore,48.022222222222226,0.91,0.3,4.94056203976085,False,1.0,5.997223507635353,7.0,12.0,7.0,False
Glass-2,lr,loo,chb10,medication_titration,ali,48.022222222222226,0.86,0.2,4.803324205323048,False,0.7142857142857143,9.995372512725588,5.0,20.0,7.0,False
Glass-2,lr,loo,chb10,realtime_alert,szcore,48.022222222222226,0.98,0.2,1.784091847691418,False,0.8571428571428571,0.0,6.0,0.0,7.0,True
Glass-2,lr,loo,chb10,realtime_alert,ali,48.022222222222226,0.99,0.0,1.5096161788158153,False,0.0,0.49976862563627944,0.0,1.0,7.0,False
Glass-2,lr,loo,chb01+21,medication_titration,szcore,72.38,0.9,0.22727272727272727,4.605203814709427,False,0.2,0.33158331030671456,2.0,1.0,10.0,False
Glass-2,lr,loo,chb01+21,medication_titration,ali,72.38,0.87,0.18181818181818182,4.605203814709427,False,0.0,0.6631666206134291,0.0,2.0,10.0,False
Glass-2,lr,loo,chb01+21,realtime_alert,szcore,72.38,,,,False,,,,,,False
Glass-2,lr,loo,chb01+21,realtime_alert,ali,72.38,,,,False,,,,,,False
Glass-2,lr,loo,chb09,medication_titration,szcore,67.86555555555556,0.97,0.047619047619047616,4.239496668811131,False,1.0,6.011886245681821,4.0,17.0,4.0,False
Glass-2,lr,loo,chb09,medication_titration,ali,67.86555555555556,0.91,0.0,4.003969076099401,False,1.0,8.48736881743316,4.0,24.0,4.0,False
Glass-2,lr,loo,chb09,realtime_alert,szcore,67.86555555555556,0.99,0.0,1.1776379635586474,False,1.0,4.597324776109628,4.0,13.0,4.0,False
Glass-2,lr,loo,chb09,realtime_alert,ali,67.86555555555556,0.94,0.0,1.8842207416938357,False,1.0,7.072807347860966,4.0,20.0,4.0,False
Glass-2,lr,loo,chb18,medication_titration,szcore,34.63333333333333,0.94,0.043478260869565216,4.374605368184039,False,0.0,0.6929740134744947,0.0,1.0,6.0,False
Glass-2,lr,loo,chb18,medication_titration,ali,34.63333333333333,0.83,0.043478260869565216,3.8599459131035636,False,0.0,0.6929740134744947,0.0,1.0,6.0,False
Glass-2,lr,loo,chb18,realtime_alert,szcore,34.63333333333333,0.98,0.0,1.0293189101609503,False,0.0,0.0,0.0,0.0,6.0,False
Glass-2,lr,loo,chb18,realtime_alert,ali,34.63333333333333,0.89,0.0,1.801308092781663,False,0.0,0.6929740134744947,0.0,1.0,6.0,False
Glass-2,lr,loo,chb13,medication_titration,szcore,33.0,0.95,0.0,4.235333663246156,False,0.0,4.363636363636363,0.0,6.0,12.0,False
Glass-2,lr,loo,chb13,medication_titration,ali,33.0,0.98,0.0,4.43701621863883,False,0.0,0.0,0.0,0.0,12.0,False
Glass-2,lr,loo,chb13,realtime_alert,szcore,33.0,,,,False,,,,,,False
Glass-2,lr,loo,chb13,realtime_alert,ali,33.0,,,,False,,,,,,False
Glass-2,lr,loo,chb02,medication_titration,szcore,34.26555555555556,0.95,0.0,4.337309809147415,False,0.0,2.1012354486202534,0.0,3.0,3.0,False
Glass-2,lr,loo,chb02,medication_titration,ali,34.26555555555556,0.94,0.0,3.943008917406741,False,0.0,2.1012354486202534,0.0,3.0,3.0,False
Glass-2,lr,loo,chb02,realtime_alert,szcore,34.26555555555556,,,,False,,,,,,False
Glass-2,lr,loo,chb02,realtime_alert,ali,34.26555555555556,0.98,0.0,1.9715044587033705,False,0.0,2.1012354486202534,0.0,3.0,3.0,False
Glass-2,lr,loo,chb14,medication_titration,szcore,26.0,0.96,0.0,4.741453358529463,False,0.0,0.0,0.0,0.0,8.0,False
Glass-2,lr,loo,chb14,medication_titration,ali,26.0,0.97,0.0,4.947603504552482,False,0.0,0.0,0.0,0.0,8.0,False
Glass-2,lr,loo,chb14,realtime_alert,szcore,26.0,,,,False,,,,,,False
Glass-2,lr,loo,chb14,realtime_alert,ali,26.0,,,,False,,,,,,False
Glass-2,lr,loo,chb06,medication_titration,szcore,58.733333333333334,0.91,0.21621621621621623,4.926507856056767,False,0.0,21.657207718501702,0.0,53.0,8.0,False
Glass-2,lr,loo,chb06,medication_titration,ali,58.733333333333334,0.91,0.0,4.652812975164724,False,0.0,13.484676503972757,0.0,33.0,8.0,False
Glass-2,lr,loo,chb06,realtime_alert,szcore,58.733333333333334,0.96,0.0,1.368474404460213,False,0.0,7.763904653802497,0.0,19.0,8.0,False
Glass-2,lr,loo,chb06,realtime_alert,ali,58.733333333333334,0.94,0.0,1.6421692853522556,False,0.0,11.441543700340521,0.0,28.0,8.0,False
Glass-2,lr,loo,chb03,medication_titration,szcore,37.00111111111111,,,,False,,,,,,False
Glass-2,lr,loo,chb03,medication_titration,ali,37.00111111111111,,,,False,,,,,,False
Glass-2,lr,loo,chb03,realtime_alert,szcore,37.00111111111111,,,,False,,,,,,False
Glass-2,lr,loo,chb03,realtime_alert,ali,37.00111111111111,,,,False,,,,,,False
Glass-2,lr,loo,chb12,medication_titration,szcore,20.685555555555556,,,,False,,,,,,False
Glass-2,lr,loo,chb12,medication_titration,ali,20.685555555555556,,,,False,,,,,,False
Glass-2,lr,loo,chb12,realtime_alert,szcore,20.685555555555556,,,,False,,,,,,False
Glass-2,lr,loo,chb12,realtime_alert,ali,20.685555555555556,,,,False,,,,,,False
Glass-2,lr,loo,chb22,medication_titration,szcore,30.002222222222223,,,,False,,,,,,False
Glass-2,lr,loo,chb22,medication_titration,ali,30.002222222222223,,,,False,,,,,,False
Glass-2,lr,loo,chb22,realtime_alert,szcore,30.002222222222223,,,,False,,,,,,False
Glass-2,lr,loo,chb22,realtime_alert,ali,30.002222222222223,,,,False,,,,,,False
Glass-2,lr,loo,chb04,medication_titration,szcore,146.6211111111111,,,,False,,,,,,False
Glass-2,lr,loo,chb04,medication_titration,ali,146.6211111111111,0.98,0.0,3.8208834529465276,False,0.0,11.458104411218637,0.0,70.0,4.0,False
Glass-2,lr,loo,chb04,realtime_alert,szcore,146.6211111111111,,,,False,,,,,,False
Glass-2,lr,loo,chb04,realtime_alert,ali,146.6211111111111,0.99,0.0,1.6375214798342261,False,0.0,9.493857940724013,0.0,58.0,4.0,False
Glass-2,lr,loo,chb05,medication_titration,szcore,38.00222222222222,0.87,0.38461538461538464,4.7064292147235705,False,1.0,135.78153324366994,5.0,215.0,5.0,False
Glass-2,lr,loo,chb05,medication_titration,ali,38.00222222222222,0.78,0.0,4.392667267075332,False,0.8,365.6628267352786,4.0,579.0,5.0,False
Glass-2,lr,loo,chb05,realtime_alert,szcore,38.00222222222222,0.95,0.23076923076923078,1.8825716858894281,False,1.0,62.52265949359686,5.0,99.0,5.0,False
Glass-2,lr,loo,chb05,realtime_alert,ali,38.00222222222222,0.82,0.0,1.8825716858894281,False,0.8,303.14016724168175,4.0,480.0,5.0,False
Glass-2,lr,loo,chb19,medication_titration,szcore,28.92888888888889,0.94,0.5769230769230769,4.53107855160395,False,1.0,0.0,3.0,0.0,3.0,True
Glass-2,lr,loo,chb19,medication_titration,ali,28.92888888888889,0.82,0.15384615384615385,4.879623055573484,False,0.0,3.3184821017053308,0.0,4.0,3.0,False
Glass-2,lr,loo,chb19,realtime_alert,szcore,28.92888888888889,,,,False,,,,,,False
Glass-2,lr,loo,chb19,realtime_alert,ali,28.92888888888889,,,,False,,,,,,False
Glass-2,lr,loo,chb17,medication_titration,szcore,21.006666666666668,0.9,0.7142857142857143,4.244240310458319,True,0.0,6.854966677245319,0.0,6.0,3.0,False
Glass-2,lr,loo,chb17,medication_titration,ali,21.006666666666668,0.92,0.10714285714285714,4.951613695534705,False,0.0,0.0,0.0,0.0,3.0,False
Glass-2,lr,loo,chb17,realtime_alert,szcore,21.006666666666668,0.98,0.5357142857142857,1.7684334626909661,False,0.0,3.4274833386226593,0.0,3.0,3.0,False
Glass-2,lr,loo,chb17,realtime_alert,ali,21.006666666666668,0.98,0.0,1.7684334626909661,False,0.0,0.0,0.0,0.0,3.0,False
Glass-2,lr,loo,chb23,medication_titration,szcore,26.555555555555557,0.88,0.8461538461538461,4.415629928158402,True,0.0,3.615062761506276,0.0,4.0,7.0,False
Glass-2,lr,loo,chb23,medication_titration,ali,26.555555555555557,0.94,0.038461538461538464,4.731032065884002,False,0.0,0.0,0.0,0.0,7.0,False
Glass-2,lr,loo,chb23,realtime_alert,szcore,26.555555555555557,0.97,0.6153846153846154,1.2616085509024006,False,0.0,0.0,0.0,0.0,7.0,False
Glass-2,lr,loo,chb23,realtime_alert,ali,26.555555555555557,0.98,0.0,1.8924128263536009,False,0.0,0.0,0.0,0.0,7.0,False
Glass-2,lr,loo,chb24,medication_titration,szcore,21.295555555555556,0.91,0.23333333333333334,3.5440545671893675,False,1.0,60.85776896587708,16.0,54.0,16.0,False
Glass-2,lr,loo,chb24,medication_titration,ali,21.295555555555556,0.85,0.06666666666666667,4.050348076787849,False,0.375,57.47678180110613,6.0,51.0,16.0,False
Glass-2,lr,loo,chb24,realtime_alert,szcore,21.295555555555556,0.95,0.23333333333333334,0.7594402643977216,False,0.9375,34.936867369299804,15.0,31.0,16.0,False
Glass-2,lr,loo,chb24,realtime_alert,ali,21.295555555555556,0.9,0.03333333333333333,1.7720272835946838,False,0.1875,41.6988416988417,3.0,37.0,16.0,False
Glass-2,lr,loo,chb08,medication_titration,szcore,20.005555555555556,0.86,0.06060606060606061,4.921875,False,1.0,31.1913357400722,5.0,26.0,5.0,False
Glass-2,lr,loo,chb08,medication_titration,ali,20.005555555555556,0.79,0.030303030303030304,3.984375,False,0.4,39.58900305470703,2.0,33.0,5.0,False
Glass-2,lr,loo,chb08,realtime_alert,szcore,20.005555555555556,0.9,0.06060606060606061,1.875,False,1.0,10.797000833101917,5.0,9.0,5.0,False
Glass-2,lr,loo,chb08,realtime_alert,ali,20.005555555555556,0.82,0.030303030303030304,1.875,False,0.2,19.19466814773674,1.0,16.0,5.0,False
Glass-2,lr,loo,chb11,medication_titration,szcore,34.79222222222222,0.97,0.06666666666666667,4.358277041845776,False,0.2,0.0,1.0,0.0,5.0,False
Glass-2,lr,loo,chb11,medication_titration,ali,34.79222222222222,0.91,0.03333333333333333,4.9267479603474,False,0.0,2.0694280330853,0.0,3.0,5.0,False
Glass-2,lr,loo,chb11,realtime_alert,szcore,34.79222222222222,,,,False,,,,,,False
Glass-2,lr,loo,chb11,realtime_alert,ali,34.79222222222222,0.98,0.0,1.8949030616720766,False,0.0,1.3796186887235333,0.0,2.0,5.0,False
Glass-2,lr,loo,chb15,medication_titration,szcore,40.00888888888889,,,,False,,,,,,False
Glass-2,lr,loo,chb15,medication_titration,ali,40.00888888888889,,,,False,,,,,,False
Glass-2,lr,loo,chb15,realtime_alert,szcore,40.00888888888889,,,,False,,,,,,False
Glass-2,lr,loo,chb15,realtime_alert,ali,40.00888888888889,,,,False,,,,,,False
Glass-2,lr,loo,chb20,medication_titration,szcore,27.59888888888889,,,,False,,,,,,False
Glass-2,lr,loo,chb20,medication_titration,ali,27.59888888888889,,,,False,,,,,,False
Glass-2,lr,loo,chb20,realtime_alert,szcore,27.59888888888889,,,,False,,,,,,False
Glass-2,lr,loo,chb20,realtime_alert,ali,27.59888888888889,,,,False,,,,,,False
Glass-2,lr,loo,chb07,medication_titration,szcore,59.047777777777775,0.9,0.4074074074074074,3.7876010266056648,False,1.0,10.567713527651808,2.0,26.0,2.0,False
Glass-2,lr,loo,chb07,medication_titration,ali,59.047777777777775,0.86,0.18518518518518517,4.992746807798376,False,0.5,13.81931769000621,1.0,34.0,2.0,False
Glass-2,lr,loo,chb07,realtime_alert,szcore,59.047777777777775,0.92,0.3333333333333333,1.7216368302753022,False,1.0,11.380614568240409,2.0,28.0,2.0,False
Glass-2,lr,loo,chb07,realtime_alert,ali,59.047777777777775,,,,False,,,,,,False
Glass-2,mlp,5fold,0,medication_titration,szcore,76.32555555555555,0.98,0.25,3.754929975336542,False,0.027777777777777776,1.2577700784650547,1.0,4.0,36.0,False
Glass-2,mlp,5fold,0,medication_titration,ali,76.32555555555555,0.95,0.125,3.637588413607275,False,0.0,0.0,0.0,0.0,36.0,False
Glass-2,mlp,5fold,0,realtime_alert,szcore,76.32555555555555,,,,False,,,,,,False
Glass-2,mlp,5fold,0,realtime_alert,ali,76.32555555555555,0.99,0.075,1.7601234259390042,False,0.0,0.0,0.0,0.0,36.0,False
Glass-2,mlp,5fold,1,medication_titration,szcore,204.5311111111111,,,,False,,,,,,False
Glass-2,mlp,5fold,1,medication_titration,ali,204.5311111111111,,,,False,,,,,,False
Glass-2,mlp,5fold,1,realtime_alert,szcore,204.5311111111111,,,,False,,,,,,False
Glass-2,mlp,5fold,1,realtime_alert,ali,204.5311111111111,,,,False,,,,,,False
Glass-2,mlp,5fold,2,medication_titration,szcore,312.25333333333333,,,,False,,,,,,False
Glass-2,mlp,5fold,2,medication_titration,ali,312.25333333333333,,,,False,,,,,,False
Glass-2,mlp,5fold,2,realtime_alert,szcore,312.25333333333333,,,,False,,,,,,False
Glass-2,mlp,5fold,2,realtime_alert,ali,312.25333333333333,,,,False,,,,,,False
Glass-2,mlp,5fold,3,medication_titration,szcore,175.02666666666667,0.98,0.5142857142857142,4.195909364347303,False,0.4857142857142857,61.01927325359945,17.0,445.0,35.0,False
Glass-2,mlp,5fold,3,medication_titration,ali,175.02666666666667,0.91,0.08571428571428572,4.601965109284139,False,0.4,74.4572255656281,14.0,543.0,35.0,False
Glass-2,mlp,5fold,3,realtime_alert,szcore,175.02666666666667,,,,False,,,,,,False
Glass-2,mlp,5fold,3,realtime_alert,ali,175.02666666666667,0.99,0.0,1.8949268097052336,False,0.2,8.227317742058352,7.0,60.0,35.0,False
Glass-2,mlp,5fold,4,medication_titration,szcore,177.31555555555556,0.98,0.027777777777777776,3.773310235395164,False,0.45714285714285713,2.030278724684179,16.0,15.0,35.0,False
Glass-2,mlp,5fold,4,medication_titration,ali,177.31555555555556,0.73,0.0,4.7166377942439555,False,0.02857142857142857,2.9777421295367956,1.0,22.0,35.0,False
Glass-2,mlp,5fold,4,realtime_alert,szcore,177.31555555555556,,,,False,,,,,,False
Glass-2,mlp,5fold,4,realtime_alert,ali,177.31555555555556,0.82,0.0,1.886655117697582,False,0.0,2.707038299578905,0.0,20.0,35.0,False
Glass-2,mlp,loo,chb16,medication_titration,szcore,19.0,,,,False,,,,,,False
Glass-2,mlp,loo,chb16,medication_titration,ali,19.0,,,,False,,,,,,False
Glass-2,mlp,loo,chb16,realtime_alert,szcore,19.0,,,,False,,,,,,False
Glass-2,mlp,loo,chb16,realtime_alert,ali,19.0,,,,False,,,,,,False
Glass-2,mlp,loo,chb10,medication_titration,szcore,48.022222222222226,,,,False,,,,,,False
Glass-2,mlp,loo,chb10,medication_titration,ali,48.022222222222226,,,,False,,,,,,False
Glass-2,mlp,loo,chb10,realtime_alert,szcore,48.022222222222226,,,,False,,,,,,False
Glass-2,mlp,loo,chb10,realtime_alert,ali,48.022222222222226,,,,False,,,,,,False
Glass-2,mlp,loo,chb01+21,medication_titration,szcore,72.38,,,,False,,,,,,False
Glass-2,mlp,loo,chb01+21,medication_titration,ali,72.38,,,,False,,,,,,False
Glass-2,mlp,loo,chb01+21,realtime_alert,szcore,72.38,,,,False,,,,,,False
Glass-2,mlp,loo,chb01+21,realtime_alert,ali,72.38,,,,False,,,,,,False
Glass-2,mlp,loo,chb09,medication_titration,szcore,67.86555555555556,,,,False,,,,,,False
Glass-2,mlp,loo,chb09,medication_titration,ali,67.86555555555556,0.98,0.0,3.297386297964213,False,0.75,107.50667168748669,3.0,304.0,4.0,False
Glass-2,mlp,loo,chb09,realtime_alert,szcore,67.86555555555556,,,,False,,,,,,False
Glass-2,mlp,loo,chb09,realtime_alert,ali,67.86555555555556,0.99,0.0,1.4131655562703769,False,0.75,60.82614319160431,3.0,172.0,4.0,False
Glass-2,mlp,loo,chb18,medication_titration,szcore,34.63333333333333,0.99,0.08695652173913043,4.631935095724276,False,0.0,0.6929740134744947,0.0,1.0,6.0,False
Glass-2,mlp,loo,chb18,medication_titration,ali,34.63333333333333,0.9,0.043478260869565216,4.889264823264514,False,0.0,0.6929740134744947,0.0,1.0,6.0,False
Glass-2,mlp,loo,chb18,realtime_alert,szcore,34.63333333333333,,,,False,,,,,,False
Glass-2,mlp,loo,chb18,realtime_alert,ali,34.63333333333333,0.95,0.043478260869565216,1.0293189101609503,False,0.0,0.0,0.0,0.0,6.0,False
Glass-2,mlp,loo,chb13,medication_titration,szcore,33.0,,,,False,,,,,,False
Glass-2,mlp,loo,chb13,medication_titration,ali,33.0,0.97,0.0,3.630285997068133,False,0.0,3.6363636363636362,0.0,5.0,12.0,False
Glass-2,mlp,loo,chb13,realtime_alert,szcore,33.0,,,,False,,,,,,False
Glass-2,mlp,loo,chb13,realtime_alert,ali,33.0,0.98,0.0,0.20168255539267407,False,0.0,1.4545454545454546,0.0,2.0,12.0,False
Glass-2,mlp,loo,chb02,medication_titration,szcore,34.26555555555556,,,,False,,,,,,False
Glass-2,mlp,loo,chb02,medication_titration,ali,34.26555555555556,,,,False,,,,,,False
Glass-2,mlp,loo,chb02,realtime_alert,szcore,34.26555555555556,,,,False,,,,,,False
Glass-2,mlp,loo,chb02,realtime_alert,ali,34.26555555555556,,,,False,,,,,,False
Glass-2,mlp,loo,chb14,medication_titration,szcore,26.0,,,,False,,,,,,False
Glass-2,mlp,loo,chb14,medication_titration,ali,26.0,0.98,0.0,2.8861020443222816,False,0.0,0.0,0.0,0.0,8.0,False
Glass-2,mlp,loo,chb14,realtime_alert,szcore,26.0,,,,False,,,,,,False
Glass-2,mlp,loo,chb14,realtime_alert,ali,26.0,0.99,0.0,1.649201168184161,False,0.0,0.0,0.0,0.0,8.0,False
Glass-2,mlp,loo,chb06,medication_titration,szcore,58.733333333333334,0.93,0.32432432432432434,4.926507856056767,False,1.0,247.21906923950056,8.0,605.0,8.0,False
Glass-2,mlp,loo,chb06,medication_titration,ali,58.733333333333334,0.77,0.08108108108108109,4.926507856056767,False,0.125,632.5539160045403,1.0,1548.0,8.0,False
Glass-2,mlp,loo,chb06,realtime_alert,szcore,58.733333333333334,0.97,0.24324324324324326,1.9158641662442981,False,0.5,234.96027241770713,4.0,575.0,8.0,False
Glass-2,mlp,loo,chb06,realtime_alert,ali,58.733333333333334,0.87,0.08108108108108109,1.368474404460213,False,0.125,437.2304199772985,1.0,1070.0,8.0,False
Glass-2,mlp,loo,chb03,medication_titration,szcore,37.00111111111111,,,,False,,,,,,False
Glass-2,mlp,loo,chb03,medication_titration,ali,37.00111111111111,0.97,0.029411764705882353,4.987104258410389,False,0.0,3.2431458514759317,0.0,5.0,7.0,False
Glass-2,mlp,loo,chb03,realtime_alert,szcore,37.00111111111111,,,,False,,,,,,False
Glass-2,mlp,loo,chb03,realtime_alert,ali,37.00111111111111,,,,False,,,,,,False
Glass-2,mlp,loo,chb12,medication_titration,szcore,20.685555555555556,,,,False,,,,,,False
Glass-2,mlp,loo,chb12,medication_titration,ali,20.685555555555556,0.99,0.25,4.696551617028105,False,0.0,0.0,0.0,0.0,27.0,False
Glass-2,mlp,loo,chb12,realtime_alert,szcore,20.685555555555556,,,,False,,,,,,False
Glass-2,mlp,loo,chb12,realtime_alert,ali,20.685555555555556,,,,False,,,,,,False
Glass-2,mlp,loo,chb22,medication_titration,szcore,30.002222222222223,,,,False,,,,,,False
Glass-2,mlp,loo,chb22,medication_titration,ali,30.002222222222223,,,,False,,,,,,False
Glass-2,mlp,loo,chb22,realtime_alert,szcore,30.002222222222223,,,,False,,,,,,False
Glass-2,mlp,loo,chb22,realtime_alert,ali,30.002222222222223,,,,False,,,,,,False
Glass-2,mlp,loo,chb04,medication_titration,szcore,146.6211111111111,,,,False,,,,,,False
Glass-2,mlp,loo,chb04,medication_titration,ali,146.6211111111111,,,,False,,,,,,False
Glass-2,mlp,loo,chb04,realtime_alert,szcore,146.6211111111111,,,,False,,,,,,False
Glass-2,mlp,loo,chb04,realtime_alert,ali,146.6211111111111,,,,False,,,,,,False
Glass-2,mlp,loo,chb05,medication_titration,szcore,38.00222222222222,0.92,0.46153846153846156,4.7064292147235705,False,1.0,136.41307525875678,5.0,216.0,5.0,False
Glass-2,mlp,loo,chb05,medication_titration,ali,38.00222222222222,0.54,0.15384615384615385,4.392667267075332,False,1.0,330.29647389041577,5.0,523.0,5.0,False
Glass-2,mlp,loo,chb05,realtime_alert,szcore,38.00222222222222,0.98,0.23076923076923078,1.56880973824119,False,1.0,82.10046196128881,5.0,130.0,5.0,False
Glass-2,mlp,loo,chb05,realtime_alert,ali,38.00222222222222,0.84,0.0,1.8825716858894281,False,1.0,150.3069995906672,5.0,238.0,5.0,False
Glass-2,mlp,loo,chb19,medication_titration,szcore,28.92888888888889,,,,False,,,,,,False
Glass-2,mlp,loo,chb19,medication_titration,ali,28.92888888888889,0.96,0.15384615384615385,4.53107855160395,False,0.0,2.4888615762789983,0.0,3.0,3.0,False
Glass-2,mlp,loo,chb19,realtime_alert,szcore,28.92888888888889,,,,False,,,,,,False
Glass-2,mlp,loo,chb19,realtime_alert,ali,28.92888888888889,,,,False,,,,,,False
Glass-2,mlp,loo,chb17,medication_titration,szcore,21.006666666666668,,,,False,,,,,,False
Glass-2,mlp,loo,chb17,medication_titration,ali,21.006666666666668,,,,False,,,,,,False
Glass-2,mlp,loo,chb17,realtime_alert,szcore,21.006666666666668,,,,False,,,,,,False
Glass-2,mlp,loo,chb17,realtime_alert,ali,21.006666666666668,,,,False,,,,,,False
Glass-2,mlp,loo,chb23,medication_titration,szcore,26.555555555555557,,,,False,,,,,,False
Glass-2,mlp,loo,chb23,medication_titration,ali,26.555555555555557,,,,False,,,,,,False
Glass-2,mlp,loo,chb23,realtime_alert,szcore,26.555555555555557,,,,False,,,,,,False
Glass-2,mlp,loo,chb23,realtime_alert,ali,26.555555555555557,,,,False,,,,,,False
Glass-2,mlp,loo,chb24,medication_titration,szcore,21.295555555555556,0.82,0.3333333333333333,4.30349483158709,False,1.0,65.36575185223835,16.0,58.0,16.0,False
Glass-2,mlp,loo,chb24,medication_titration,ali,21.295555555555556,0.54,0.13333333333333333,4.809788341185571,False,0.4375,24.793905874986958,7.0,22.0,16.0,False
Glass-2,mlp,loo,chb24,realtime_alert,szcore,21.295555555555556,0.97,0.3333333333333333,1.7720272835946838,False,1.0,36.063863090890116,16.0,32.0,16.0,False
Glass-2,mlp,loo,chb24,realtime_alert,ali,21.295555555555556,,,,False,,,,,,False
Glass-2,mlp,loo,chb08,medication_titration,szcore,20.005555555555556,0.93,0.15151515151515152,4.21875,False,1.0,7.198000555401277,5.0,6.0,5.0,False
Glass-2,mlp,loo,chb08,medication_titration,ali,20.005555555555556,0.84,0.09090909090909091,4.921875,False,0.0,9.59733407386837,0.0,8.0,5.0,False
Glass-2,mlp,loo,chb08,realtime_alert,szcore,20.005555555555556,0.96,0.15151515151515152,1.171875,False,1.0,3.5990002777006387,5.0,3.0,5.0,False
Glass-2,mlp,loo,chb08,realtime_alert,ali,20.005555555555556,0.89,0.09090909090909091,1.875,False,0.0,7.198000555401277,0.0,6.0,5.0,False
Glass-2,mlp,loo,chb11,medication_titration,szcore,34.79222222222222,0.91,0.06666666666666667,4.9267479603474,False,1.0,0.6898093443617667,5.0,1.0,5.0,True
Glass-2,mlp,loo,chb11,medication_titration,ali,34.79222222222222,0.67,0.0,4.358277041845776,False,0.8,0.6898093443617667,4.0,1.0,5.0,True
Glass-2,mlp,loo,chb11,realtime_alert,szcore,34.79222222222222,0.99,0.06666666666666667,1.705412755504869,False,1.0,0.6898093443617667,5.0,1.0,5.0,True
Glass-2,mlp,loo,chb11,realtime_alert,ali,34.79222222222222,0.77,0.0,1.8949030616720766,False,0.8,0.6898093443617667,4.0,1.0,5.0,True
Glass-2,mlp,loo,chb15,medication_titration,szcore,40.00888888888889,0.98,0.1,4.316274373698492,False,0.0,0.5998666962897133,0.0,1.0,20.0,False
Glass-2,mlp,loo,chb15,medication_titration,ali,40.00888888888889,0.78,0.05,4.543446709156307,False,0.0,0.0,0.0,0.0,20.0,False
Glass-2,mlp,loo,chb15,realtime_alert,szcore,40.00888888888889,,,,False,,,,,,False
Glass-2,mlp,loo,chb15,realtime_alert,ali,40.00888888888889,0.87,0.05,1.817378683662523,False,0.0,0.0,0.0,0.0,20.0,False
Glass-2,mlp,loo,chb20,medication_titration,szcore,27.59888888888889,0.99,0.47368421052631576,4.568890299040215,False,0.0,0.8696002254519103,0.0,1.0,8.0,False
Glass-2,mlp,loo,chb20,medication_titration,ali,27.59888888888889,0.95,0.21052631578947367,3.4266677242801618,False,0.0,1.7392004509038206,0.0,2.0,8.0,False
Glass-2,mlp,loo,chb20,realtime_alert,szcore,27.59888888888889,,,,False,,,,,,False
Glass-2,mlp,loo,chb20,realtime_alert,ali,27.59888888888889,0.96,0.21052631578947367,1.7133338621400809,False,0.0,0.8696002254519103,0.0,1.0,8.0,False
Glass-2,mlp,loo,chb07,medication_titration,szcore,59.047777777777775,0.95,0.4444444444444444,4.992746807798376,False,1.0,6.503208324708805,2.0,16.0,2.0,False
Glass-2,mlp,loo,chb07,medication_titration,ali,59.047777777777775,0.87,0.18518518518518517,4.992746807798376,False,0.0,2.0322526014715017,0.0,5.0,2.0,False
Glass-2,mlp,loo,chb07,realtime_alert,szcore,59.047777777777775,0.97,0.4444444444444444,0.8608184151376511,False,1.0,4.470955723237303,2.0,11.0,2.0,False
Glass-2,mlp,loo,chb07,realtime_alert,ali,59.047777777777775,0.91,0.18518518518518517,1.549473147247772,False,0.0,1.6258020811772012,0.0,4.0,2.0,False
Best-7,rf,5fold,0,medication_titration,szcore,75.74777777777778,0.81,0.175,4.928345592629212,False,0.0,0.3168409780998342,0.0,1.0,36.0,False
Best-7,rf,5fold,0,medication_titration,ali,75.74777777777778,0.67,0.125,4.928345592629212,False,0.0,0.3168409780998342,0.0,1.0,36.0,False
Best-7,rf,5fold,0,realtime_alert,szcore,75.74777777777778,0.91,0.175,1.877464987668271,False,0.0,0.3168409780998342,0.0,1.0,36.0,False
Best-7,rf,5fold,0,realtime_alert,ali,75.74777777777778,0.83,0.1,1.994806549397538,False,0.0,0.3168409780998342,0.0,1.0,36.0,False
Best-7,rf,5fold,1,medication_titration,szcore,204.5311111111111,0.97,0.21621621621621623,3.535590759639609,False,0.15,1.0560740555634025,6.0,9.0,40.0,False
Best-7,rf,5fold,1,medication_titration,ali,204.5311111111111,0.91,0.02702702702702703,4.304197446517785,False,0.1,1.7601234259390042,4.0,15.0,40.0,False
Best-7,rf,5fold,1,realtime_alert,szcore,204.5311111111111,0.98,0.16216216216216217,1.844656048507622,False,0.15,0.5867078086463346,6.0,5.0,40.0,False
Best-7,rf,5fold,1,realtime_alert,ali,204.5311111111111,0.93,0.0,1.844656048507622,False,0.1,0.11734156172926694,4.0,1.0,40.0,False
Best-7,rf,5fold,2,medication_titration,szcore,312.25333333333333,0.99,0.34285714285714286,4.662146720499733,False,0.24324324324324326,6.071992826337589,9.0,79.0,37.0,False
Best-7,rf,5fold,2,medication_titration,ali,312.25333333333333,0.97,0.0,4.525024758132094,False,0.02702702702702703,2.3058200606345274,1.0,30.0,37.0,False
Best-7,rf,5fold,2,realtime_alert,szcore,312.25333333333333,,,,False,,,,,,False
Best-7,rf,5fold,2,realtime_alert,ali,312.25333333333333,0.99,0.0,1.371219623676392,False,0.0,0.23058200606345275,0.0,3.0,37.0,False
Best-7,rf,5fold,3,medication_titration,szcore,175.02666666666667,0.88,0.2857142857142857,4.331261279326248,False,0.45714285714285713,6.307610268911404,16.0,46.0,35.0,False
Best-7,rf,5fold,3,medication_titration,ali,175.02666666666667,0.72,0.0,4.737317024263084,False,0.34285714285714286,4.799268682867372,12.0,35.0,35.0,False
Best-7,rf,5fold,3,realtime_alert,szcore,175.02666666666667,0.93,0.22857142857142856,1.3535191497894525,False,0.4,2.605317284985145,14.0,19.0,35.0,False
Best-7,rf,5fold,3,realtime_alert,ali,175.02666666666667,0.85,0.0,1.8949268097052336,False,0.17142857142857143,2.3310733602498663,6.0,17.0,35.0,False
Best-7,rf,5fold,4,medication_titration,szcore,177.31555555555556,0.78,0.0,4.752614671497513,False,0.34285714285714286,5.820132344094646,12.0,43.0,35.0,False
Best-7,rf,5fold,4,medication_titration,ali,177.31555555555556,0.52,0.0,4.752614671497513,False,0.05714285714285714,10.82815319831562,2.0,80.0,35.0,False
Best-7,rf,5fold,4,realtime_alert,szcore,177.31555555555556,0.81,0.0,1.2673639123993368,False,0.34285714285714286,4.601965109284139,12.0,34.0,35.0,False
Best-7,rf,5fold,4,realtime_alert,ali,177.31555555555556,0.58,0.0,1.9010458685990053,False,0.0,6.226188089031482,0.0,46.0,35.0,False
Best-7,lr,5fold,0,medication_titration,szcore,75.74777777777778,,,,False,,,,,,False
Best-7,lr,5fold,0,medication_titration,ali,75.74777777777778,,,,False,,,,,,False
Best-7,lr,5fold,0,realtime_alert,szcore,75.74777777777778,,,,False,,,,,,False
Best-7,lr,5fold,0,realtime_alert,ali,75.74777777777778,,,,False,,,,,,False
Best-7,lr,5fold,1,medication_titration,szcore,204.5311111111111,,,,False,,,,,,False
Best-7,lr,5fold,1,medication_titration,ali,204.5311111111111,,,,False,,,,,,False
Best-7,lr,5fold,1,realtime_alert,szcore,204.5311111111111,,,,False,,,,,,False
Best-7,lr,5fold,1,realtime_alert,ali,204.5311111111111,,,,False,,,,,,False
Best-7,lr,5fold,2,medication_titration,szcore,312.25333333333333,,,,False,,,,,,False
Best-7,lr,5fold,2,medication_titration,ali,312.25333333333333,,,,False,,,,,,False
Best-7,lr,5fold,2,realtime_alert,szcore,312.25333333333333,,,,False,,,,,,False
Best-7,lr,5fold,2,realtime_alert,ali,312.25333333333333,,,,False,,,,,,False
Best-7,lr,5fold,3,medication_titration,szcore,175.02666666666667,,,,False,,,,,,False
Best-7,lr,5fold,3,medication_titration,ali,175.02666666666667,,,,False,,,,,,False
Best-7,lr,5fold,3,realtime_alert,szcore,175.02666666666667,,,,False,,,,,,False
Best-7,lr,5fold,3,realtime_alert,ali,175.02666666666667,,,,False,,,,,,False
Best-7,lr,5fold,4,medication_titration,szcore,177.31555555555556,,,,False,,,,,,False
Best-7,lr,5fold,4,medication_titration,ali,177.31555555555556,0.98,0.0,3.168409780998342,False,0.0,6.496891918989372,0.0,48.0,35.0,False
Best-7,lr,5fold,4,realtime_alert,szcore,177.31555555555556,,,,False,,,,,,False
Best-7,lr,5fold,4,realtime_alert,ali,177.31555555555556,,,,False,,,,,,False
Best-7,mlp,5fold,0,medication_titration,szcore,75.74777777777778,,,,False,,,,,,False
Best-7,mlp,5fold,0,medication_titration,ali,75.74777777777778,,,,False,,,,,,False
Best-7,mlp,5fold,0,realtime_alert,szcore,75.74777777777778,,,,False,,,,,,False
Best-7,mlp,5fold,0,realtime_alert,ali,75.74777777777778,,,,False,,,,,,False
Best-7,mlp,5fold,1,medication_titration,szcore,204.5311111111111,,,,False,,,,,,False
Best-7,mlp,5fold,1,medication_titration,ali,204.5311111111111,,,,False,,,,,,False
Best-7,mlp,5fold,1,realtime_alert,szcore,204.5311111111111,,,,False,,,,,,False
Best-7,mlp,5fold,1,realtime_alert,ali,204.5311111111111,,,,False,,,,,,False
Best-7,mlp,5fold,2,medication_titration,szcore,312.25333333333333,,,,False,,,,,,False
Best-7,mlp,5fold,2,medication_titration,ali,312.25333333333333,,,,False,,,,,,False
Best-7,mlp,5fold,2,realtime_alert,szcore,312.25333333333333,,,,False,,,,,,False
Best-7,mlp,5fold,2,realtime_alert,ali,312.25333333333333,,,,False,,,,,,False
Best-7,mlp,5fold,3,medication_titration,szcore,175.02666666666667,,,,False,,,,,,False
Best-7,mlp,5fold,3,medication_titration,ali,175.02666666666667,,,,False,,,,,,False
Best-7,mlp,5fold,3,realtime_alert,szcore,175.02666666666667,,,,False,,,,,,False
Best-7,mlp,5fold,3,realtime_alert,ali,175.02666666666667,,,,False,,,,,,False
Best-7,mlp,5fold,4,medication_titration,szcore,177.31555555555556,,,,False,,,,,,False
Best-7,mlp,5fold,4,medication_titration,ali,177.31555555555556,0.92,0.0,3.8020917371980105,False,0.0,7.71505915379988,0.0,57.0,35.0,False
Best-7,mlp,5fold,4,realtime_alert,szcore,177.31555555555556,,,,False,,,,,,False
Best-7,mlp,5fold,4,realtime_alert,ali,177.31555555555556,0.98,0.0,1.9010458685990053,False,0.0,4.060557449368358,0.0,30.0,35.0,False
Best-4,rf,5fold,0,medication_titration,szcore,75.74777777777778,0.87,0.225,4.693662469170677,False,0.0,0.9505229342995026,0.0,3.0,36.0,False
Best-4,rf,5fold,0,medication_titration,ali,75.74777777777778,0.71,0.125,4.928345592629212,False,0.0,0.6336819561996684,0.0,2.0,36.0,False
Best-4,rf,5fold,0,realtime_alert,szcore,75.74777777777778,0.94,0.175,1.877464987668271,False,0.0,0.0,0.0,0.0,36.0,False
Best-4,rf,5fold,0,realtime_alert,ali,75.74777777777778,0.88,0.125,1.877464987668271,False,0.0,0.0,0.0,0.0,36.0,False
Best-4,rf,5fold,1,medication_titration,szcore,204.5311111111111,0.98,0.10810810810810811,3.4587300909517915,False,0.125,2.229489672856072,5.0,19.0,40.0,False
Best-4,rf,5fold,1,medication_titration,ali,204.5311111111111,0.95,0.0,3.8430334343908794,False,0.1,0.9387324938341355,4.0,8.0,40.0,False
Best-4,rf,5fold,1,realtime_alert,szcore,204.5311111111111,0.99,0.05405405405405406,0.6917460181903583,False,0.1,0.7040493703756017,4.0,6.0,40.0,False
Best-4,rf,5fold,1,realtime_alert,ali,204.5311111111111,0.96,0.0,1.9983773858832572,False,0.1,0.7040493703756017,4.0,6.0,40.0,False
Best-4,rf,5fold,2,medication_titration,szcore,312.25333333333333,0.98,0.4,2.8795612097204235,False,0.24324324324324326,17.75481446688586,9.0,231.0,37.0,False
Best-4,rf,5fold,2,medication_titration,ali,312.25333333333333,0.92,0.08571428571428572,4.525024758132094,False,0.08108108108108109,48.19163926726163,3.0,627.0,37.0,False
Best-4,rf,5fold,2,realtime_alert,szcore,312.25333333333333,0.99,0.4,1.371219623676392,False,0.16216216216216217,6.533156838464495,6.0,85.0,37.0,False
Best-4,rf,5fold,2,realtime_alert,ali,312.25333333333333,0.99,0.0,1.371219623676392,False,0.0,0.23058200606345275,0.0,3.0,37.0,False
Best-4,rf,5fold,3,medication_titration,szcore,175.02666666666667,0.9,0.2857142857142857,4.331261279326248,False,0.45714285714285713,5.484878494705568,16.0,40.0,35.0,False
Best-4,rf,5fold,3,medication_titration,ali,175.02666666666667,0.75,0.0,4.737317024263084,False,0.3142857142857143,4.662146720499733,11.0,34.0,35.0,False
Best-4,rf,5fold,3,realtime_alert,szcore,175.02666666666667,0.96,0.17142857142857143,1.8949268097052336,False,0.37142857142857144,0.9598537365734745,13.0,7.0,35.0,False
Best-4,rf,5fold,3,realtime_alert,ali,175.02666666666667,0.85,0.0,1.8949268097052336,False,0.17142857142857143,2.4681953226175057,6.0,18.0,35.0,False
Best-4,rf,5fold,4,medication_titration,szcore,177.31555555555556,0.84,0.0,4.752614671497513,False,0.2857142857142857,4.466613194305194,10.0,33.0,35.0,False
Best-4,rf,5fold,4,medication_titration,ali,177.31555555555556,0.59,0.0,4.435773693397679,False,0.0,7.309003408863044,0.0,54.0,35.0,False
Best-4,rf,5fold,4,realtime_alert,szcore,177.31555555555556,0.87,0.0,1.9010458685990053,False,0.2857142857142857,4.195909364347303,10.0,31.0,35.0,False
Best-4,rf,5fold,4,realtime_alert,ali,177.31555555555556,0.68,0.0,1.584204890499171,False,0.0,3.5191497894525767,0.0,26.0,35.0,False
Best-4,lr,5fold,0,medication_titration,szcore,75.74777777777778,0.99,0.15,2.5815143580438726,False,0.0,0.9505229342995026,0.0,3.0,36.0,False
Best-4,lr,5fold,0,medication_titration,ali,75.74777777777778,0.97,0.1,4.576320907441411,False,0.0,0.3168409780998342,0.0,1.0,36.0,False
Best-4,lr,5fold,0,realtime_alert,szcore,75.74777777777778,,,,False,,,,,,False
Best-4,lr,5fold,0,realtime_alert,ali,75.74777777777778,,,,False,,,,,,False
Best-4,lr,5fold,1,medication_titration,szcore,204.5311111111111,,,,False,,,,,,False
Best-4,lr,5fold,1,medication_titration,ali,204.5311111111111,,,,False,,,,,,False
Best-4,lr,5fold,1,realtime_alert,szcore,204.5311111111111,,,,False,,,,,,False
Best-4,lr,5fold,1,realtime_alert,ali,204.5311111111111,,,,False,,,,,,False
Best-4,lr,5fold,2,medication_titration,szcore,312.25333333333333,,,,False,,,,,,False
Best-4,lr,5fold,2,medication_titration,ali,312.25333333333333,0.98,0.17142857142857143,4.662146720499733,False,0.02702702702702703,20.137495196208206,1.0,262.0,37.0,False
Best-4,lr,5fold,2,realtime_alert,szcore,312.25333333333333,,,,False,,,,,,False
Best-4,lr,5fold,2,realtime_alert,ali,312.25333333333333,0.99,0.14285714285714285,1.919707473146949,False,0.0,14.449805713309706,0.0,188.0,37.0,False
Best-4,lr,5fold,3,medication_titration,szcore,175.02666666666667,0.99,0.17142857142857143,1.624222979747343,False,0.42857142857142855,0.8227317742058352,15.0,6.0,35.0,False
Best-4,lr,5fold,3,medication_titration,ali,175.02666666666667,0.98,0.0,4.872668939242029,False,0.11428571428571428,1.919707473146949,4.0,14.0,35.0,False
Best-4,lr,5fold,3,realtime_alert,szcore,175.02666666666667,0.99,0.17142857142857143,1.624222979747343,False,0.42857142857142855,0.8227317742058352,15.0,6.0,35.0,False
Best-4,lr,5fold,3,realtime_alert,ali,175.02666666666667,,,,False,,,,,,False
Best-4,lr,5fold,4,medication_titration,szcore,177.31555555555556,0.99,0.027777777777777776,3.4852507590981765,False,0.2571428571428571,5.008020854220975,9.0,37.0,35.0,False
Best-4,lr,5fold,4,medication_titration,ali,177.31555555555556,0.95,0.0,4.118932715297845,False,0.0,14.347302987768197,0.0,106.0,35.0,False
Best-4,lr,5fold,4,realtime_alert,szcore,177.31555555555556,,,,False,,,,,,False
Best-4,lr,5fold,4,realtime_alert,ali,177.31555555555556,0.97,0.0,1.2673639123993368,False,0.0,7.309003408863044,0.0,54.0,35.0,False
Best-4,mlp,5fold,0,medication_titration,szcore,75.74777777777778,,,,False,,,,,,False
Best-4,mlp,5fold,0,medication_titration,ali,75.74777777777778,0.92,0.15,4.928345592629212,False,0.0,3.168409780998342,0.0,10.0,36.0,False
Best-4,mlp,5fold,0,realtime_alert,szcore,75.74777777777778,,,,False,,,,,,False
Best-4,mlp,5fold,0,realtime_alert,ali,75.74777777777778,0.97,0.15,1.4080987407512033,False,0.0,1.9010458685990053,0.0,6.0,36.0,False
Best-4,mlp,5fold,1,medication_titration,szcore,204.5311111111111,,,,False,,,,,,False
Best-4,mlp,5fold,1,medication_titration,ali,204.5311111111111,,,,False,,,,,,False
Best-4,mlp,5fold,1,realtime_alert,szcore,204.5311111111111,,,,False,,,,,,False
Best-4,mlp,5fold,1,realtime_alert,ali,204.5311111111111,,,,False,,,,,,False
Best-4,mlp,5fold,2,medication_titration,szcore,312.25333333333333,,,,False,,,,,,False
Best-4,mlp,5fold,2,medication_titration,ali,312.25333333333333,,,,False,,,,,,False
Best-4,mlp,5fold,2,realtime_alert,szcore,312.25333333333333,,,,False,,,,,,False
Best-4,mlp,5fold,2,realtime_alert,ali,312.25333333333333,,,,False,,,,,,False
Best-4,mlp,5fold,3,medication_titration,szcore,175.02666666666667,,,,False,,,,,,False
Best-4,mlp,5fold,3,medication_titration,ali,175.02666666666667,0.98,0.0,4.601965109284139,False,0.3142857142857143,1.5083415860440312,11.0,11.0,35.0,False
Best-4,mlp,5fold,3,realtime_alert,szcore,175.02666666666667,,,,False,,,,,,False
Best-4,mlp,5fold,3,realtime_alert,ali,175.02666666666667,,,,False,,,,,,False
Best-4,mlp,5fold,4,medication_titration,szcore,177.31555555555556,,,,False,,,,,,False
Best-4,mlp,5fold,4,medication_titration,ali,177.31555555555556,0.9,0.0,4.435773693397679,False,0.0,11.09885702827351,0.0,82.0,35.0,False
Best-4,mlp,5fold,4,realtime_alert,szcore,177.31555555555556,,,,False,,,,,,False
Best-4,mlp,5fold,4,realtime_alert,ali,177.31555555555556,0.96,0.0,1.584204890499171,False,0.0,6.496891918989372,0.0,48.0,35.0,False
Best-2,rf,5fold,0,medication_titration,szcore,75.74777777777778,0.91,0.25,4.693662469170677,False,0.027777777777777776,1.2673639123993368,1.0,4.0,36.0,False
Best-2,rf,5fold,0,medication_titration,ali,75.74777777777778,0.78,0.15,4.811004030899944,False,0.0,0.0,0.0,0.0,36.0,False
Best-2,rf,5fold,0,realtime_alert,szcore,75.74777777777778,0.95,0.225,1.994806549397538,False,0.0,0.3168409780998342,0.0,1.0,36.0,False
Best-2,rf,5fold,0,realtime_alert,ali,75.74777777777778,0.89,0.15,1.7601234259390042,False,0.0,0.0,0.0,0.0,36.0,False
Best-2,rf,5fold,1,medication_titration,szcore,204.5311111111111,,,,False,,,,,,False
Best-2,rf,5fold,1,medication_titration,ali,204.5311111111111,0.99,0.0,3.8430334343908794,False,0.1,1.877464987668271,4.0,16.0,40.0,False
Best-2,rf,5fold,1,realtime_alert,szcore,204.5311111111111,,,,False,,,,,,False
Best-2,rf,5fold,1,realtime_alert,ali,204.5311111111111,,,,False,,,,,,False
Best-2,rf,5fold,2,medication_titration,szcore,312.25333333333333,0.98,0.42857142857142855,4.525024758132094,False,0.16216216216216217,10.453050941543191,6.0,136.0,37.0,False
Best-2,rf,5fold,2,medication_titration,ali,312.25333333333333,0.96,0.11428571428571428,3.7022929839262586,False,0.0,3.919894103078697,0.0,51.0,37.0,False
Best-2,rf,5fold,2,realtime_alert,szcore,312.25333333333333,0.99,0.37142857142857144,1.371219623676392,False,0.13513513513513514,4.227336777829967,5.0,55.0,37.0,False
Best-2,rf,5fold,2,realtime_alert,ali,312.25333333333333,0.99,0.0,1.5083415860440312,False,0.0,0.5380246808147231,0.0,7.0,37.0,False
Best-2,rf,5fold,3,medication_titration,szcore,175.02666666666667,0.93,0.2857142857142857,4.331261279326248,False,0.45714285714285713,5.759122419440847,16.0,42.0,35.0,False
Best-2,rf,5fold,3,medication_titration,ali,175.02666666666667,0.86,0.0,4.601965109284139,False,0.17142857142857143,3.839414946293898,6.0,28.0,35.0,False
Best-2,rf,5fold,3,realtime_alert,szcore,175.02666666666667,0.99,0.11428571428571428,0.8121114898736715,False,0.2571428571428571,0.5484878494705568,9.0,4.0,35.0,False
Best-2,rf,5fold,3,realtime_alert,ali,175.02666666666667,0.95,0.0,1.7595748947262884,False,0.02857142857142857,1.6454635484116704,1.0,12.0,35.0,False
Best-2,rf,5fold,4,medication_titration,szcore,177.31555555555556,0.89,0.027777777777777776,3.773310235395164,False,0.37142857142857144,7.71505915379988,13.0,57.0,35.0,False
Best-2,rf,5fold,4,medication_titration,ali,177.31555555555556,0.7,0.0,4.402195274627691,False,0.0,8.662522558652496,0.0,64.0,35.0,False
Best-2,rf,5fold,4,realtime_alert,szcore,177.31555555555556,0.94,0.0,1.5722125980813184,False,0.2857142857142857,4.601965109284139,10.0,34.0,35.0,False
Best-2,rf,5fold,4,realtime_alert,ali,177.31555555555556,0.79,0.0,1.886655117697582,False,0.0,4.737317024263084,0.0,35.0,35.0,False
Best-2,lr,5fold,0,medication_titration,szcore,75.74777777777778,0.98,0.175,4.106954660524343,False,0.0,2.851568802898508,0.0,9.0,36.0,False
Best-2,lr,5fold,0,medication_titration,ali,75.74777777777778,0.97,0.125,3.754929975336542,False,0.0,0.0,0.0,0.0,36.0,False
Best-2,lr,5fold,0,realtime_alert,szcore,75.74777777777778,,,,False,,,,,,False
Best-2,lr,5fold,0,realtime_alert,ali,75.74777777777778,,,,False,,,,,,False
Best-2,lr,5fold,1,medication_titration,szcore,204.5311111111111,,,,False,,,,,,False
Best-2,lr,5fold,1,medication_titration,ali,204.5311111111111,,,,False,,,,,,False
Best-2,lr,5fold,1,realtime_alert,szcore,204.5311111111111,,,,False,,,,,,False
Best-2,lr,5fold,1,realtime_alert,ali,204.5311111111111,,,,False,,,,,,False
Best-2,lr,5fold,2,medication_titration,szcore,312.25333333333333,0.99,0.42857142857142855,3.0166831720880625,False,0.13513513513513514,6.9943208505914,5.0,91.0,37.0,False
Best-2,lr,5fold,2,medication_titration,ali,312.25333333333333,0.98,0.11428571428571428,2.742439247352784,False,0.0,5.6108288142106835,0.0,73.0,37.0,False
Best-2,lr,5fold,2,realtime_alert,szcore,312.25333333333333,,,,False,,,,,,False
Best-2,lr,5fold,2,realtime_alert,ali,312.25333333333333,0.99,0.11428571428571428,1.6454635484116704,False,0.0,4.842222127332508,0.0,63.0,37.0,False
Best-2,lr,5fold,3,medication_titration,szcore,175.02666666666667,0.99,0.11428571428571428,1.4888710647683978,False,0.42857142857142855,0.5484878494705568,15.0,4.0,35.0,False
Best-2,lr,5fold,3,medication_titration,ali,175.02666666666667,0.98,0.0,1.624222979747343,False,0.11428571428571428,1.6454635484116704,4.0,12.0,35.0,False
Best-2,lr,5fold,3,realtime_alert,szcore,175.02666666666667,0.99,0.11428571428571428,1.4888710647683978,False,0.42857142857142855,0.5484878494705568,15.0,4.0,35.0,False
Best-2,lr,5fold,3,realtime_alert,ali,175.02666666666667,0.98,0.0,1.624222979747343,False,0.11428571428571428,1.6454635484116704,4.0,12.0,35.0,False
Best-2,lr,5fold,4,medication_titration,szcore,177.31555555555556,0.96,0.027777777777777776,4.087752755011428,False,0.3142857142857143,11.504912773210346,11.0,85.0,35.0,False
Best-2,lr,5fold,4,medication_titration,ali,177.31555555555556,0.86,0.0,4.402195274627691,False,0.0,35.19149789452577,0.0,260.0,35.0,False
Best-2,lr,5fold,4,realtime_alert,szcore,177.31555555555556,0.99,0.027777777777777776,1.5722125980813184,False,0.08571428571428572,1.3535191497894525,3.0,10.0,35.0,False
Best-2,lr,5fold,4,realtime_alert,ali,177.31555555555556,0.92,0.0,1.886655117697582,False,0.0,16.918989372368156,0.0,125.0,35.0,False
Best-2,mlp,5fold,0,medication_titration,szcore,75.74777777777778,0.97,0.25,4.458979345712144,False,0.0,1.584204890499171,0.0,5.0,36.0,False
Best-2,mlp,5fold,0,medication_titration,ali,75.74777777777778,0.86,0.15,4.811004030899944,False,0.0,1.584204890499171,0.0,5.0,36.0,False
Best-2,mlp,5fold,0,realtime_alert,szcore,75.74777777777778,0.99,0.2,1.7601234259390042,False,0.0,0.6336819561996684,0.0,2.0,36.0,False
Best-2,mlp,5fold,0,realtime_alert,ali,75.74777777777778,0.93,0.15,1.994806549397538,False,0.0,0.0,0.0,0.0,36.0,False
Best-2,mlp,5fold,1,medication_titration,szcore,204.5311111111111,,,,False,,,,,,False
Best-2,mlp,5fold,1,medication_titration,ali,204.5311111111111,,,,False,,,,,,False
Best-2,mlp,5fold,1,realtime_alert,szcore,204.5311111111111,,,,False,,,,,,False
Best-2,mlp,5fold,1,realtime_alert,ali,204.5311111111111,,,,False,,,,,,False
Best-2,mlp,5fold,2,medication_titration,szcore,312.25333333333333,,,,False,,,,,,False
Best-2,mlp,5fold,2,medication_titration,ali,312.25333333333333,,,,False,,,,,,False
Best-2,mlp,5fold,2,realtime_alert,szcore,312.25333333333333,,,,False,,,,,,False
Best-2,mlp,5fold,2,realtime_alert,ali,312.25333333333333,,,,False,,,,,,False
Best-2,mlp,5fold,3,medication_titration,szcore,175.02666666666667,0.99,0.2857142857142857,3.9252055343894123,False,0.4857142857142857,9.461415403367106,17.0,69.0,35.0,False
Best-2,mlp,5fold,3,medication_titration,ali,175.02666666666667,0.93,0.0,4.601965109284139,False,0.2857142857142857,8.912927553896548,10.0,65.0,35.0,False
Best-2,mlp,5fold,3,realtime_alert,szcore,175.02666666666667,,,,False,,,,,,False
Best-2,mlp,5fold,3,realtime_alert,ali,175.02666666666667,0.98,0.0,1.8949268097052336,False,0.2,4.662146720499733,7.0,34.0,35.0,False
Best-2,mlp,5fold,4,medication_titration,szcore,177.31555555555556,,,,False,,,,,,False
Best-2,mlp,5fold,4,medication_titration,ali,177.31555555555556,0.9,0.0,4.7166377942439555,False,0.0,7.850411068778825,0.0,58.0,35.0,False
Best-2,mlp,5fold,4,realtime_alert,szcore,177.31555555555556,,,,False,,,,,,False
Best-2,mlp,5fold,4,realtime_alert,ali,177.31555555555556,0.95,0.0,0.943327558848791,False,0.0,5.008020854220975,0.0,37.0,35.0,False
