config,model,scheme,fold,criterion,rule,test_recorded_hours,t_star,percentile_flagged,threshold_test,tuning_sens,tuning_fa,ceiling_met_on_tuning,test_sens,test_fa,test_tp,test_fp,test_ref_true,criterion_met_on_test
Full-18,rf,5fold,0,medication_titration,szcore,75.74777777777778,0.74,0.001260335292647682,0.4,0.225,4.928345592629212,True,0.25,9.822070321094861,9,31,36,False
Full-18,rf,5fold,0,medication_titration,ali,75.74777777777778,0.61,0.002732537293973207,0.33,0.125,4.576320907441411,True,0.0,6.653660540096519,0,21,36,False
Full-18,rf,5fold,0,realtime_alert,szcore,75.74777777777778,0.83,0.0007007898825497886,0.44666666666666666,0.175,1.994806549397538,True,0.1388888888888889,6.01997858389685,5,19,36,False
Full-18,rf,5fold,0,realtime_alert,ali,75.74777777777778,0.74,0.001260335292647682,0.4,0.125,1.877464987668271,True,0.0,3.8020917371980105,0,12,36,False
Full-18,rf,5fold,1,medication_titration,szcore,204.5311111111111,0.98,0.0002597605932504946,0.97,0.08108108108108109,4.304197446517785,True,0.125,0.35202468518780083,5,3,40,False
Full-18,rf,5fold,1,medication_titration,ali,204.5311111111111,0.95,0.0024979717323540714,0.7833333333333333,0.0,3.689312097015244,True,0.1,4.928345592629212,4,42,40,False
Full-18,rf,5fold,1,realtime_alert,szcore,204.5311111111111,0.99,0.00011030929302418264,1.0,0.08108108108108109,1.844656048507622,True,0.1,0.0,4,0,40,False
Full-18,rf,5fold,1,realtime_alert,ali,204.5311111111111,0.96,0.001565680288085173,0.81,0.0,1.9215167171954397,True,0.1,2.229489672856072,4,19,40,False
Full-18,rf,5fold,2,medication_titration,szcore,312.25333333333333,0.98,0.0005967344658591707,0.95,0.4,4.662146720499733,True,0.24324324324324326,7.839788206157394,9,102,37,False
Full-18,rf,5fold,2,medication_titration,ali,312.25333333333333,0.95,0.001688631573601483,0.92,0.02857142857142857,4.799268682867372,True,0.02702702702702703,2.766984072761433,1,36,37,False
Full-18,rf,5fold,2,realtime_alert,szcore,312.25333333333333,0.99,0.0002475813209415708,0.9666666666666667,0.2571428571428571,2.056829435514588,False,0.08108108108108109,3.6124514283274265,3,47,37,False
Full-18,rf,5fold,2,realtime_alert,ali,312.25333333333333,0.99,0.0002475813209415708,0.9666666666666667,0.0,0.5484878494705568,True,0.0,0.23058200606345275,0,3,37,False
Full-18,rf,5fold,3,medication_titration,szcore,175.02666666666667,0.74,0.0009148786845799078,0.9133333333333333,0.4,4.737317024263084,True,0.37142857142857144,3.290927096823341,13,24,35,False
Full-18,rf,5fold,3,medication_titration,ali,175.02666666666667,0.61,0.0022746641267294967,0.8066666666666666,0.0,4.331261279326248,True,0.22857142857142856,3.290927096823341,8,24,35,False
Full-18,rf,5fold,3,realtime_alert,szcore,175.02666666666667,0.85,0.00041984158812913573,0.9633333333333334,0.34285714285714286,1.7595748947262884,True,0.37142857142857144,0.4113658871029176,13,3,35,False
Full-18,rf,5fold,3,realtime_alert,ali,175.02666666666667,0.71,0.0010840685783035894,0.8966666666666666,0.0,1.8949268097052336,True,0.08571428571428572,2.056829435514588,3,15,35,False
Full-18,rf,5fold,4,medication_titration,szcore,177.31555555555556,0.51,0.00023469702081469203,0.9233333333333333,0.0,4.435773693397679,True,0.2,0.40605574493683577,7,3,35,False
Full-18,rf,5fold,4,medication_titration,ali,177.31555555555556,0.33,0.0025376615375588578,0.58,0.0,3.8020917371980105,True,0.0,6.361540004010427,0,47,35,False
Full-18,rf,5fold,4,realtime_alert,szcore,177.31555555555556,0.63,8.801138280550951e-05,0.9733333333333334,0.0,1.9010458685990053,True,0.17142857142857143,0.0,6,0,35,False
Full-18,rf,5fold,4,realtime_alert,ali,177.31555555555556,0.36,0.001804233347512945,0.6266666666666667,0.0,1.584204890499171,True,0.0,4.060557449368358,0,30,35,False
Full-18,rf,loo,chb16,medication_titration,szcore,19.0,0.78,0.0013751099202672316,0.7033333333333334,0.6190476190476191,4.844164045301905,True,0.0,24.0,0,19,10,False
Full-18,rf,loo,chb16,medication_titration,ali,19.0,0.63,0.0034289221616964015,0.6566666666666666,0.5238095238095238,4.461730041725438,True,0.0,6.315789473684211,0,5,10,False
Full-18,rf,loo,chb16,realtime_alert,szcore,19.0,0.86,0.0008852638971677457,0.7333333333333333,0.6190476190476191,1.7846920166901752,True,0.0,15.157894736842106,0,12,10,False
Full-18,rf,loo,chb16,realtime_alert,ali,19.0,0.73,0.0018295453874800078,0.69,0.5238095238095238,1.9121700178823307,True,0.0,5.052631578947369,0,4,10,False
Full-18,rf,loo,chb10,medication_titration,szcore,48.022222222222226,0.76,0.0009339797065905928,0.9633333333333334,0.3,4.666086370885247,True,0.5714285714285714,0.0,4,0,7,False
Full-18,rf,loo,chb10,medication_titration,ali,48.022222222222226,0.66,0.0026748670508478884,0.7233333333333334,0.2,3.97989719869624,True,0.8571428571428571,0.9995372512725589,6,2,7,True
Full-18,rf,loo,chb10,realtime_alert,szcore,48.022222222222226,0.84,0.0005781779136037003,0.98,0.3,1.9213296821292194,True,0.5714285714285714,0.0,4,0,7,False
Full-18,rf,loo,chb10,realtime_alert,ali,48.022222222222226,0.72,0.0012453062754541238,0.93,0.2,1.784091847691418,True,0.5714285714285714,0.0,4,0,7,False
Full-18,rf,loo,chb01+21,medication_titration,szcore,72.38,0.85,0.0007380134318444595,0.47,0.22727272727272727,4.250957367424086,True,0.7,2.6526664824537165,7,8,10,True
Full-18,rf,loo,chb01+21,medication_titration,ali,72.38,0.7,0.003206258353902041,0.28,0.18181818181818182,4.605203814709427,True,0.3,5.305332964907433,3,16,10,False
Full-18,rf,loo,chb01+21,realtime_alert,szcore,72.38,0.9,0.0005248095515338379,0.53,0.22727272727272727,1.5941090127840325,True,0.4,0.9947499309201437,4,3,10,False
Full-18,rf,loo,chb01+21,realtime_alert,ali,72.38,0.76,0.001623629550057811,0.35,0.18181818181818182,1.948355460069373,True,0.1,3.6474164133738602,1,11,10,False
Full-18,rf,loo,chb09,medication_titration,szcore,67.86555555555556,0.78,0.000261697325235255,1.0,0.09523809523809523,4.710551854234589,True,1.0,0.0,4,0,4,True
Full-18,rf,loo,chb09,medication_titration,ali,67.86555555555556,0.65,0.002300755651026617,0.7566666666666667,0.0,4.47502426152286,True,1.0,2.8291229391443866,4,8,4,True
Full-18,rf,loo,chb09,realtime_alert,szcore,67.86555555555556,0.86,0.00011994460739949187,1.0,0.09523809523809523,1.8842207416938357,True,1.0,0.0,4,0,4,True
Full-18,rf,loo,chb09,realtime_alert,ali,67.86555555555556,0.72,0.00087232441745085,0.93,0.0,1.4131655562703769,True,0.5,1.060921102179145,2,3,4,False
Full-18,rf,loo,chb18,medication_titration,szcore,34.63333333333333,0.74,0.00028592191948915286,0.5733333333333334,0.08695652173913043,3.8599459131035636,True,0.0,6.236766121270453,0,9,6,False
Full-18,rf,loo,chb18,medication_titration,ali,34.63333333333333,0.55,0.0022754619426011745,0.43333333333333335,0.0,4.889264823264514,True,0.0,4.157844080846968,0,6,6,False
Full-18,rf,loo,chb18,realtime_alert,szcore,34.63333333333333,0.81,0.0001310475464325284,0.6166666666666667,0.08695652173913043,1.5439783652414254,True,0.0,2.771896053897979,0,4,6,False
Full-18,rf,loo,chb18,realtime_alert,ali,34.63333333333333,0.63,0.001012640131524083,0.49666666666666665,0.0,1.801308092781663,True,0.0,1.3859480269489894,0,2,6,False
Full-18,rf,loo,chb13,medication_titration,szcore,33.0,0.98,0.00020541741752957545,0.84,0.05263157894736842,3.428603441675459,True,0.08333333333333333,2.909090909090909,1,4,12,False
Full-18,rf,loo,chb13,medication_titration,ali,33.0,0.94,0.0026891007385689875,0.62,0.0,3.226920886282785,True,0.0,4.363636363636363,0,6,12,False
Full-18,rf,loo,chb13,realtime_alert,szcore,33.0,0.99,5.602293205352057e-05,0.91,0.05263157894736842,0.8067302215706963,True,0.0,1.4545454545454546,0,2,12,False
Full-18,rf,loo,chb13,realtime_alert,ali,33.0,0.95,0.001456596233391535,0.6766666666666666,0.0,0.8067302215706963,True,0.0,2.1818181818181817,0,3,12,False
Full-18,rf,loo,chb02,medication_titration,szcore,34.26555555555556,0.97,0.00022818338642400124,0.7866666666666666,0.0,4.337309809147415,True,0.6666666666666666,0.7004118162067511,2,1,3,True
Full-18,rf,loo,chb02,medication_titration,ali,34.26555555555556,0.93,0.0028294739916576153,0.43,0.0,2.9572566880550557,True,0.3333333333333333,2.8016472648270043,1,4,3,False
Full-18,rf,loo,chb02,realtime_alert,szcore,34.26555555555556,0.98,8.214601911264045e-05,0.8333333333333334,0.0,1.7743540128330335,True,0.6666666666666666,0.7004118162067511,2,1,3,False
Full-18,rf,loo,chb02,realtime_alert,ali,34.26555555555556,0.94,0.0017433210722793695,0.4533333333333333,0.0,1.5772035669626965,True,0.3333333333333333,1.4008236324135022,1,2,3,False
Full-18,rf,loo,chb14,medication_titration,szcore,26.0,0.98,0.00020996774131974268,0.5466666666666666,0.0,4.5353032125064425,True,0.0,5.538461538461539,0,6,8,False
Full-18,rf,loo,chb14,medication_titration,ali,26.0,0.94,0.003378571837599496,0.42333333333333334,0.0,3.9168527744373822,True,0.0,2.7692307692307696,0,3,8,False
Full-18,rf,loo,chb14,realtime_alert,szcore,26.0,0.99,6.68079176926454e-05,0.6266666666666667,0.0,1.4430510221611408,True,0.0,1.8461538461538463,0,2,8,False
Full-18,rf,loo,chb14,realtime_alert,ali,26.0,0.96,0.0012407184714348432,0.4766666666666667,0.0,1.2369008761381206,True,0.0,0.0,0,0,8,False
Full-18,rf,loo,chb06,medication_titration,szcore,58.733333333333334,0.42,0.0016725798276735935,0.96,0.2972972972972973,4.926507856056767,True,0.0,32.28149829738933,0,79,8,False
Full-18,rf,loo,chb06,medication_titration,ali,58.733333333333334,0.31,0.003775975671566143,0.9433333333333334,0.1891891891891892,4.926507856056767,True,0.0,4.9035187287173665,0,12,8,False
Full-18,rf,loo,chb06,realtime_alert,szcore,58.733333333333334,0.64,0.000696908261530664,0.97,0.16216216216216217,1.9158641662442981,True,0.0,15.93643586833144,0,39,8,False
Full-18,rf,loo,chb06,realtime_alert,ali,58.733333333333334,0.56,0.0008743030917384694,0.9666666666666667,0.08108108108108109,1.6421692853522556,True,0.0,0.0,0,0,8,False
Full-18,rf,loo,chb03,medication_titration,szcore,37.00111111111111,0.34,0.0007883859487098627,0.4866666666666667,0.14705882352941177,4.743830879951345,True,0.8571428571428571,1.2972583405903728,6,2,7,True
Full-18,rf,loo,chb03,medication_titration,ali,37.00111111111111,0.27,0.0023820518307447994,0.34,0.08823529411764706,4.37892081226278,True,0.14285714285714285,4.540404192066305,1,7,7,False
Full-18,rf,loo,chb03,realtime_alert,szcore,37.00111111111111,0.42,0.0005011882102512699,0.5066666666666667,0.14705882352941177,1.9461870276723467,True,0.7142857142857143,0.6486291702951864,5,1,7,False
Full-18,rf,loo,chb03,realtime_alert,ali,37.00111111111111,0.32,0.0010361643897329625,0.42,0.08823529411764706,1.9461870276723467,True,0.0,2.5945166811807456,0,4,7,False
Full-18,rf,loo,chb12,medication_titration,szcore,20.685555555555556,0.97,0.0006160600114928842,0.53,0.6666666666666666,4.696551617028105,True,0.0,8.121609281839179,0,7,27,False
Full-18,rf,loo,chb12,medication_titration,ali,20.685555555555556,0.92,0.001843003059592158,0.3933333333333333,0.16666666666666666,4.808374274576393,True,0.0,3.4806896922167914,0,3,27,False
Full-18,rf,loo,chb12,realtime_alert,szcore,20.685555555555556,0.99,0.00021225597034628784,0.67,0.6666666666666666,1.2300492330311705,True,0.0,3.4806896922167914,0,3,27,False
Full-18,rf,loo,chb12,realtime_alert,ali,20.685555555555556,0.98,0.00041415799091958604,0.5766666666666667,0.0,1.2300492330311705,True,0.0,1.1602298974055971,0,1,27,False
Full-18,rf,loo,chb22,medication_titration,szcore,30.002222222222223,0.97,0.00045266055141339354,0.9733333333333334,0.5,3.821079413310301,True,1.0,0.0,3,0,3,True
Full-18,rf,loo,chb22,medication_titration,ali,30.002222222222223,0.92,0.0016337403809632825,0.7366666666666667,0.0,4.72015692232449,True,1.0,0.0,3,0,3,True
Full-18,rf,loo,chb22,realtime_alert,szcore,30.002222222222223,0.99,0.0001092628917204743,0.9966666666666667,0.4166666666666667,1.0114621976409621,True,1.0,0.0,3,0,3,True
Full-18,rf,loo,chb22,realtime_alert,ali,30.002222222222223,0.96,0.0006815923245420064,0.9533333333333334,0.0,1.9105397066551506,True,0.0,2.3998222353899714,0,3,3,False
Full-18,rf,loo,chb04,medication_titration,szcore,146.6211111111111,0.99,0.0005341880341880342,0.33,0.45454545454545453,4.1208791208791204,True,1.0,5.07430338211111,4,31,4,False
Full-18,rf,loo,chb04,medication_titration,ali,146.6211111111111,0.97,0.00144993894993895,0.27,0.0,4.395604395604395,True,0.0,2.618995293992831,0,16,4,False
Full-18,rf,loo,chb04,realtime_alert,szcore,146.6211111111111,0.99,0.0005341880341880342,0.33,0.45454545454545453,4.1208791208791204,False,1.0,5.07430338211111,4,31,4,False
Full-18,rf,loo,chb04,realtime_alert,ali,146.6211111111111,0.99,0.0005341880341880342,0.33,0.0,1.923076923076923,True,0.0,1.3094976469964155,0,8,4,False
Full-18,rf,loo,chb05,medication_titration,szcore,38.00222222222222,0.46,0.0016832059951406575,0.98,0.8461538461538461,4.742249934135418,True,0.8,16.42009239225776,4,26,5,False
Full-18,rf,loo,chb05,medication_titration,ali,38.00222222222222,0.31,0.003424958285764468,0.9633333333333334,0.38461538461538464,4.742249934135418,True,0.0,5.683878135781533,0,9,5,False
Full-18,rf,loo,chb05,realtime_alert,szcore,38.00222222222222,0.58,0.0009513773016012412,0.99,0.6153846153846154,1.5807499780451393,True,0.8,4.420794105607859,4,7,5,False
Full-18,rf,loo,chb05,realtime_alert,ali,38.00222222222222,0.56,0.0010684698925675477,0.99,0.07692307692307693,1.8968999736541672,True,0.0,1.894626045260511,0,3,5,False
Full-18,rf,loo,chb19,medication_titration,szcore,28.92888888888889,0.63,0.0012530104797240122,0.37333333333333335,0.6923076923076923,4.569420035149385,True,1.0,0.0,3,0,3,True
Full-18,rf,loo,chb19,medication_titration,ali,28.92888888888889,0.55,0.00203410792162989,0.24666666666666667,0.11538461538461539,4.92091388400703,True,0.0,3.3184821017053308,0,4,3,False
Full-18,rf,loo,chb19,realtime_alert,szcore,28.92888888888889,0.8,0.0004719130378181345,0.97,0.2692307692307692,1.757469244288225,True,1.0,0.0,3,0,3,True
Full-18,rf,loo,chb19,realtime_alert,ali,28.92888888888889,0.65,0.00110655470936666,0.49666666666666665,0.07692307692307693,1.757469244288225,True,0.0,2.4888615762789983,0,3,3,False
Full-18,rf,loo,chb17,medication_titration,szcore,20.42888888888889,0.79,0.0010970837222249513,0.34,0.35714285714285715,4.951613695534705,True,0.3333333333333333,18.796910692918527,1,16,3,False
Full-18,rf,loo,chb17,medication_titration,ali,20.42888888888889,0.59,0.0030128866401401646,0.27666666666666667,0.07142857142857142,4.951613695534705,True,0.0,7.048841509844447,0,6,3,False
Full-18,rf,loo,chb17,realtime_alert,szcore,20.42888888888889,0.87,0.000671349740466015,0.37666666666666665,0.32142857142857145,1.7684334626909661,True,0.3333333333333333,12.922876101381487,1,11,3,False
Full-18,rf,loo,chb17,realtime_alert,ali,20.42888888888889,0.84,0.0008842167313454831,0.35,0.0,1.7684334626909661,True,0.0,0.0,0,0,3,False
Full-18,rf,loo,chb23,medication_titration,szcore,26.555555555555557,0.64,0.002526137491968927,0.43333333333333335,0.7307692307692307,4.415629928158402,True,1.0,15.364016736401672,7,17,7,False
Full-18,rf,loo,chb23,medication_titration,ali,26.555555555555557,0.57,0.003300040885462298,0.4033333333333333,0.15384615384615385,4.731032065884002,True,0.14285714285714285,7.230125523012552,1,8,7,False
Full-18,rf,loo,chb23,realtime_alert,szcore,26.555555555555557,0.71,0.0020150692132468897,0.4533333333333333,0.6153846153846154,1.8924128263536009,True,1.0,12.652719665271965,7,14,7,False
Full-18,rf,loo,chb23,realtime_alert,ali,26.555555555555557,0.75,0.001723030196834297,0.4666666666666667,0.11538461538461539,1.8924128263536009,True,0.0,5.422594142259413,0,6,7,False
Full-18,rf,loo,chb24,medication_titration,szcore,21.295555555555556,0.57,0.002027517989827251,0.69,0.3,4.809788341185571,True,0.4375,4.5079828863612645,7,4,16,False
Full-18,rf,loo,chb24,medication_titration,ali,21.295555555555556,0.45,0.003832360593488503,0.5866666666666667,0.06666666666666667,4.809788341185571,True,0.1875,7.888970051132214,3,7,16,False
Full-18,rf,loo,chb24,realtime_alert,szcore,21.295555555555556,0.67,0.001382931345662518,0.8,0.3,1.7720272835946838,True,0.25,3.3809871647709486,4,3,16,False
Full-18,rf,loo,chb24,realtime_alert,ali,21.295555555555556,0.72,0.0012071349881630452,0.8266666666666667,0.03333333333333333,1.7720272835946838,True,0.0625,1.1269957215903161,1,1,16,False
Full-18,rf,loo,chb08,medication_titration,szcore,20.005555555555556,0.39,0.002170138888888889,0.77,0.21212121212121213,4.6875,True,1.0,1.1996667592335462,5,1,5,True
Full-18,rf,loo,chb08,medication_titration,ali,20.005555555555556,0.3,0.004014756944444444,0.6266666666666667,0.12121212121212122,4.6875,True,0.0,8.397667314634823,0,7,5,False
Full-18,rf,loo,chb08,realtime_alert,szcore,20.005555555555556,0.47,0.0016276041666666667,0.84,0.15151515151515152,1.875,True,1.0,1.1996667592335462,5,1,5,True
Full-18,rf,loo,chb08,realtime_alert,ali,20.005555555555556,0.36,0.0025716145833333333,0.7366666666666667,0.12121212121212122,1.875,True,0.0,7.198000555401277,0,6,5,False
Full-18,rf,loo,chb11,medication_titration,szcore,34.79222222222222,0.49,0.0008860426353188876,0.8533333333333334,0.06666666666666667,4.547767348012984,True,0.6,0.0,3,0,5,True
Full-18,rf,loo,chb11,medication_titration,ali,34.79222222222222,0.34,0.003140626370734275,0.58,0.06666666666666667,4.737257654180191,True,0.2,2.0694280330853,1,3,5,False
Full-18,rf,loo,chb11,realtime_alert,szcore,34.79222222222222,0.6,0.0005439073602947627,0.8866666666666667,0.06666666666666667,1.8949030616720766,True,0.4,0.0,2,0,5,False
Full-18,rf,loo,chb11,realtime_alert,ali,34.79222222222222,0.41,0.001473813492411615,0.7833333333333333,0.06666666666666667,1.8949030616720766,True,0.0,2.7592373774470667,0,4,5,False
Full-18,rf,loo,chb15,medication_titration,szcore,40.00888888888889,0.81,0.00043120674785974213,0.20666666666666667,0.1,4.770619044614123,True,0.05,2.999333481448567,1,5,20,False
Full-18,rf,loo,chb15,medication_titration,ali,40.00888888888889,0.63,0.002229654403567447,0.15333333333333332,0.1,4.543446709156307,True,0.0,5.998666962897134,0,10,20,False
Full-18,rf,loo,chb15,realtime_alert,szcore,40.00888888888889,0.89,0.00017879304179550283,0.25,0.1,1.5902063482047075,True,0.05,2.3994667851588534,1,4,20,False
Full-18,rf,loo,chb15,realtime_alert,ali,40.00888888888889,0.71,0.0012094823415578133,0.17,0.05,1.817378683662523,True,0.0,2.999333481448567,0,5,20,False
Full-18,rf,loo,chb20,medication_titration,szcore,27.59888888888889,0.81,0.0011016807241127063,0.33,0.47368421052631576,4.37851986991354,True,0.375,16.522404283586294,3,19,8,False
Full-18,rf,loo,chb20,medication_titration,ali,27.59888888888889,0.68,0.0040277447273560545,0.2733333333333333,0.3684210526315789,4.7592607281668915,True,0.0,4.348001127259551,0,5,8,False
Full-18,rf,loo,chb20,realtime_alert,szcore,27.59888888888889,0.85,0.0008108370129469519,0.35333333333333333,0.47368421052631576,1.9037042912667566,True,0.125,9.565602479971012,1,11,8,False
Full-18,rf,loo,chb20,realtime_alert,ali,27.59888888888889,0.76,0.001789129495959035,0.31,0.21052631578947367,1.9037042912667566,True,0.0,2.608800676355731,0,3,8,False
Full-18,rf,loo,chb07,medication_titration,szcore,59.047777777777775,0.7,0.0011477578868502017,0.5833333333333334,0.3333333333333333,4.992746807798376,True,1.0,5.283856763825904,2,13,2,False
Full-18,rf,loo,chb07,medication_titration,ali,59.047777777777775,0.58,0.0032918333838134256,0.37666666666666665,0.25925925925925924,4.1319283926607255,True,1.0,5.6903072841202045,2,14,2,False
Full-18,rf,loo,chb07,realtime_alert,szcore,59.047777777777775,0.75,0.0008129951698522262,0.6866666666666666,0.3333333333333333,1.7216368302753022,True,1.0,3.2516041623544023,2,8,2,False
Full-18,rf,loo,chb07,realtime_alert,ali,59.047777777777775,0.63,0.0019766941384642364,0.4633333333333333,0.25925925925925924,1.7216368302753022,True,1.0,2.8451536420601022,2,7,2,False
Full-18,lr,5fold,0,medication_titration,szcore,75.74777777777778,0.99,0.008816914568824085,0.8370571732521057,0.25,30.62614761133867,False,0.3888888888888889,51.011397474073306,14,161,36,False
Full-18,lr,5fold,0,medication_titration,ali,75.74777777777778,0.99,0.008816914568824085,0.8370571732521057,0.1,22.060213605102184,False,0.0,24.396755313687233,0,77,36,False
Full-18,lr,5fold,0,realtime_alert,szcore,75.74777777777778,0.99,0.008816914568824085,0.8370571732521057,0.25,30.62614761133867,False,0.3888888888888889,51.011397474073306,14,161,36,False
Full-18,lr,5fold,0,realtime_alert,ali,75.74777777777778,0.99,0.008816914568824085,0.8370571732521057,0.1,22.060213605102184,False,0.0,24.396755313687233,0,77,36,False
Full-18,lr,5fold,1,medication_titration,szcore,204.5311111111111,0.99,0.026182444453933414,0.980165958404541,0.6216216216216216,81.77975148383791,False,0.275,70.2875954758309,11,599,40,False
Full-18,lr,5fold,1,medication_titration,ali,204.5311111111111,0.99,0.026182444453933414,0.980165958404541,0.13513513513513514,52.8801400572185,False,0.175,60.31356272884321,7,514,40,False
Full-18,lr,5fold,1,realtime_alert,szcore,204.5311111111111,0.99,0.026182444453933414,0.980165958404541,0.6216216216216216,81.77975148383791,False,0.275,70.2875954758309,11,599,40,False
Full-18,lr,5fold,1,realtime_alert,ali,204.5311111111111,0.99,0.026182444453933414,0.980165958404541,0.13513513513513514,52.8801400572185,False,0.175,60.31356272884321,7,514,40,False
Full-18,lr,5fold,2,medication_titration,szcore,312.25333333333333,0.99,0.012315583657093522,0.9925703406333923,0.4857142857142857,70.06932276986363,False,0.6756756756756757,50.036295315769244,25,651,37,False
Full-18,lr,5fold,2,medication_titration,ali,312.25333333333333,0.99,0.012315583657093522,0.9925703406333923,0.2571428571428571,29.20697798430715,False,0.13513513513513514,26.055766685170163,5,339,37,False
Full-18,lr,5fold,2,realtime_alert,szcore,312.25333333333333,0.99,0.012315583657093522,0.9925703406333923,0.4857142857142857,70.06932276986363,False,0.6756756756756757,50.036295315769244,25,651,37,False
Full-18,lr,5fold,2,realtime_alert,ali,312.25333333333333,0.99,0.012315583657093522,0.9925703406333923,0.2571428571428571,29.20697798430715,False,0.13513513513513514,26.055766685170163,5,339,37,False
Full-18,lr,5fold,3,medication_titration,szcore,175.02666666666667,0.99,0.004204682173651494,0.9905954599380493,0.45714285714285713,12.452376178062964,False,0.4857142857142857,28.521368172468954,17,208,35,False
Full-18,lr,5fold,3,medication_titration,ali,175.02666666666667,0.99,0.004204682173651494,0.9905954599380493,0.0,10.55744936835773,False,0.11428571428571428,8.912927553896548,4,65,35,False
Full-18,lr,5fold,3,realtime_alert,szcore,175.02666666666667,0.99,0.004204682173651494,0.9905954599380493,0.45714285714285713,12.452376178062964,False,0.4857142857142857,28.521368172468954,17,208,35,False
Full-18,lr,5fold,3,realtime_alert,ali,175.02666666666667,0.99,0.004204682173651494,0.9905954599380493,0.0,10.55744936835773,False,0.11428571428571428,8.912927553896548,4,65,35,False
Full-18,lr,5fold,4,medication_titration,szcore,177.31555555555556,0.99,0.0022882959529432474,0.9969385862350464,0.027777777777777776,7.604183474396021,False,0.2571428571428571,3.654501704431522,9,27,35,False
Full-18,lr,5fold,4,medication_titration,ali,177.31555555555556,0.98,0.0028897070687808955,0.9918939471244812,0.0,3.8020917371980105,True,0.0,3.3837978744736312,0,25,35,False
Full-18,lr,5fold,4,realtime_alert,szcore,177.31555555555556,0.99,0.0022882959529432474,0.9969385862350464,0.027777777777777776,7.604183474396021,False,0.2571428571428571,3.654501704431522,9,27,35,False
Full-18,lr,5fold,4,realtime_alert,ali,177.31555555555556,0.99,0.0022882959529432474,0.9969385862350464,0.0,2.851568802898508,False,0.0,2.8423902145578506,0,21,35,False
Full-18,lr,loo,chb16,medication_titration,szcore,19.0,0.99,0.0049751831020827305,0.9998691082000732,0.6190476190476191,14.787448138290024,False,0.0,7.578947368421053,0,6,10,False
Full-18,lr,loo,chb16,medication_titration,ali,19.0,0.99,0.0049751831020827305,0.9998691082000732,0.3333333333333333,8.158592076297944,False,0.0,20.210526315789476,0,16,10,False
Full-18,lr,loo,chb16,realtime_alert,szcore,19.0,0.99,0.0049751831020827305,0.9998691082000732,0.6190476190476191,14.787448138290024,False,0.0,7.578947368421053,0,6,10,False
Full-18,lr,loo,chb16,realtime_alert,ali,19.0,0.99,0.0049751831020827305,0.9998691082000732,0.3333333333333333,8.158592076297944,False,0.0,20.210526315789476,0,16,10,False
Full-18,lr,loo,chb10,medication_titration,szcore,48.022222222222226,0.99,0.0034118850506064512,0.9994850158691406,0.35,13.037594271591132,False,0.8571428571428571,2.498843128181397,6,5,7,True
Full-18,lr,loo,chb10,medication_titration,ali,48.022222222222226,0.99,0.0034118850506064512,0.9994850158691406,0.15,8.234270066268083,False,0.42857142857142855,3.9981490050902355,3,8,7,False
Full-18,lr,loo,chb10,realtime_alert,szcore,48.022222222222226,0.99,0.0034118850506064512,0.9994850158691406,0.35,13.037594271591132,False,0.8571428571428571,2.498843128181397,6,5,7,False
Full-18,lr,loo,chb10,realtime_alert,ali,48.022222222222226,0.99,0.0034118850506064512,0.9994850158691406,0.15,8.234270066268083,False,0.42857142857142855,3.9981490050902355,3,8,7,False
Full-18,lr,loo,chb01+21,medication_titration,szcore,72.38,0.99,0.003345660891028217,0.9846512079238892,0.2727272727272727,19.30643137705106,False,0.2,9.947499309201438,2,30,10,False
Full-18,lr,loo,chb01+21,medication_titration,ali,72.38,0.99,0.003345660891028217,0.9846512079238892,0.18181818181818182,4.605203814709427,True,0.0,10.942249240121582,0,33,10,False
Full-18,lr,loo,chb01+21,realtime_alert,szcore,72.38,0.99,0.003345660891028217,0.9846512079238892,0.2727272727272727,19.30643137705106,False,0.2,9.947499309201438,2,30,10,False
Full-18,lr,loo,chb01+21,realtime_alert,ali,72.38,0.99,0.003345660891028217,0.9846512079238892,0.18181818181818182,4.605203814709427,False,0.0,10.942249240121582,0,33,10,False
Full-18,lr,loo,chb09,medication_titration,szcore,67.86555555555556,0.99,0.00104678930094102,0.9999804496765137,0.23809523809523808,13.425072784568579,False,1.0,2.8291229391443866,4,8,4,True
Full-18,lr,loo,chb09,medication_titration,ali,67.86555555555556,0.99,0.00104678930094102,0.9999804496765137,0.0,1.6486931489821064,True,0.25,2.12184220435829,1,6,4,False
Full-18,lr,loo,chb09,realtime_alert,szcore,67.86555555555556,0.99,0.00104678930094102,0.9999804496765137,0.23809523809523808,13.425072784568579,False,1.0,2.8291229391443866,4,8,4,False
Full-18,lr,loo,chb09,realtime_alert,ali,67.86555555555556,0.99,0.00104678930094102,0.9999804496765137,0.0,1.6486931489821064,True,0.25,2.12184220435829,1,6,4,False
Full-18,lr,loo,chb18,medication_titration,szcore,34.63333333333333,0.99,0.0011675145045807074,0.9420983791351318,0.21739130434782608,14.667794469793542,False,0.5,14.552454282964389,3,21,6,False
Full-18,lr,loo,chb18,medication_titration,ali,34.63333333333333,0.98,0.0025613838620903275,0.9072788953781128,0.0,4.631935095724276,True,0.0,4.157844080846968,0,6,6,False
Full-18,lr,loo,chb18,realtime_alert,szcore,34.63333333333333,0.99,0.0011675145045807074,0.9420983791351318,0.21739130434782608,14.667794469793542,False,0.5,14.552454282964389,3,21,6,False
Full-18,lr,loo,chb18,realtime_alert,ali,34.63333333333333,0.99,0.0011675145045807074,0.9420983791351318,0.0,2.0586378203219007,False,0.0,2.771896053897979,0,4,6,False
Full-18,lr,loo,chb13,medication_titration,szcore,33.0,0.99,0.0020821856413225145,0.992363452911377,0.15789473684210525,23.596858980942866,False,0.16666666666666666,29.818181818181817,2,41,12,False
Full-18,lr,loo,chb13,medication_titration,ali,33.0,0.99,0.0020821856413225145,0.992363452911377,0.0,3.630285997068133,True,0.0,2.909090909090909,0,4,12,False
Full-18,lr,loo,chb13,realtime_alert,szcore,33.0,0.99,0.0020821856413225145,0.992363452911377,0.15789473684210525,23.596858980942866,False,0.16666666666666666,29.818181818181817,2,41,12,False
Full-18,lr,loo,chb13,realtime_alert,ali,33.0,0.99,0.0020821856413225145,0.992363452911377,0.0,3.630285997068133,False,0.0,2.909090909090909,0,4,12,False
Full-18,lr,loo,chb02,medication_titration,szcore,34.26555555555556,0.99,0.0013599729830870474,0.9671475291252136,0.13043478260869565,13.997681656793931,False,0.6666666666666666,10.506177243101266,2,15,3,False
Full-18,lr,loo,chb02,medication_titration,ali,34.26555555555556,0.99,0.0013599729830870474,0.9671475291252136,0.0,3.154407133925393,True,0.0,3.5020590810337557,0,5,3,False
Full-18,lr,loo,chb02,realtime_alert,szcore,34.26555555555556,0.99,0.0013599729830870474,0.9671475291252136,0.13043478260869565,13.997681656793931,False,0.6666666666666666,10.506177243101266,2,15,3,False
Full-18,lr,loo,chb02,realtime_alert,ali,34.26555555555556,0.99,0.0013599729830870474,0.9671475291252136,0.0,3.154407133925393,False,0.0,3.5020590810337557,0,5,3,False
Full-18,lr,loo,chb14,medication_titration,szcore,26.0,0.99,0.0012693504361602627,0.9847815036773682,0.07142857142857142,16.07971138979557,False,0.0,16.615384615384617,0,18,8,False
Full-18,lr,loo,chb14,medication_titration,ali,26.0,0.99,0.0012693504361602627,0.9847815036773682,0.0,2.6799518982992616,True,0.0,3.6923076923076925,0,4,8,False
Full-18,lr,loo,chb14,realtime_alert,szcore,26.0,0.99,0.0012693504361602627,0.9847815036773682,0.07142857142857142,16.07971138979557,False,0.0,16.615384615384617,0,18,8,False
Full-18,lr,loo,chb14,realtime_alert,ali,26.0,0.99,0.0012693504361602627,0.9847815036773682,0.0,2.6799518982992616,False,0.0,3.6923076923076925,0,4,8,False
Full-18,lr,loo,chb06,medication_titration,szcore,58.733333333333334,0.99,0.0005575266092245312,0.9977378845214844,0.05405405405405406,7.937151545869235,False,0.0,9.807037457434733,0,24,8,False
Full-18,lr,loo,chb06,medication_titration,ali,58.733333333333334,0.97,0.002040040547389762,0.9911379218101501,0.0,3.284338570704511,True,0.0,3.2690124858115777,0,8,8,False
Full-18,lr,loo,chb06,realtime_alert,szcore,58.733333333333334,0.99,0.0005575266092245312,0.9977378845214844,0.05405405405405406,7.937151545869235,False,0.0,9.807037457434733,0,24,8,False
Full-18,lr,loo,chb06,realtime_alert,ali,58.733333333333334,0.99,0.0005575266092245312,0.9977378845214844,0.0,1.0947795235681703,True,0.0,0.4086265607264472,0,1,8,False
Full-18,lr,loo,chb03,medication_titration,szcore,37.00111111111111,0.99,0.01709671243059388,0.8832035064697266,0.058823529411764705,39.16701393190598,False,0.8571428571428571,57.72799615627159,6,89,7,False
Full-18,lr,loo,chb03,medication_titration,ali,37.00111111111111,0.99,0.01709671243059388,0.8832035064697266,0.0,33.57172622734798,False,0.0,38.26912104741599,0,59,7,False
Full-18,lr,loo,chb03,realtime_alert,szcore,37.00111111111111,0.99,0.01709671243059388,0.8832035064697266,0.058823529411764705,39.16701393190598,False,0.8571428571428571,57.72799615627159,6,89,7,False
Full-18,lr,loo,chb03,realtime_alert,ali,37.00111111111111,0.99,0.01709671243059388,0.8832035064697266,0.0,33.57172622734798,False,0.0,38.26912104741599,0,59,7,False
Full-18,lr,loo,chb12,medication_titration,szcore,20.685555555555556,0.99,0.01625052416870726,0.922787606716156,0.5833333333333334,50.76748652692285,False,0.2222222222222222,84.69678251060859,6,73,27,False
Full-18,lr,loo,chb12,medication_titration,ali,20.685555555555556,0.99,0.01625052416870726,0.922787606716156,0.25,37.79605825132142,False,0.0,56.851264972874255,0,49,27,False
Full-18,lr,loo,chb12,realtime_alert,szcore,20.685555555555556,0.99,0.01625052416870726,0.922787606716156,0.5833333333333334,50.76748652692285,False,0.2222222222222222,84.69678251060859,6,73,27,False
Full-18,lr,loo,chb12,realtime_alert,ali,20.685555555555556,0.99,0.01625052416870726,0.922787606716156,0.25,37.79605825132142,False,0.0,56.851264972874255,0,49,27,False
Full-18,lr,loo,chb22,medication_titration,szcore,30.002222222222223,0.99,0.01884004432951607,0.8246692419052124,0.8333333333333334,62.148732810605786,False,1.0,126.39063773053849,3,158,3,False
Full-18,lr,loo,chb22,medication_titration,ali,30.002222222222223,0.99,0.01884004432951607,0.8246692419052124,0.08333333333333333,41.357565414652676,False,0.0,46.396563217539445,0,58,3,False
Full-18,lr,loo,chb22,realtime_alert,szcore,30.002222222222223,0.99,0.01884004432951607,0.8246692419052124,0.8333333333333334,62.148732810605786,False,1.0,126.39063773053849,3,158,3,False
Full-18,lr,loo,chb22,realtime_alert,ali,30.002222222222223,0.99,0.01884004432951607,0.8246692419052124,0.08333333333333333,41.357565414652676,False,0.0,46.396563217539445,0,58,3,False
Full-18,lr,loo,chb04,medication_titration,szcore,146.6211111111111,0.99,0.005214692714692715,0.9999997615814209,0.7272727272727273,31.86813186813187,False,0.0,16.04134617570609,0,98,4,False
Full-18,lr,loo,chb04,medication_titration,ali,146.6211111111111,0.99,0.005214692714692715,0.9999997615814209,0.18181818181818182,14.835164835164834,False,0.0,12.931289264089603,0,79,4,False
Full-18,lr,loo,chb04,realtime_alert,szcore,146.6211111111111,0.99,0.005214692714692715,0.9999997615814209,0.7272727272727273,31.86813186813187,False,0.0,16.04134617570609,0,98,4,False
Full-18,lr,loo,chb04,realtime_alert,ali,146.6211111111111,0.99,0.005214692714692715,0.9999997615814209,0.18181818181818182,14.835164835164834,False,0.0,12.931289264089603,0,79,4,False
Full-18,lr,loo,chb05,medication_titration,szcore,38.00222222222222,0.98,0.0008196481367641462,0.9995260238647461,0.46153846153846156,4.742249934135418,True,0.8,5.0523361206946955,4,8,5,False
Full-18,lr,loo,chb05,medication_titration,ali,38.00222222222222,0.95,0.001975937472556424,0.9989319443702698,0.0,4.109949942917362,True,0.0,5.683878135781533,0,9,5,False
Full-18,lr,loo,chb05,realtime_alert,szcore,38.00222222222222,0.99,0.0004976435116068031,0.9997887015342712,0.23076923076923078,3.1614999560902786,False,0.8,1.894626045260511,4,3,5,True
Full-18,lr,loo,chb05,realtime_alert,ali,38.00222222222222,0.98,0.0008196481367641462,0.9995260238647461,0.0,1.8968999736541672,True,0.0,3.157710075434185,0,5,5,False
Full-18,lr,loo,chb19,medication_titration,szcore,28.92888888888889,0.99,0.014824578532838638,0.6228935718536377,0.6538461538461539,22.495606326889277,False,1.0,70.51774466123828,3,85,3,False
Full-18,lr,loo,chb19,medication_titration,ali,28.92888888888889,0.99,0.014824578532838638,0.6228935718536377,0.19230769230769232,19.332161687170473,False,0.3333333333333333,35.67368259333231,1,43,3,False
Full-18,lr,loo,chb19,realtime_alert,szcore,28.92888888888889,0.99,0.014824578532838638,0.6228935718536377,0.6538461538461539,22.495606326889277,False,1.0,70.51774466123828,3,85,3,False
Full-18,lr,loo,chb19,realtime_alert,ali,28.92888888888889,0.99,0.014824578532838638,0.6228935718536377,0.19230769230769232,19.332161687170473,False,0.3333333333333333,35.67368259333231,1,43,3,False
Full-18,lr,loo,chb17,medication_titration,szcore,20.42888888888889,0.99,0.01720947749340931,0.6966220140457153,0.7857142857142857,19.80645478213882,False,1.0,136.2776025236593,3,116,3,False
Full-18,lr,loo,chb17,medication_titration,ali,20.42888888888889,0.99,0.01720947749340931,0.6966220140457153,0.17857142857142858,19.80645478213882,False,0.0,45.81746981398891,0,39,3,False
Full-18,lr,loo,chb17,realtime_alert,szcore,20.42888888888889,0.99,0.01720947749340931,0.6966220140457153,0.7857142857142857,19.80645478213882,False,1.0,136.2776025236593,3,116,3,False
Full-18,lr,loo,chb17,realtime_alert,ali,20.42888888888889,0.99,0.01720947749340931,0.6966220140457153,0.17857142857142858,19.80645478213882,False,0.0,45.81746981398891,0,39,3,False
Full-18,lr,loo,chb23,medication_titration,szcore,26.555555555555557,0.99,0.03686992582208983,0.770774245262146,0.9230769230769231,61.188014718766425,False,1.0,191.5983263598326,7,212,7,False
Full-18,lr,loo,chb23,medication_titration,ali,26.555555555555557,0.99,0.03686992582208983,0.770774245262146,0.2692307692307692,73.80410022779043,False,0.5714285714285714,81.3389121338912,4,90,7,False
Full-18,lr,loo,chb23,realtime_alert,szcore,26.555555555555557,0.99,0.03686992582208983,0.770774245262146,0.9230769230769231,61.188014718766425,False,1.0,191.5983263598326,7,212,7,False
Full-18,lr,loo,chb23,realtime_alert,ali,26.555555555555557,0.99,0.03686992582208983,0.770774245262146,0.2692307692307692,73.80410022779043,False,0.5714285714285714,81.3389121338912,4,90,7,False
Full-18,lr,loo,chb24,medication_titration,szcore,21.295555555555556,0.99,0.013911351756791599,0.9999998807907104,0.3,35.44054567189367,False,1.0,20.285922988625693,16,18,16,False
Full-18,lr,loo,chb24,medication_titration,ali,21.295555555555556,0.99,0.013911351756791599,0.9999998807907104,0.03333333333333333,35.44054567189367,False,0.0625,45.07982886361265,1,40,16,False
Full-18,lr,loo,chb24,realtime_alert,szcore,21.295555555555556,0.99,0.013911351756791599,0.9999998807907104,0.3,35.44054567189367,False,1.0,20.285922988625693,16,18,16,False
Full-18,lr,loo,chb24,realtime_alert,ali,21.295555555555556,0.99,0.013911351756791599,0.9999998807907104,0.03333333333333333,35.44054567189367,False,0.0625,45.07982886361265,1,40,16,False
Full-18,lr,loo,chb08,medication_titration,szcore,20.005555555555556,0.99,0.010481770833333333,0.8967146873474121,0.12121212121212122,31.640625,False,1.0,59.983337961677314,5,50,5,False
Full-18,lr,loo,chb08,medication_titration,ali,20.005555555555556,0.99,0.010481770833333333,0.8967146873474121,0.0,30.0,False,0.0,20.394334906970286,0,17,5,False
Full-18,lr,loo,chb08,realtime_alert,szcore,20.005555555555556,0.99,0.010481770833333333,0.8967146873474121,0.12121212121212122,31.640625,False,1.0,59.983337961677314,5,50,5,False
Full-18,lr,loo,chb08,realtime_alert,ali,20.005555555555556,0.99,0.010481770833333333,0.8967146873474121,0.0,30.0,False,0.0,20.394334906970286,0,17,5,False
Full-18,lr,loo,chb11,medication_titration,szcore,34.79222222222222,0.99,0.0011053601193087112,0.9998250603675842,0.06666666666666667,8.716554083691552,False,0.6,10.3471401654265,3,15,5,False
Full-18,lr,loo,chb11,medication_titration,ali,34.79222222222222,0.98,0.0017720852706377753,0.999774158000946,0.0,3.789806123344153,True,0.0,2.0694280330853,0,3,5,False
Full-18,lr,loo,chb11,realtime_alert,szcore,34.79222222222222,0.99,0.0011053601193087112,0.9998250603675842,0.06666666666666667,8.716554083691552,False,0.6,10.3471401654265,3,15,5,False
Full-18,lr,loo,chb11,realtime_alert,ali,34.79222222222222,0.99,0.0011053601193087112,0.9998250603675842,0.0,2.0843933678392843,False,0.0,0.6898093443617667,0,1,5,False
Full-18,lr,loo,chb15,medication_titration,szcore,40.00888888888889,0.99,0.0055951704844239706,0.6651619672775269,0.15,18.62813150754086,False,0.05,18.595867584981114,1,31,20,False
Full-18,lr,loo,chb15,medication_titration,ali,40.00888888888889,0.99,0.0055951704844239706,0.6651619672775269,0.0,8.859721082854799,False,0.0,18.595867584981114,0,31,20,False
Full-18,lr,loo,chb15,realtime_alert,szcore,40.00888888888889,0.99,0.0055951704844239706,0.6651619672775269,0.15,18.62813150754086,False,0.05,18.595867584981114,1,31,20,False
Full-18,lr,loo,chb15,realtime_alert,ali,40.00888888888889,0.99,0.0055951704844239706,0.6651619672775269,0.0,8.859721082854799,False,0.0,18.595867584981114,0,31,20,False
Full-18,lr,loo,chb20,medication_titration,szcore,27.59888888888889,0.99,0.006292800296131778,0.8839083313941956,0.47368421052631576,16.752597763147456,False,0.125,58.263215105277986,1,67,8,False
Full-18,lr,loo,chb20,medication_titration,ali,27.59888888888889,0.99,0.006292800296131778,0.8839083313941956,0.2631578947368421,10.280003172840486,False,0.0,13.044003381778653,0,15,8,False
Full-18,lr,loo,chb20,realtime_alert,szcore,27.59888888888889,0.99,0.006292800296131778,0.8839083313941956,0.47368421052631576,16.752597763147456,False,0.125,58.263215105277986,1,67,8,False
Full-18,lr,loo,chb20,realtime_alert,ali,27.59888888888889,0.99,0.006292800296131778,0.8839083313941956,0.2631578947368421,10.280003172840486,False,0.0,13.044003381778653,0,15,8,False
Full-18,lr,loo,chb07,medication_titration,szcore,59.047777777777775,0.99,0.006966252729910252,0.9391588568687439,0.37037037037037035,18.077186717890672,False,1.0,41.05150254972433,2,101,2,False
Full-18,lr,loo,chb07,medication_titration,ali,59.047777777777775,0.99,0.006966252729910252,0.9391588568687439,0.1111111111111111,11.707130445872055,False,1.0,18.696723933537815,2,46,2,False
Full-18,lr,loo,chb07,realtime_alert,szcore,59.047777777777775,0.99,0.006966252729910252,0.9391588568687439,0.37037037037037035,18.077186717890672,False,1.0,41.05150254972433,2,101,2,False
Full-18,lr,loo,chb07,realtime_alert,ali,59.047777777777775,0.99,0.006966252729910252,0.9391588568687439,0.1111111111111111,11.707130445872055,False,1.0,18.696723933537815,2,46,2,False
Full-18,mlp,5fold,0,medication_titration,szcore,75.74777777777778,0.99,0.013548604395962581,0.5578774809837341,0.35,60.43090429057247,False,0.9166666666666666,104.55752277294529,33,330,36,False
Full-18,mlp,5fold,0,medication_titration,ali,75.74777777777778,0.99,0.013548604395962581,0.5578774809837341,0.1,37.31461662990689,False,0.19444444444444445,29.783051941384418,7,94,36,False
Full-18,mlp,5fold,0,realtime_alert,szcore,75.74777777777778,0.99,0.013548604395962581,0.5578774809837341,0.35,60.43090429057247,False,0.9166666666666666,104.55752277294529,33,330,36,False
Full-18,mlp,5fold,0,realtime_alert,ali,75.74777777777778,0.99,0.013548604395962581,0.5578774809837341,0.1,37.31461662990689,False,0.19444444444444445,29.783051941384418,7,94,36,False
Full-18,mlp,5fold,1,medication_titration,szcore,204.5311111111111,0.99,0.03091151059680886,0.9340865612030029,0.9459459459459459,66.10017507152313,False,0.525,73.1037929573333,21,623,40,False
Full-18,mlp,5fold,1,medication_titration,ali,204.5311111111111,0.99,0.03091151059680886,0.9340865612030029,0.16216216216216217,104.14620607199282,False,0.15,64.18583426590901,6,547,40,False
Full-18,mlp,5fold,1,realtime_alert,szcore,204.5311111111111,0.99,0.03091151059680886,0.9340865612030029,0.9459459459459459,66.10017507152313,False,0.525,73.1037929573333,21,623,40,False
Full-18,mlp,5fold,1,realtime_alert,ali,204.5311111111111,0.99,0.03091151059680886,0.9340865612030029,0.16216216216216217,104.14620607199282,False,0.15,64.18583426590901,6,547,40,False
Full-18,mlp,5fold,2,medication_titration,szcore,312.25333333333333,0.99,0.028059216373378024,0.9019674062728882,0.6285714285714286,109.01196008227318,False,0.972972972972973,81.39544814039883,36,1059,37,False
Full-18,mlp,5fold,2,medication_titration,ali,312.25333333333333,0.99,0.028059216373378024,0.9019674062728882,0.2571428571428571,81.72468957111296,False,0.24324324324324326,90.4650070455613,9,1177,37,False
Full-18,mlp,5fold,2,realtime_alert,szcore,312.25333333333333,0.99,0.028059216373378024,0.9019674062728882,0.6285714285714286,109.01196008227318,False,0.972972972972973,81.39544814039883,36,1059,37,False
Full-18,mlp,5fold,2,realtime_alert,ali,312.25333333333333,0.99,0.028059216373378024,0.9019674062728882,0.2571428571428571,81.72468957111296,False,0.24324324324324326,90.4650070455613,9,1177,37,False
Full-18,mlp,5fold,3,medication_titration,szcore,175.02666666666667,0.99,0.0032271405654702226,0.9999768733978271,0.5714285714285714,30.048125125325846,False,0.45714285714285713,23.584977527233942,16,172,35,False
Full-18,mlp,5fold,3,medication_titration,ali,175.02666666666667,0.99,0.0032271405654702226,0.9999768733978271,0.0,6.7675957489472625,False,0.14285714285714285,5.622000457073208,5,41,35,False
Full-18,mlp,5fold,3,realtime_alert,szcore,175.02666666666667,0.99,0.0032271405654702226,0.9999768733978271,0.5714285714285714,30.048125125325846,False,0.45714285714285713,23.584977527233942,16,172,35,False
Full-18,mlp,5fold,3,realtime_alert,ali,175.02666666666667,0.99,0.0032271405654702226,0.9999768733978271,0.0,6.7675957489472625,False,0.14285714285714285,5.622000457073208,5,41,35,False
Full-18,mlp,5fold,4,medication_titration,szcore,177.31555555555556,0.99,0.0009094509556569316,0.997121274471283,0.1388888888888889,15.525207926891877,False,0.45714285714285713,6.632243833968317,16,49,35,False
Full-18,mlp,5fold,4,medication_titration,ali,177.31555555555556,0.91,0.0038431637158405823,0.7811838984489441,0.0,4.752614671497513,True,0.0,6.902947663926208,0,51,35,False
Full-18,mlp,5fold,4,realtime_alert,szcore,177.31555555555556,0.99,0.0009094509556569316,0.997121274471283,0.1388888888888889,15.525207926891877,False,0.45714285714285713,6.632243833968317,16,49,35,False
Full-18,mlp,5fold,4,realtime_alert,ali,177.31555555555556,0.97,0.001804233347512945,0.9620477557182312,0.0,1.584204890499171,True,0.0,3.7898536194104673,0,28,35,False
Full-18,mlp,loo,chb16,medication_titration,szcore,19.0,0.99,0.008091312020113196,0.8650992512702942,0.7142857142857143,42.960086401756364,False,0.5,78.31578947368422,5,62,10,False
Full-18,mlp,loo,chb16,medication_titration,ali,19.0,0.99,0.008091312020113196,0.8650992512702942,0.42857142857142855,19.759090184784082,False,0.0,22.736842105263158,0,18,10,False
Full-18,mlp,loo,chb16,realtime_alert,szcore,19.0,0.99,0.008091312020113196,0.8650992512702942,0.7142857142857143,42.960086401756364,False,0.5,78.31578947368422,5,62,10,False
Full-18,mlp,loo,chb16,realtime_alert,ali,19.0,0.99,0.008091312020113196,0.8650992512702942,0.42857142857142855,19.759090184784082,False,0.0,22.736842105263158,0,18,10,False
Full-18,mlp,loo,chb10,medication_titration,szcore,48.022222222222226,0.99,0.01001963263464874,0.9147260785102844,0.45,56.26751211949857,False,1.0,92.45719574271169,7,185,7,False
Full-18,mlp,loo,chb10,medication_titration,ali,48.022222222222226,0.99,0.01001963263464874,0.9147260785102844,0.1,27.310329053122476,False,0.5714285714285714,15.492827394724662,4,31,7,False
Full-18,mlp,loo,chb10,realtime_alert,szcore,48.022222222222226,0.99,0.01001963263464874,0.9147260785102844,0.45,56.26751211949857,False,1.0,92.45719574271169,7,185,7,False
Full-18,mlp,loo,chb10,realtime_alert,ali,48.022222222222226,0.99,0.01001963263464874,0.9147260785102844,0.1,27.310329053122476,False,0.5714285714285714,15.492827394724662,4,31,7,False
Full-18,mlp,loo,chb01+21,medication_titration,szcore,72.38,0.99,0.04523202322282265,0.18012318015098572,0.4090909090909091,103.0857161600341,False,0.6,109.0909090909091,6,329,10,False
Full-18,mlp,loo,chb01+21,medication_titration,ali,72.38,0.99,0.04523202322282265,0.18012318015098572,0.18181818181818182,128.5914603645786,False,0.0,95.82757667864051,0,289,10,False
Full-18,mlp,loo,chb01+21,realtime_alert,szcore,72.38,0.99,0.04523202322282265,0.18012318015098572,0.4090909090909091,103.0857161600341,False,0.6,109.0909090909091,6,329,10,False
Full-18,mlp,loo,chb01+21,realtime_alert,ali,72.38,0.99,0.04523202322282265,0.18012318015098572,0.18181818181818182,128.5914603645786,False,0.0,95.82757667864051,0,289,10,False
Full-18,mlp,loo,chb09,medication_titration,szcore,67.86555555555556,0.99,0.014142559617921905,0.9997348189353943,0.5714285714285714,47.10551854234589,False,1.0,83.4591267047594,4,236,4,False
Full-18,mlp,loo,chb09,medication_titration,ali,67.86555555555556,0.99,0.014142559617921905,0.9997348189353943,0.047619047619047616,45.456825393363786,False,1.0,28.291229391443864,4,80,4,False
Full-18,mlp,loo,chb09,realtime_alert,szcore,67.86555555555556,0.99,0.014142559617921905,0.9997348189353943,0.5714285714285714,47.10551854234589,False,1.0,83.4591267047594,4,236,4,False
Full-18,mlp,loo,chb09,realtime_alert,ali,67.86555555555556,0.99,0.014142559617921905,0.9997348189353943,0.047619047619047616,45.456825393363786,False,1.0,28.291229391443864,4,80,4,False
Full-18,mlp,loo,chb18,medication_titration,szcore,34.63333333333333,0.99,0.001644051037062629,0.9719654321670532,0.17391304347826086,21.615697113379955,False,0.6666666666666666,22.17516843118383,4,32,6,False
Full-18,mlp,loo,chb18,medication_titration,ali,34.63333333333333,0.96,0.003431063033869834,0.8731574416160583,0.0,4.374605368184039,True,0.0,2.771896053897979,0,4,6,False
Full-18,mlp,loo,chb18,realtime_alert,szcore,34.63333333333333,0.99,0.001644051037062629,0.9719654321670532,0.17391304347826086,21.615697113379955,False,0.6666666666666666,22.17516843118383,4,32,6,False
Full-18,mlp,loo,chb18,realtime_alert,ali,34.63333333333333,0.99,0.001644051037062629,0.9719654321670532,0.0,2.8306270029426135,False,0.0,1.3859480269489894,0,2,6,False
Full-18,mlp,loo,chb13,medication_titration,szcore,33.0,0.99,0.051204959896917805,0.37365731596946716,0.47368421052631576,108.30353224586598,False,0.6666666666666666,210.1818181818182,8,289,12,False
Full-18,mlp,loo,chb13,medication_titration,ali,33.0,0.99,0.051204959896917805,0.37365731596946716,0.0,187.76645907057957,False,0.08333333333333333,152.72727272727272,1,210,12,False
Full-18,mlp,loo,chb13,realtime_alert,szcore,33.0,0.99,0.051204959896917805,0.37365731596946716,0.47368421052631576,108.30353224586598,False,0.6666666666666666,210.1818181818182,8,289,12,False
Full-18,mlp,loo,chb13,realtime_alert,ali,33.0,0.99,0.051204959896917805,0.37365731596946716,0.0,187.76645907057957,False,0.08333333333333333,152.72727272727272,1,210,12,False
Full-18,mlp,loo,chb02,medication_titration,szcore,34.26555555555556,0.99,0.08187219904893164,0.04089587554335594,0.5652173913043478,113.16435592957347,False,1.0,271.05937287201266,3,387,3,False
Full-18,mlp,loo,chb02,medication_titration,ali,34.26555555555556,0.99,0.08187219904893164,0.04089587554335594,0.08695652173913043,283.30519071567437,False,0.6666666666666666,233.93754661305488,2,334,3,False
Full-18,mlp,loo,chb02,realtime_alert,szcore,34.26555555555556,0.99,0.08187219904893164,0.04089587554335594,0.5652173913043478,113.16435592957347,False,1.0,271.05937287201266,3,387,3,False
Full-18,mlp,loo,chb02,realtime_alert,ali,34.26555555555556,0.99,0.08187219904893164,0.04089587554335594,0.08695652173913043,283.30519071567437,False,0.6666666666666666,233.93754661305488,2,334,3,False
Full-18,mlp,loo,chb14,medication_titration,szcore,26.0,0.99,0.06208364351295119,0.01580953039228916,0.47619047619047616,117.71173337914448,False,0.875,256.61538461538464,7,278,8,False
Full-18,mlp,loo,chb14,medication_titration,ali,26.0,0.99,0.06208364351295119,0.01580953039228916,0.047619047619047616,229.23896237759837,False,0.25,185.53846153846155,2,201,8,False
Full-18,mlp,loo,chb14,realtime_alert,szcore,26.0,0.99,0.06208364351295119,0.01580953039228916,0.47619047619047616,117.71173337914448,False,0.875,256.61538461538464,7,278,8,False
Full-18,mlp,loo,chb14,realtime_alert,ali,26.0,0.99,0.06208364351295119,0.01580953039228916,0.047619047619047616,229.23896237759837,False,0.25,185.53846153846155,2,201,8,False
Full-18,mlp,loo,chb06,medication_titration,szcore,58.733333333333334,0.99,0.0018879878357830715,1.0,0.32432432432432434,17.516472377090725,False,0.875,214.12031782065833,7,524,8,False
Full-18,mlp,loo,chb06,medication_titration,ali,58.733333333333334,0.97,0.0026102382159148506,1.0,0.05405405405405406,4.926507856056767,True,0.0,110.32917139614074,0,270,8,False
Full-18,mlp,loo,chb06,realtime_alert,szcore,58.733333333333334,0.99,0.0018879878357830715,1.0,0.32432432432432434,17.516472377090725,False,0.875,214.12031782065833,7,524,8,False
Full-18,mlp,loo,chb06,realtime_alert,ali,58.733333333333334,0.99,0.0018879878357830715,1.0,0.02702702702702703,3.558033451596554,False,0.0,110.32917139614074,0,270,8,False
Full-18,mlp,loo,chb03,medication_titration,szcore,37.00111111111111,0.99,0.009134014348624266,0.1823461353778839,0.29411764705882354,30.04426223969185,False,1.0,77.83550043542236,7,120,7,False
Full-18,mlp,loo,chb03,medication_titration,ali,37.00111111111111,0.99,0.009134014348624266,0.1823461353778839,0.0,22.989334264379597,False,0.14285714285714285,16.864358427674844,1,26,7,False
Full-18,mlp,loo,chb03,realtime_alert,szcore,37.00111111111111,0.99,0.009134014348624266,0.1823461353778839,0.29411764705882354,30.04426223969185,False,1.0,77.83550043542236,7,120,7,False
Full-18,mlp,loo,chb03,realtime_alert,ali,37.00111111111111,0.99,0.009134014348624266,0.1823461353778839,0.0,22.989334264379597,False,0.14285714285714285,16.864358427674844,1,26,7,False
Full-18,mlp,loo,chb12,medication_titration,szcore,20.685555555555556,0.99,0.00933408572035017,0.676146924495697,0.8333333333333334,35.89507307300052,False,0.37037037037037035,114.86275984315411,10,99,27,False
Full-18,mlp,loo,chb12,medication_titration,ali,20.685555555555556,0.99,0.00933408572035017,0.676146924495697,0.25,20.12807835869188,False,0.0,17.403448461083954,0,15,27,False
Full-18,mlp,loo,chb12,realtime_alert,szcore,20.685555555555556,0.99,0.00933408572035017,0.676146924495697,0.8333333333333334,35.89507307300052,False,0.37037037037037035,114.86275984315411,10,99,27,False
Full-18,mlp,loo,chb12,realtime_alert,ali,20.685555555555556,0.99,0.00933408572035017,0.676146924495697,0.25,20.12807835869188,False,0.0,17.403448461083954,0,15,27,False
Full-18,mlp,loo,chb22,medication_titration,szcore,30.002222222222223,0.99,0.02000031217969063,0.011242694221436977,0.8333333333333334,57.54096057690807,False,1.0,175.1870231834679,3,219,3,False
Full-18,mlp,loo,chb22,medication_titration,ali,30.002222222222223,0.99,0.02000031217969063,0.011242694221436977,0.3333333333333333,58.440038085922254,False,1.0,35.997333530849566,3,45,3,False
Full-18,mlp,loo,chb22,realtime_alert,szcore,30.002222222222223,0.99,0.02000031217969063,0.011242694221436977,0.8333333333333334,57.54096057690807,False,1.0,175.1870231834679,3,219,3,False
Full-18,mlp,loo,chb22,realtime_alert,ali,30.002222222222223,0.99,0.02000031217969063,0.011242694221436977,0.3333333333333333,58.440038085922254,False,1.0,35.997333530849566,3,45,3,False
Full-18,mlp,loo,chb04,medication_titration,szcore,146.6211111111111,0.99,0.01056929181929182,0.13421814143657684,0.7272727272727273,70.32967032967032,False,1.0,110.65255117119712,4,676,4,False
Full-18,mlp,loo,chb04,medication_titration,ali,146.6211111111111,0.99,0.01056929181929182,0.13421814143657684,0.2727272727272727,23.35164835164835,False,0.25,18.496654263824368,1,113,4,False
Full-18,mlp,loo,chb04,realtime_alert,szcore,146.6211111111111,0.99,0.01056929181929182,0.13421814143657684,0.7272727272727273,70.32967032967032,False,1.0,110.65255117119712,4,676,4,False
Full-18,mlp,loo,chb04,realtime_alert,ali,146.6211111111111,0.99,0.01056929181929182,0.13421814143657684,0.2727272727272727,23.35164835164835,False,0.25,18.496654263824368,1,113,4,False
Full-18,mlp,loo,chb05,medication_titration,szcore,38.00222222222222,0.99,0.0008342847106349346,1.0,0.6923076923076923,3.1614999560902786,True,1.0,6.31542015086837,5,10,5,False
Full-18,mlp,loo,chb05,medication_titration,ali,38.00222222222222,0.82,0.0029126782002868766,0.9999996423721313,0.15384615384615385,4.42609993852639,True,0.2,3.157710075434185,1,5,5,False
Full-18,mlp,loo,chb05,realtime_alert,szcore,38.00222222222222,0.99,0.0008342847106349346,1.0,0.6923076923076923,3.1614999560902786,False,1.0,6.31542015086837,5,10,5,False
Full-18,mlp,loo,chb05,realtime_alert,ali,38.00222222222222,0.97,0.001170925909663066,1.0,0.0,2.8453499604812507,False,0.2,2.5261680603473478,1,4,5,False
Full-18,mlp,loo,chb19,medication_titration,szcore,28.92888888888889,0.99,0.003938032936275467,0.6776026487350464,0.8461538461538461,29.173989455184532,False,1.0,18.25165155937932,3,22,3,False
Full-18,mlp,loo,chb19,medication_titration,ali,28.92888888888889,0.99,0.003938032936275467,0.6776026487350464,0.15384615384615385,10.193321616871705,False,0.3333333333333333,7.466584728836994,1,9,3,False
Full-18,mlp,loo,chb19,realtime_alert,szcore,28.92888888888889,0.99,0.003938032936275467,0.6776026487350464,0.8461538461538461,29.173989455184532,False,1.0,18.25165155937932,3,22,3,False
Full-18,mlp,loo,chb19,realtime_alert,ali,28.92888888888889,0.99,0.003938032936275467,0.6776026487350464,0.15384615384615385,10.193321616871705,False,0.3333333333333333,7.466584728836994,1,9,3,False
Full-18,mlp,loo,chb17,medication_titration,szcore,20.42888888888889,0.99,0.004322837353244584,0.539415717124939,0.9642857142857143,21.92857493736798,False,0.3333333333333333,66.96399434352224,1,57,3,False
Full-18,mlp,loo,chb17,medication_titration,ali,20.42888888888889,0.99,0.004322837353244584,0.539415717124939,0.10714285714285714,12.379034238836763,False,0.0,5.874034591537039,0,5,3,False
Full-18,mlp,loo,chb17,realtime_alert,szcore,20.42888888888889,0.99,0.004322837353244584,0.539415717124939,0.9642857142857143,21.92857493736798,False,0.3333333333333333,66.96399434352224,1,57,3,False
Full-18,mlp,loo,chb17,realtime_alert,ali,20.42888888888889,0.99,0.004322837353244584,0.539415717124939,0.10714285714285714,12.379034238836763,False,0.0,5.874034591537039,0,5,3,False
Full-18,mlp,loo,chb23,medication_titration,szcore,26.555555555555557,0.99,0.006439460311897669,0.8588539958000183,1.0,34.06343087436481,False,1.0,71.39748953974895,7,79,7,False
Full-18,mlp,loo,chb23,medication_titration,ali,26.555555555555557,0.99,0.006439460311897669,0.8588539958000183,0.34615384615384615,9.462064131768004,False,0.14285714285714285,10.845188284518827,1,12,7,False
Full-18,mlp,loo,chb23,realtime_alert,szcore,26.555555555555557,0.99,0.006439460311897669,0.8588539958000183,1.0,34.06343087436481,False,1.0,71.39748953974895,7,79,7,False
Full-18,mlp,loo,chb23,realtime_alert,ali,26.555555555555557,0.99,0.006439460311897669,0.8588539958000183,0.34615384615384615,9.462064131768004,False,0.14285714285714285,10.845188284518827,1,12,7,False
Full-18,mlp,loo,chb24,medication_titration,szcore,21.295555555555556,0.99,0.0020626772613271454,1.0,0.3333333333333333,3.5440545671893675,True,1.0,15.777940102264427,16,14,16,False
Full-18,mlp,loo,chb24,medication_titration,ali,21.295555555555556,0.86,0.0038558001078217658,1.0,0.1,4.809788341185571,True,0.0,20.285922988625693,0,18,16,False
Full-18,mlp,loo,chb24,realtime_alert,szcore,21.295555555555556,0.99,0.0020626772613271454,1.0,0.3333333333333333,3.5440545671893675,False,1.0,15.777940102264427,16,14,16,False
Full-18,mlp,loo,chb24,realtime_alert,ali,21.295555555555556,0.99,0.0020626772613271454,1.0,0.1,2.0251740383939243,False,0.0,20.285922988625693,0,18,16,False
Full-18,mlp,loo,chb08,medication_titration,szcore,20.005555555555556,0.99,0.0020290798611111113,0.9999756813049316,0.21212121212121213,9.84375,False,1.0,1.1996667592335462,5,1,5,True
Full-18,mlp,loo,chb08,medication_titration,ali,20.005555555555556,0.88,0.004752604166666666,0.8670341372489929,0.09090909090909091,4.453125,True,0.0,5.998333796167731,0,5,5,False
Full-18,mlp,loo,chb08,realtime_alert,szcore,20.005555555555556,0.99,0.0020290798611111113,0.9999756813049316,0.21212121212121213,9.84375,False,1.0,1.1996667592335462,5,1,5,True
Full-18,mlp,loo,chb08,realtime_alert,ali,20.005555555555556,0.99,0.0020290798611111113,0.9999756813049316,0.06060606060606061,1.640625,True,0.0,7.198000555401277,0,6,5,False
Full-18,mlp,loo,chb11,medication_titration,szcore,34.79222222222222,0.99,0.0016054039828055093,0.9999971389770508,0.26666666666666666,13.643302044038952,False,0.6,4.1388560661706,3,6,5,True
Full-18,mlp,loo,chb11,medication_titration,ali,34.79222222222222,0.97,0.0024914466181243967,0.9998816251754761,0.06666666666666667,4.358277041845776,True,0.0,5.518474754894133,0,8,5,False
Full-18,mlp,loo,chb11,realtime_alert,szcore,34.79222222222222,0.99,0.0016054039828055093,0.9999971389770508,0.26666666666666666,13.643302044038952,False,0.6,4.1388560661706,3,6,5,False
Full-18,mlp,loo,chb11,realtime_alert,ali,34.79222222222222,0.99,0.0016054039828055093,0.9999971389770508,0.06666666666666667,3.410825511009738,False,0.0,4.828665410532366,0,7,5,False
Full-18,mlp,loo,chb15,medication_titration,szcore,40.00888888888889,0.99,0.0030184472350181946,0.20583544671535492,0.3,21.808544203950277,False,0.55,22.195067762719393,11,37,20,False
Full-18,mlp,loo,chb15,medication_titration,ali,40.00888888888889,0.99,0.0030184472350181946,0.20583544671535492,0.05,7.951031741023538,False,0.0,5.998666962897134,0,10,20,False
Full-18,mlp,loo,chb15,realtime_alert,szcore,40.00888888888889,0.99,0.0030184472350181946,0.20583544671535492,0.3,21.808544203950277,False,0.55,22.195067762719393,11,37,20,False
Full-18,mlp,loo,chb15,realtime_alert,ali,40.00888888888889,0.99,0.0030184472350181946,0.20583544671535492,0.05,7.951031741023538,False,0.0,5.998666962897134,0,10,20,False
Full-18,mlp,loo,chb20,medication_titration,szcore,27.59888888888889,0.99,0.004873835523474613,0.9281810522079468,0.631578947368421,39.40667882922186,False,0.875,50.4368130762108,7,58,8,False
Full-18,mlp,loo,chb20,medication_titration,ali,27.59888888888889,0.99,0.004873835523474613,0.9281810522079468,0.10526315789473684,9.328151027207108,False,0.0,11.304802930874834,0,13,8,False
Full-18,mlp,loo,chb20,realtime_alert,szcore,27.59888888888889,0.99,0.004873835523474613,0.9281810522079468,0.631578947368421,39.40667882922186,False,0.875,50.4368130762108,7,58,8,False
Full-18,mlp,loo,chb20,realtime_alert,ali,27.59888888888889,0.99,0.004873835523474613,0.9281810522079468,0.10526315789473684,9.328151027207108,False,0.0,11.304802930874834,0,13,8,False
Full-18,mlp,loo,chb07,medication_titration,szcore,59.047777777777775,0.99,0.0012115222138974352,0.997422456741333,0.3333333333333333,9.296838883486632,False,1.0,8.129010405886007,2,20,2,False
Full-18,mlp,loo,chb07,medication_titration,ali,59.047777777777775,0.87,0.003076628780029013,0.8827805519104004,0.07407407407407407,4.992746807798376,True,1.0,6.096757804414505,2,15,2,False
Full-18,mlp,loo,chb07,realtime_alert,szcore,59.047777777777775,0.99,0.0012115222138974352,0.997422456741333,0.3333333333333333,9.296838883486632,False,1.0,8.129010405886007,2,20,2,False
Full-18,mlp,loo,chb07,realtime_alert,ali,59.047777777777775,0.99,0.0012115222138974352,0.997422456741333,0.07407407407407407,2.9267826114680138,False,0.5,1.2193515608829009,1,3,2,False
Glass-7,rf,5fold,0,medication_titration,szcore,73.74555555555555,0.77,0.0014739761325049951,0.5866666666666667,0.275,4.4808874428151855,True,0.2222222222222222,6.18342348314776,8,19,36,False
Glass-7,rf,5fold,0,medication_titration,ali,73.74555555555555,0.61,0.0035047876928452106,0.43,0.15,4.716723624015985,True,0.1111111111111111,5.857980141929457,4,18,36,False
Glass-7,rf,5fold,0,realtime_alert,szcore,73.74555555555555,0.88,0.0010427016344757558,0.6566666666666666,0.275,1.7687713590059944,True,0.2222222222222222,3.254433412183032,8,10,36,False
Glass-7,rf,5fold,0,realtime_alert,ali,73.74555555555555,0.79,0.0013538743735601437,0.6033333333333334,0.125,1.886689449606394,True,0.05555555555555555,2.603546729746425,2,8,36,False
Glass-7,rf,5fold,1,medication_titration,szcore,203.5311111111111,0.91,0.0006760892153095065,0.9766666666666667,0.5945945945945946,4.842222127332508,True,0.15,0.943344724803197,6,8,40,False
Glass-7,rf,5fold,1,medication_titration,ali,203.5311111111111,0.72,0.002565580653885022,0.87,0.16216216216216217,4.765361458644691,True,0.125,4.245051261614386,5,36,40,False
Glass-7,rf,5fold,1,realtime_alert,szcore,203.5311111111111,0.97,0.00028111077899711063,1.0,0.4864864864864865,1.7677953798198045,True,0.125,0.3537542718011989,5,3,40,False
Glass-7,rf,5fold,1,realtime_alert,ali,203.5311111111111,0.84,0.0011030929302418265,0.93,0.10810810810810811,1.9983773858832572,True,0.125,0.8254266342027974,5,7,40,False
Glass-7,rf,5fold,2,medication_titration,szcore,312.25333333333333,0.96,0.0014594406203711772,0.82,0.45454545454545453,4.705062298510064,True,0.7297297297297297,11.913403646611725,27,155,37,False
Glass-7,rf,5fold,2,medication_titration,ali,312.25333333333333,0.89,0.004116929511196306,0.6333333333333333,0.36363636363636365,4.861897708460399,True,0.21621621621621623,9.684444254665015,8,126,37,False
Glass-7,rf,5fold,2,realtime_alert,szcore,312.25333333333333,0.99,0.0006026545845313816,0.9166666666666666,0.3939393939393939,0.6273416398013418,True,0.5945945945945946,4.611640121269055,22,60,37,False
Glass-7,rf,5fold,2,realtime_alert,ali,312.25333333333333,0.96,0.0014594406203711772,0.82,0.15151515151515152,1.72518950945369,True,0.16216216216216217,3.535590759639609,6,46,37,False
Glass-7,rf,5fold,3,medication_titration,szcore,153.02666666666667,0.72,0.0015297927130873766,0.9233333333333333,0.6060606060606061,4.956528390403101,True,0.45454545454545453,4.861897708460399,15,31,33,False
Glass-7,rf,5fold,3,medication_titration,ali,153.02666666666667,0.49,0.003964712781418118,0.7766666666666666,0.3333333333333333,4.818847046225237,True,0.3939393939393939,4.861897708460399,13,31,33,False
Glass-7,rf,5fold,3,realtime_alert,szcore,153.02666666666667,0.82,0.001013487672420387,0.96,0.5454545454545454,1.7898574743122306,True,0.45454545454545453,0.6273416398013418,15,4,33,False
Glass-7,rf,5fold,3,realtime_alert,ali,153.02666666666667,0.79,0.0011792152163381862,0.95,0.09090909090909091,1.9275388184900946,True,0.15151515151515152,1.8820249194040255,5,12,33,False
Glass-7,rf,5fold,4,medication_titration,szcore,174.31555555555556,0.66,0.0004218709978755782,0.9533333333333334,0.1388888888888889,4.556206777056245,True,0.3939393939393939,0.1376813441778639,13,1,33,False
Glass-7,rf,5fold,4,medication_titration,ali,174.31555555555556,0.48,0.0022750900242575825,0.5866666666666667,0.0,4.881650118274548,True,0.15151515151515152,3.5797149486244613,5,26,33,False
Glass-7,rf,5fold,4,realtime_alert,szcore,174.31555555555556,0.74,0.00022600232029048833,0.9866666666666667,0.08333333333333333,1.952660047309819,True,0.2727272727272727,0.0,9,0,33,False
Glass-7,rf,5fold,4,realtime_alert,ali,174.31555555555556,0.59,0.0007684078889876603,0.8533333333333334,0.0,1.627216706091516,True,0.0,2.340582851023686,0,17,33,False
Glass-7,rf,loo,chb16,medication_titration,szcore,17.0,0.86,0.0014518327913551029,0.69,0.6666666666666666,4.334252040533283,True,0.0,28.235294117647058,0,20,8,False
Glass-7,rf,loo,chb16,medication_titration,ali,17.0,0.77,0.003322690494036272,0.6266666666666667,0.5714285714285714,4.589208042917593,True,0.0,2.8235294117647056,0,2,8,False
Glass-7,rf,loo,chb16,realtime_alert,szcore,17.0,0.89,0.0011980571408336826,0.7233333333333334,0.6666666666666666,1.9121700178823307,True,0.0,21.176470588235293,0,15,8,False
Glass-7,rf,loo,chb16,realtime_alert,ali,17.0,0.81,0.0021482403904603963,0.6666666666666666,0.5714285714285714,1.65721401549802,True,0.0,0.0,0,0,8,False
Glass-7,rf,loo,chb10,medication_titration,szcore,48.022222222222226,0.85,0.0010927285623909668,0.9766666666666667,0.45,4.554952744282346,True,1.0,0.0,7,0,7,True
Glass-7,rf,loo,chb10,medication_titration,ali,48.022222222222226,0.78,0.0025433097534011974,0.81,0.3,3.588750647010333,True,0.8571428571428571,0.9995372512725589,6,2,7,True
Glass-7,rf,loo,chb10,realtime_alert,szcore,48.022222222222226,0.9,0.000760436835815936,0.9866666666666667,0.4,1.7943753235051665,True,0.8571428571428571,0.0,6,0,7,True
Glass-7,rf,loo,chb10,realtime_alert,ali,48.022222222222226,0.81,0.0015847759267424548,0.95,0.3,1.5183175814274485,True,0.5714285714285714,1.9990745025451178,4,4,7,False
Glass-7,rf,loo,chb01+21,medication_titration,szcore,72.38,0.87,0.0011950971386806522,0.5633333333333334,0.35,4.693472399182197,True,0.5,4.973749654600719,5,15,10,False
Glass-7,rf,loo,chb01+21,medication_titration,ali,72.38,0.79,0.0035062767291870376,0.32666666666666666,0.2,4.693472399182197,True,0.4,7.95799944736115,4,24,10,False
Glass-7,rf,loo,chb01+21,realtime_alert,szcore,72.38,0.94,0.0007407626892648671,0.71,0.2,1.493377581557972,True,0.4,1.3263332412268583,4,4,10,False
Glass-7,rf,loo,chb01+21,realtime_alert,ali,72.38,0.84,0.0017580767825219512,0.47,0.2,1.9200568905745354,True,0.3,1.9894998618402875,3,6,10,False
Glass-7,rf,loo,chb09,medication_titration,szcore,67.86555555555556,0.8,0.0006337403354598842,0.9933333333333333,0.3684210526315789,4.867125776331911,True,1.0,0.3536403673930483,4,1,4,True
Glass-7,rf,loo,chb09,medication_titration,ali,67.86555555555556,0.69,0.0020420521920374046,0.8833333333333333,0.10526315789473684,4.867125776331911,True,1.0,1.7682018369652415,4,5,4,True
Glass-7,rf,loo,chb09,realtime_alert,szcore,67.86555555555556,0.86,0.0002957454898812793,1.0,0.3684210526315789,1.8251721661244669,True,1.0,0.3536403673930483,4,1,4,True
Glass-7,rf,loo,chb09,realtime_alert,ali,67.86555555555556,0.8,0.0006337403354598842,0.9933333333333333,0.0,1.5209768051037222,True,0.25,1.060921102179145,1,3,4,False
Glass-7,rf,loo,chb18,medication_titration,szcore,33.63111111111111,0.75,0.0004053695879262227,0.83,0.14285714285714285,4.714760130341914,True,0.8333333333333334,0.7136249504427118,5,1,6,True
Glass-7,rf,loo,chb18,medication_titration,ali,33.63111111111111,0.64,0.0018709365596594895,0.6366666666666667,0.0,4.377991549603206,True,0.16666666666666666,2.854499801770847,1,4,6,False
Glass-7,rf,loo,chb18,realtime_alert,szcore,33.63111111111111,0.82,0.0001247291039772993,0.8833333333333333,0.09523809523809523,1.6838429036935407,True,0.6666666666666666,0.0,4,0,6,False
Glass-7,rf,loo,chb18,realtime_alert,ali,33.63111111111111,0.73,0.0007016012098723086,0.7866666666666666,0.0,1.6838429036935407,True,0.0,2.854499801770847,0,4,6,False
Glass-7,rf,loo,chb13,medication_titration,szcore,11.0,0.95,0.0002894518156098563,0.9233333333333333,0.05263157894736842,4.6386987740315035,True,0.0,6.545454545454546,0,3,10,False
Glass-7,rf,loo,chb13,medication_titration,ali,11.0,0.79,0.002324951680221104,0.7966666666666666,0.0,4.8403813294241775,True,0.0,0.0,0,0,10,False
Glass-7,rf,loo,chb13,realtime_alert,szcore,11.0,0.99,6.5360087395774e-05,0.9366666666666666,0.05263157894736842,1.2100953323560444,True,0.0,2.181818181818182,0,1,10,False
Glass-7,rf,loo,chb13,realtime_alert,ali,11.0,0.84,0.001260515971204213,0.8366666666666667,0.0,1.8151429985340666,True,0.0,0.0,0,0,10,False
Glass-7,rf,loo,chb02,medication_titration,szcore,34.26555555555556,0.9,0.0004381121019340824,0.6433333333333333,0.2608695652173913,4.140159363277078,True,0.6666666666666666,2.8016472648270043,2,4,3,True
Glass-7,rf,loo,chb02,medication_titration,ali,34.26555555555556,0.7,0.0023365978769817725,0.38,0.0,4.337309809147415,True,0.3333333333333333,0.7004118162067511,1,1,3,False
Glass-7,rf,loo,chb02,realtime_alert,szcore,34.26555555555556,0.96,7.301868365568039e-05,0.8666666666666667,0.043478260869565216,1.3800531210923594,True,0.6666666666666666,0.0,2,0,3,False
Glass-7,rf,loo,chb02,realtime_alert,ali,34.26555555555556,0.85,0.0008305875265833645,0.5266666666666666,0.0,1.9715044587033705,True,0.0,1.4008236324135022,0,2,3,False
Glass-7,rf,loo,chb14,medication_titration,szcore,26.0,0.94,0.00041993548263948537,0.5833333333333334,0.11904761904761904,4.741453358529463,True,0.0,8.307692307692308,0,9,8,False
Glass-7,rf,loo,chb14,medication_titration,ali,26.0,0.78,0.0022714692015499438,0.42333333333333334,0.0,4.5353032125064425,True,0.0,3.6923076923076925,0,4,8,False
Glass-7,rf,loo,chb14,realtime_alert,szcore,26.0,0.99,5.7263929450838916e-05,0.8666666666666667,0.0,1.2369008761381206,True,0.0,0.9230769230769231,0,1,8,False
Glass-7,rf,loo,chb14,realtime_alert,ali,26.0,0.88,0.0009543988241806486,0.49666666666666665,0.0,1.855351314207181,True,0.0,0.0,0,0,8,False
Glass-7,rf,loo,chb06,medication_titration,szcore,58.733333333333334,0.67,0.0015585402939685758,0.8266666666666667,0.2702702702702703,4.926507856056767,True,0.0,22.06583427922815,0,54,8,False
Glass-7,rf,loo,chb06,medication_titration,ali,58.733333333333334,0.44,0.0037633046122655853,0.7333333333333333,0.21621621621621623,4.379118094272681,True,0.0,6.129398410896708,0,15,8,False
Glass-7,rf,loo,chb06,realtime_alert,szcore,58.733333333333334,0.75,0.0011023821591485048,0.86,0.2702702702702703,1.6421692853522556,True,0.0,15.119182746878545,0,37,8,False
Glass-7,rf,loo,chb06,realtime_alert,ali,58.733333333333334,0.57,0.0021540800810947794,0.7933333333333333,0.21621621621621623,1.6421692853522556,True,0.0,2.8603859250851302,0,7,8,False
Glass-7,rf,loo,chb03,medication_titration,szcore,37.00111111111111,0.8,0.0009010125128112717,0.8066666666666666,0.20588235294117646,4.987104258410389,True,1.0,3.8917750217711182,7,6,7,True
Glass-7,rf,loo,chb03,medication_titration,ali,37.00111111111111,0.68,0.0020666974512608544,0.68,0.08823529411764706,4.743830879951345,True,0.2857142857142857,4.540404192066305,2,7,7,False
Glass-7,rf,loo,chb03,realtime_alert,szcore,37.00111111111111,0.89,0.00041671828717521314,0.8733333333333333,0.17647058823529413,1.824550338442825,True,0.7142857142857143,1.2972583405903728,5,2,7,False
Glass-7,rf,loo,chb03,realtime_alert,ali,37.00111111111111,0.81,0.0008221739179402854,0.83,0.08823529411764706,1.7029136492133032,True,0.0,2.5945166811807456,0,4,7,False
Glass-7,rf,loo,chb12,medication_titration,szcore,20.685555555555556,0.98,0.0006885376599038118,0.57,0.75,3.3546797264486465,True,0.0,10.442069076650373,0,9,27,False
Glass-7,rf,loo,chb12,medication_titration,ali,20.685555555555556,0.92,0.0023399926486956614,0.4766666666666667,0.5833333333333334,4.249260986834952,True,0.0,4.6409195896223885,0,4,27,False
Glass-7,rf,loo,chb12,realtime_alert,szcore,20.685555555555556,0.99,0.00047628168955752393,0.6033333333333334,0.75,2.012807835869188,False,0.0,8.121609281839179,0,7,27,False
Glass-7,rf,loo,chb12,realtime_alert,ali,20.685555555555556,0.96,0.0012321200229857684,0.54,0.4166666666666667,1.7891625207726116,True,0.0,1.1602298974055971,0,1,27,False
Glass-7,rf,loo,chb22,medication_titration,szcore,30.002222222222223,0.98,0.000486155036409353,0.9933333333333333,0.75,2.8228356952801144,True,1.0,0.0,3,0,3,True
Glass-7,rf,loo,chb22,medication_titration,ali,30.002222222222223,0.91,0.00210667182444053,0.6566666666666666,0.16666666666666666,4.742363968070593,True,1.0,0.0,3,0,3,True
Glass-7,rf,loo,chb22,realtime_alert,szcore,30.002222222222223,0.99,0.00028751104303778943,0.9966666666666667,0.5833333333333334,1.4678745615456594,True,1.0,0.0,3,0,3,True
Glass-7,rf,loo,chb22,realtime_alert,ali,30.002222222222223,0.95,0.0010925419635435998,0.9533333333333334,0.16666666666666666,1.9195282727904779,True,0.6666666666666666,0.7999407451299904,2,1,3,False
Glass-7,rf,loo,chb04,medication_titration,szcore,146.6211111111111,0.99,0.0007289388732687702,0.8266666666666667,0.6363636363636364,2.2492970946579196,True,0.25,7.202237058480286,1,44,4,False
Glass-7,rf,loo,chb04,medication_titration,ali,146.6211111111111,0.96,0.0022649172133708214,0.6633333333333333,0.18181818181818182,4.217432052483599,True,0.0,6.547488234982078,0,40,4,False
Glass-7,rf,loo,chb04,realtime_alert,szcore,146.6211111111111,0.99,0.0007289388732687702,0.8266666666666667,0.6363636363636364,2.2492970946579196,False,0.25,7.202237058480286,1,44,4,False
Glass-7,rf,loo,chb04,realtime_alert,ali,146.6211111111111,0.98,0.00108039154430907,0.78,0.0,1.6869728209934396,True,0.0,3.273744117491039,0,20,4,False
Glass-7,rf,loo,chb05,medication_titration,szcore,38.00222222222222,0.61,0.0016686209073689907,0.9833333333333333,1.0,4.8705691350230005,True,1.0,6.946962165955207,5,11,5,False
Glass-7,rf,loo,chb05,medication_titration,ali,38.00222222222222,0.54,0.0021496647725564475,0.9766666666666667,0.15384615384615385,4.8705691350230005,True,0.0,5.0523361206946955,0,8,5,False
Glass-7,rf,loo,chb05,realtime_alert,szcore,38.00222222222222,0.71,0.0009470551095878056,0.9933333333333333,0.7692307692307693,1.9482276540092003,True,1.0,1.894626045260511,5,3,5,True
Glass-7,rf,loo,chb05,realtime_alert,ali,38.00222222222222,0.82,0.0005712395899101049,0.9966666666666667,0.0,1.9482276540092003,True,0.0,2.5261680603473478,0,4,5,False
Glass-7,rf,loo,chb19,medication_titration,szcore,27.92888888888889,0.98,0.0007266481701677897,0.96,0.4230769230769231,4.637336504161713,True,1.0,0.0,3,0,3,True
Glass-7,rf,loo,chb19,medication_titration,ali,27.92888888888889,0.87,0.001684502576298058,0.5033333333333333,0.07692307692307693,4.9940546967895365,True,0.3333333333333333,2.577975811584978,1,3,3,False
Glass-7,rf,loo,chb19,realtime_alert,szcore,27.92888888888889,0.99,0.0005284713964856652,0.9866666666666667,0.3076923076923077,3.2104637336504163,False,1.0,0.0,3,0,3,True
Glass-7,rf,loo,chb19,realtime_alert,ali,27.92888888888889,0.99,0.0005284713964856652,0.9866666666666667,0.0,1.426872770511296,True,0.0,2.577975811584978,0,3,3,False
Glass-7,rf,loo,chb17,medication_titration,szcore,19.42888888888889,0.94,0.00134269948093203,0.69,0.6785714285714286,4.951613695534705,True,1.0,6.176369667162301,3,5,3,False
Glass-7,rf,loo,chb17,medication_titration,ali,19.42888888888889,0.92,0.0015391920878976928,0.68,0.03571428571428571,4.951613695534705,True,0.0,4.941095733729841,0,4,3,False
Glass-7,rf,loo,chb17,realtime_alert,szcore,19.42888888888889,0.99,0.0004912315174141573,0.81,0.32142857142857145,2.829493540305546,False,1.0,1.2352739334324603,3,1,3,True
Glass-7,rf,loo,chb17,realtime_alert,ali,19.42888888888889,0.97,0.0009005911152592884,0.75,0.0,1.7684334626909661,True,0.0,3.7058218002973806,0,3,3,False
Glass-7,rf,loo,chb23,medication_titration,szcore,26.555555555555557,0.9,0.0025407394427895565,0.49333333333333335,1.0,4.415629928158402,True,1.0,10.845188284518827,7,12,7,False
Glass-7,rf,loo,chb23,medication_titration,ali,26.555555555555557,0.93,0.0021026809181706675,0.5166666666666667,0.07692307692307693,4.100227790432802,True,0.14285714285714285,6.3263598326359824,1,7,7,False
Glass-7,rf,loo,chb23,realtime_alert,szcore,26.555555555555557,0.99,0.0003358448688744816,0.7766666666666666,0.38461538461538464,1.2616085509024006,True,0.2857142857142857,0.903765690376569,2,1,7,False
Glass-7,rf,loo,chb23,realtime_alert,ali,26.555555555555557,0.98,0.0006716897377489632,0.7,0.0,1.2616085509024006,True,0.0,3.615062761506276,0,4,7,False
Glass-7,rf,loo,chb24,medication_titration,szcore,21.295555555555556,0.75,0.002345249093881032,0.9666666666666667,0.3333333333333333,4.349371046833913,True,0.8125,12.396952937493479,13,11,16,False
Glass-7,rf,loo,chb24,medication_titration,ali,21.295555555555556,0.54,0.004654964110582048,0.8666666666666667,0.13333333333333333,4.861061758226138,True,0.0625,15.777940102264427,1,14,16,False
Glass-7,rf,loo,chb24,realtime_alert,szcore,21.295555555555556,0.84,0.0017530144742141046,0.98,0.3333333333333333,1.7909174898727878,True,0.5625,11.269957215903162,9,10,16,False
Glass-7,rf,loo,chb24,realtime_alert,ali,21.295555555555556,0.9,0.0012910714708739015,0.9833333333333333,0.03333333333333333,1.7909174898727878,True,0.0,2.2539914431806323,0,2,16,False
Glass-7,rf,loo,chb08,medication_titration,szcore,20.005555555555556,0.68,0.0018847249616480385,0.8966666666666666,0.15151515151515152,4.733727810650887,True,1.0,0.0,5,0,5,True
Glass-7,rf,loo,chb08,medication_titration,ali,20.005555555555556,0.51,0.003977646285338593,0.78,0.12121212121212122,4.023668639053254,True,0.0,5.998333796167731,0,5,5,False
Glass-7,rf,loo,chb08,realtime_alert,szcore,20.005555555555556,0.76,0.0014464168310322155,0.9233333333333333,0.15151515151515152,1.6568047337278105,True,1.0,0.0,5,0,5,True
Glass-7,rf,loo,chb08,realtime_alert,ali,20.005555555555556,0.59,0.002651764190225729,0.8466666666666667,0.12121212121212122,1.8934911242603547,True,0.0,5.998333796167731,0,5,5,False
Glass-7,rf,loo,chb11,medication_titration,szcore,34.79222222222222,0.85,0.000486338314616677,0.9866666666666667,0.06666666666666667,4.774957998054647,True,0.6,0.0,3,0,5,True
Glass-7,rf,loo,chb11,medication_titration,ali,34.79222222222222,0.62,0.0026527544433636928,0.8666666666666667,0.06666666666666667,4.5839596781324605,True,0.2,1.3796186887235333,1,2,5,False
Glass-7,rf,loo,chb11,realtime_alert,szcore,34.79222222222222,0.9,0.00024759041471394467,0.99,0.06666666666666667,1.5279865593774868,True,0.6,0.0,3,0,5,False
Glass-7,rf,loo,chb11,realtime_alert,ali,34.79222222222222,0.68,0.0018480855955433726,0.94,0.06666666666666667,1.7189848792996727,True,0.2,2.0694280330853,1,3,5,False
Glass-7,rf,loo,chb15,medication_titration,szcore,39.00888888888889,0.84,0.0005145687270856114,0.32,0.1111111111111111,4.168006689393452,True,0.05,4.921955109946451,1,8,20,False
Glass-7,rf,loo,chb15,medication_titration,ali,39.00888888888889,0.64,0.00333397654424219,0.19,0.1111111111111111,4.399562616581977,True,0.0,11.074398997379514,0,18,20,False
Glass-7,rf,loo,chb15,realtime_alert,szcore,39.00888888888889,0.88,0.0003430458180570742,0.33666666666666667,0.1111111111111111,1.8524474175082009,True,0.05,3.6914663324598385,1,6,20,False
Glass-7,rf,loo,chb15,realtime_alert,ali,39.00888888888889,0.7,0.002122595999228147,0.21666666666666667,0.1111111111111111,1.8524474175082009,True,0.0,5.537199498689757,0,9,20,False
Glass-7,rf,loo,chb20,medication_titration,szcore,27.59888888888889,0.86,0.0011552618145670454,0.56,0.5294117647058824,4.642540501329895,True,0.0,17.392004509038205,0,20,8,False
Glass-7,rf,loo,chb20,medication_titration,ali,27.59888888888889,0.69,0.004370292755881537,0.45666666666666667,0.4117647058823529,4.449101313774483,True,0.0,2.608800676355731,0,3,8,False
Glass-7,rf,loo,chb20,realtime_alert,szcore,27.59888888888889,0.89,0.0009134628301227802,0.5733333333333334,0.5294117647058824,1.5475135004432983,True,0.0,12.174403156326743,0,14,8,False
Glass-7,rf,loo,chb20,realtime_alert,ali,27.59888888888889,0.76,0.0023732122547307525,0.5133333333333333,0.4117647058823529,1.7409526879987105,True,0.0,2.608800676355731,0,3,8,False
Glass-7,rf,loo,chb07,medication_titration,szcore,59.047777777777775,0.8,0.0012695896880205722,0.7233333333333334,0.48,4.366741602108974,True,1.0,11.787065088534709,2,29,2,False
Glass-7,rf,loo,chb07,medication_titration,ali,59.047777777777775,0.65,0.003638951335090812,0.55,0.32,4.890750594362051,True,1.0,5.6903072841202045,2,14,2,False
Glass-7,rf,loo,chb07,realtime_alert,szcore,59.047777777777775,0.84,0.0010431660493926995,0.77,0.44,1.5720269767592308,True,1.0,7.316109365297406,2,18,2,False
Glass-7,rf,loo,chb07,realtime_alert,ali,59.047777777777775,0.7,0.002482573466384176,0.6166666666666667,0.32,1.9213663049279486,True,1.0,2.8451536420601022,2,7,2,False
Glass-7,lr,5fold,0,medication_titration,szcore,73.74555555555555,0.98,0.0010208649510312373,0.9433436393737793,0.225,3.0658703556103903,True,0.1111111111111111,7.15975350680267,4,22,36,False
Glass-7,lr,5fold,0,medication_titration,ali,73.74555555555555,0.92,0.0032809616875388967,0.8733142614364624,0.175,4.716723624015985,True,0.0,8.786970212894186,0,27,36,False
Glass-7,lr,5fold,0,realtime_alert,szcore,73.74555555555555,0.99,0.0006496413324744238,0.964508056640625,0.2,1.1791809060039962,True,0.08333333333333333,4.881650118274548,3,15,36,False
Glass-7,lr,5fold,0,realtime_alert,ali,73.74555555555555,0.95,0.0018997914596731048,0.9185528755187988,0.125,1.6508532684055948,True,0.0,5.20709345949285,0,16,36,False
Glass-7,lr,5fold,1,medication_titration,szcore,203.5311111111111,0.99,0.024047425879271816,0.9955558180809021,0.6216216216216216,46.27012255006618,False,0.2,43.51177543154746,8,369,40,False
Glass-7,lr,5fold,1,medication_titration,ali,203.5311111111111,0.99,0.024047425879271816,0.9955558180809021,0.1891891891891892,39.813826380289505,False,0.1,44.21928397514986,4,375,40,False
Glass-7,lr,5fold,1,realtime_alert,szcore,203.5311111111111,0.99,0.024047425879271816,0.9955558180809021,0.6216216216216216,46.27012255006618,False,0.2,43.51177543154746,8,369,40,False
Glass-7,lr,5fold,1,realtime_alert,ali,203.5311111111111,0.99,0.024047425879271816,0.9955558180809021,0.1891891891891892,39.813826380289505,False,0.1,44.21928397514986,4,375,40,False
Glass-7,lr,5fold,2,medication_titration,szcore,312.25333333333333,0.99,0.010368563213383288,0.9911666512489319,0.5151515151515151,36.38581510847782,False,0.5675675675675675,21.36726589521329,21,278,37,False
Glass-7,lr,5fold,2,medication_titration,ali,312.25333333333333,0.99,0.010368563213383288,0.9911666512489319,0.30303030303030304,21.956957393046963,False,0.1891891891891892,17.13992911738332,7,223,37,False
Glass-7,lr,5fold,2,realtime_alert,szcore,312.25333333333333,0.99,0.010368563213383288,0.9911666512489319,0.5151515151515151,36.38581510847782,False,0.5675675675675675,21.36726589521329,21,278,37,False
Glass-7,lr,5fold,2,realtime_alert,ali,312.25333333333333,0.99,0.010368563213383288,0.9911666512489319,0.30303030303030304,21.956957393046963,False,0.1891891891891892,17.13992911738332,7,223,37,False
Glass-7,lr,5fold,3,medication_titration,szcore,153.02666666666667,0.97,0.0013704393054741082,0.9970226883888245,0.5151515151515151,4.956528390403101,True,0.45454545454545453,6.430251807963754,15,41,33,False
Glass-7,lr,5fold,3,medication_titration,ali,153.02666666666667,0.95,0.002173580479844981,0.9914982914924622,0.06060606060606061,4.681165702047372,True,0.0,5.959745578112747,0,38,33,False
Glass-7,lr,5fold,3,realtime_alert,szcore,153.02666666666667,0.99,0.0006756584482802581,0.999810516834259,0.45454545454545453,2.753626883557278,False,0.3333333333333333,3.136708199006709,11,20,33,False
Glass-7,lr,5fold,3,realtime_alert,ali,153.02666666666667,0.99,0.0006756584482802581,0.999810516834259,0.0,2.2029015068458224,False,0.0,2.1956957393046963,0,14,33,False
Glass-7,lr,5fold,4,medication_titration,szcore,174.31555555555556,0.96,0.0011450784228051408,0.9999631643295288,0.1388888888888889,4.881650118274548,True,0.0,0.9637694092450473,0,7,33,False
Glass-7,lr,5fold,4,medication_titration,ali,174.31555555555556,0.91,0.0020038872399089965,0.9841439723968506,0.0,4.556206777056245,True,0.0,2.891308227735142,0,21,33,False
Glass-7,lr,5fold,4,realtime_alert,szcore,174.31555555555556,0.98,0.0008136083530457579,0.9999973773956299,0.1388888888888889,1.952660047309819,True,0.0,0.9637694092450473,0,7,33,False
Glass-7,lr,5fold,4,realtime_alert,ali,174.31555555555556,0.99,0.0007081406035768634,0.9999990463256836,0.0,1.952660047309819,True,0.0,1.9275388184900946,0,14,33,False
Glass-7,lr,loo,chb16,medication_titration,szcore,17.0,0.99,0.0015757697369585873,0.9999997615814209,0.8571428571428571,7.903636073913633,False,0.0,7.0588235294117645,0,5,8,False
Glass-7,lr,loo,chb16,medication_titration,ali,17.0,0.98,0.0028918620640813026,0.9999972581863403,0.38095238095238093,4.716686044109749,True,0.0,9.88235294117647,0,7,8,False
Glass-7,lr,loo,chb16,realtime_alert,szcore,17.0,0.99,0.0015757697369585873,0.9999997615814209,0.8571428571428571,7.903636073913633,False,0.0,7.0588235294117645,0,5,8,False
Glass-7,lr,loo,chb16,realtime_alert,ali,17.0,0.99,0.0015757697369585873,0.9999997615814209,0.2857142857142857,2.8045160262274185,False,0.0,4.235294117647059,0,3,8,False
Glass-7,lr,loo,chb10,medication_titration,szcore,48.022222222222226,0.99,0.0011182894644352,0.9981977343559265,0.55,8.419761133370397,False,1.0,1.4993058769088383,7,3,7,True
Glass-7,lr,loo,chb10,medication_titration,ali,48.022222222222226,0.98,0.002549699978912256,0.9827373623847961,0.25,4.416923873243487,True,0.5714285714285714,5.497454881999074,4,11,7,False
Glass-7,lr,loo,chb10,realtime_alert,szcore,48.022222222222226,0.99,0.0011182894644352,0.9981977343559265,0.55,8.419761133370397,False,1.0,1.4993058769088383,7,3,7,True
Glass-7,lr,loo,chb10,realtime_alert,ali,48.022222222222226,0.99,0.0011182894644352,0.9981977343559265,0.2,1.6563464524663076,True,0.0,4.497917630726515,0,9,7,False
Glass-7,lr,loo,chb01+21,medication_titration,szcore,72.38,0.99,0.0014914022143865991,0.9090285301208496,0.2,12.37369996148034,False,0.7,7.626416137054435,7,23,10,False
Glass-7,lr,loo,chb01+21,medication_titration,ali,72.38,0.99,0.0014914022143865991,0.9090285301208496,0.2,2.5600758540993804,True,0.4,1.3263332412268583,4,4,10,False
Glass-7,lr,loo,chb01+21,realtime_alert,szcore,72.38,0.99,0.0014914022143865991,0.9090285301208496,0.2,12.37369996148034,False,0.7,7.626416137054435,7,23,10,False
Glass-7,lr,loo,chb01+21,realtime_alert,ali,72.38,0.99,0.0014914022143865991,0.9090285301208496,0.2,2.5600758540993804,False,0.4,1.3263332412268583,4,4,10,False
Glass-7,lr,loo,chb09,medication_titration,szcore,67.86555555555556,0.99,0.0003943273198417057,0.9999715089797974,0.05263157894736842,5.4755164983734,False,1.0,0.3536403673930483,4,1,4,True
Glass-7,lr,loo,chb09,medication_titration,ali,67.86555555555556,0.97,0.0017322235835903503,0.9946120977401733,0.0,3.3461489712281893,True,1.0,2.12184220435829,4,6,4,True
Glass-7,lr,loo,chb09,realtime_alert,szcore,67.86555555555556,0.99,0.0003943273198417057,0.9999715089797974,0.05263157894736842,5.4755164983734,False,1.0,0.3536403673930483,4,1,4,True
Glass-7,lr,loo,chb09,realtime_alert,ali,67.86555555555556,0.98,0.0008872364696438379,0.9981106519699097,0.0,1.5209768051037222,True,0.75,0.3536403673930483,3,1,4,False
Glass-7,lr,loo,chb18,medication_titration,szcore,33.63111111111111,0.99,0.0010446062458098816,0.8823121786117554,0.09523809523809523,6.061834453296746,False,0.6666666666666666,12.131624157526101,4,17,6,False
Glass-7,lr,loo,chb18,medication_titration,ali,33.63111111111111,0.99,0.0010446062458098816,0.8823121786117554,0.0,3.7044543881257894,True,0.0,2.854499801770847,0,4,6,False
Glass-7,lr,loo,chb18,realtime_alert,szcore,33.63111111111111,0.99,0.0010446062458098816,0.8823121786117554,0.09523809523809523,6.061834453296746,False,0.6666666666666666,12.131624157526101,4,17,6,False
Glass-7,lr,loo,chb18,realtime_alert,ali,33.63111111111111,0.99,0.0010446062458098816,0.8823121786117554,0.0,3.7044543881257894,False,0.0,2.854499801770847,0,4,6,False
Glass-7,lr,loo,chb13,medication_titration,szcore,11.0,0.97,0.00033613759232112343,0.9995459914207458,0.05263157894736842,4.43701621863883,True,0.0,6.545454545454546,0,3,10,False
Glass-7,lr,loo,chb13,medication_titration,ali,11.0,0.91,0.003221318593077433,0.9836164712905884,0.0,3.025238330890111,True,0.0,8.727272727272728,0,4,10,False
Glass-7,lr,loo,chb13,realtime_alert,szcore,11.0,0.99,0.00016806879616056172,0.99998939037323,0.0,2.016825553926741,False,0.0,4.363636363636364,0,2,10,False
Glass-7,lr,loo,chb13,realtime_alert,ali,11.0,0.94,0.0009337155342253429,0.9972360730171204,0.0,1.4117778877487186,True,0.0,0.0,0,0,10,False
Glass-7,lr,loo,chb02,medication_titration,szcore,34.26555555555556,0.96,0.00019167404459616104,0.9744266271591187,0.043478260869565216,3.154407133925393,True,0.3333333333333333,2.8016472648270043,1,4,3,False
Glass-7,lr,loo,chb02,medication_titration,ali,34.26555555555556,0.89,0.0030394027071676964,0.7808010578155518,0.0,3.745858471536404,True,0.0,4.902882713447258,0,7,3,False
Glass-7,lr,loo,chb02,realtime_alert,szcore,34.26555555555556,0.98,0.00010040069002656055,0.9918856620788574,0.043478260869565216,1.1829026752220224,True,0.0,1.4008236324135022,0,2,3,False
Glass-7,lr,loo,chb02,realtime_alert,ali,34.26555555555556,0.91,0.0014056096603718476,0.8542097806930542,0.0,1.3800531210923594,True,0.0,2.1012354486202534,0,3,3,False
Glass-7,lr,loo,chb14,medication_titration,szcore,26.0,0.97,0.00048674340033213077,0.940667450428009,0.11904761904761904,3.504552482391342,True,0.0,9.230769230769232,0,10,8,False
Glass-7,lr,loo,chb14,medication_titration,ali,26.0,0.91,0.002004237530779362,0.8883350491523743,0.0,4.5353032125064425,True,0.0,3.6923076923076925,0,4,8,False
Glass-7,lr,loo,chb14,realtime_alert,szcore,26.0,0.99,0.0002481436942869686,0.9508755803108215,0.09523809523809523,2.0615014602302013,False,0.0,5.538461538461539,0,6,8,False
Glass-7,lr,loo,chb14,realtime_alert,ali,26.0,0.97,0.00048674340033213077,0.940667450428009,0.0,1.855351314207181,True,0.0,0.0,0,0,8,False
Glass-7,lr,loo,chb06,medication_titration,szcore,58.733333333333334,0.98,0.0003421186011150532,0.9869165420532227,0.1891891891891892,2.736948808920426,True,0.0,3.6776390465380246,0,9,8,False
Glass-7,lr,loo,chb06,medication_titration,ali,58.733333333333334,0.93,0.0020146984287886466,0.8535780906677246,0.0,4.926507856056767,True,0.0,4.086265607264472,0,10,8,False
Glass-7,lr,loo,chb06,realtime_alert,szcore,58.733333333333334,0.99,0.00011403953370501774,0.9999877214431763,0.16216216216216217,0.2736948808920426,True,0.0,2.043132803632236,0,5,8,False
Glass-7,lr,loo,chb06,realtime_alert,ali,58.733333333333334,0.97,0.0006715661429295489,0.94593346118927,0.0,0.8210846426761278,True,0.0,2.043132803632236,0,5,8,False
Glass-7,lr,loo,chb03,medication_titration,szcore,37.00111111111111,0.99,0.017282546261361206,0.8161006569862366,0.17647058823529413,34.544819741184156,False,1.0,97.94300471457314,7,151,7,False
Glass-7,lr,loo,chb03,medication_titration,ali,37.00111111111111,0.99,0.017282546261361206,0.8161006569862366,0.0,24.81388460282242,False,0.5714285714285714,36.971862706825625,4,57,7,False
Glass-7,lr,loo,chb03,realtime_alert,szcore,37.00111111111111,0.99,0.017282546261361206,0.8161006569862366,0.17647058823529413,34.544819741184156,False,1.0,97.94300471457314,7,151,7,False
Glass-7,lr,loo,chb03,realtime_alert,ali,37.00111111111111,0.99,0.017282546261361206,0.8161006569862366,0.0,24.81388460282242,False,0.5714285714285714,36.971862706825625,4,57,7,False
Glass-7,lr,loo,chb12,medication_titration,szcore,20.685555555555556,0.99,0.017322157970211687,0.8489964604377747,0.9166666666666666,49.090146663698526,False,0.3333333333333333,103.26046086909814,9,89,27,False
Glass-7,lr,loo,chb12,medication_titration,ali,20.685555555555556,0.99,0.017322157970211687,0.8489964604377747,0.25,24.824629975719986,False,0.0,42.92850620400709,0,37,27,False
Glass-7,lr,loo,chb12,realtime_alert,szcore,20.685555555555556,0.99,0.017322157970211687,0.8489964604377747,0.9166666666666666,49.090146663698526,False,0.3333333333333333,103.26046086909814,9,89,27,False
Glass-7,lr,loo,chb12,realtime_alert,ali,20.685555555555556,0.99,0.017322157970211687,0.8489964604377747,0.25,24.824629975719986,False,0.0,42.92850620400709,0,37,27,False
Glass-7,lr,loo,chb22,medication_titration,szcore,30.002222222222223,0.99,0.013073911247954751,0.8816578984260559,0.9166666666666666,30.599538936836442,False,1.0,112.79164506332864,3,141,3,False
Glass-7,lr,loo,chb22,medication_titration,ali,30.002222222222223,0.99,0.013073911247954751,0.8816578984260559,0.16666666666666666,15.582053037946231,False,1.0,20.79845937337975,3,26,3,False
Glass-7,lr,loo,chb22,realtime_alert,szcore,30.002222222222223,0.99,0.013073911247954751,0.8816578984260559,0.9166666666666666,30.599538936836442,False,1.0,112.79164506332864,3,141,3,False
Glass-7,lr,loo,chb22,realtime_alert,ali,30.002222222222223,0.99,0.013073911247954751,0.8816578984260559,0.16666666666666666,15.582053037946231,False,1.0,20.79845937337975,3,26,3,False
Glass-7,lr,loo,chb04,medication_titration,szcore,146.6211111111111,0.99,0.0033583255232739768,0.9998949766159058,0.9090909090909091,16.307403936269917,False,0.5,9.002796323100357,2,55,4,False
Glass-7,lr,loo,chb04,medication_titration,ali,146.6211111111111,0.99,0.0033583255232739768,0.9998949766159058,0.18181818181818182,7.872539831302718,False,0.0,7.365924264354837,0,45,4,False
Glass-7,lr,loo,chb04,realtime_alert,szcore,146.6211111111111,0.99,0.0033583255232739768,0.9998949766159058,0.9090909090909091,16.307403936269917,False,0.5,9.002796323100357,2,55,4,False
Glass-7,lr,loo,chb04,realtime_alert,ali,146.6211111111111,0.99,0.0033583255232739768,0.9998949766159058,0.18181818181818182,7.872539831302718,False,0.0,7.365924264354837,0,45,4,False
Glass-7,lr,loo,chb05,medication_titration,szcore,38.00222222222222,0.96,0.00121764228375575,0.9997656941413879,0.7692307692307693,4.8705691350230005,True,1.0,0.0,5,0,5,True
Glass-7,lr,loo,chb05,medication_titration,ali,38.00222222222222,0.94,0.001864044977601395,0.9991542100906372,0.0,4.8705691350230005,True,0.2,2.5261680603473478,1,4,5,False
Glass-7,lr,loo,chb05,realtime_alert,szcore,38.00222222222222,0.99,0.0006764679354198611,0.9999531507492065,0.38461538461538464,1.6235230450076668,True,0.8,0.0,4,0,5,True
Glass-7,lr,loo,chb05,realtime_alert,ali,38.00222222222222,0.99,0.0006764679354198611,0.9999531507492065,0.0,1.6235230450076668,True,0.0,1.894626045260511,0,3,5,False
Glass-7,lr,loo,chb19,medication_titration,szcore,27.92888888888889,0.99,0.0022955476284846083,0.8020230531692505,0.6923076923076923,7.8478002378121285,False,1.0,12.030553787396563,3,14,3,False
Glass-7,lr,loo,chb19,medication_titration,ali,27.92888888888889,0.99,0.0022955476284846083,0.8020230531692505,0.19230769230769232,6.4209274673008325,False,0.3333333333333333,3.437301082113304,1,4,3,False
Glass-7,lr,loo,chb19,realtime_alert,szcore,27.92888888888889,0.99,0.0022955476284846083,0.8020230531692505,0.6923076923076923,7.8478002378121285,False,1.0,12.030553787396563,3,14,3,False
Glass-7,lr,loo,chb19,realtime_alert,ali,27.92888888888889,0.99,0.0022955476284846083,0.8020230531692505,0.19230769230769232,6.4209274673008325,False,0.3333333333333333,3.437301082113304,1,4,3,False
Glass-7,lr,loo,chb17,medication_titration,szcore,19.42888888888889,0.99,0.001490068936156277,0.9982994198799133,0.6071428571428571,4.597927002996512,True,0.6666666666666666,6.176369667162301,2,5,3,False
Glass-7,lr,loo,chb17,medication_titration,ali,19.42888888888889,0.99,0.001490068936156277,0.9982994198799133,0.10714285714285714,4.951613695534705,True,0.0,1.2352739334324603,0,1,3,False
Glass-7,lr,loo,chb17,realtime_alert,szcore,19.42888888888889,0.99,0.001490068936156277,0.9982994198799133,0.6071428571428571,4.597927002996512,False,0.6666666666666666,6.176369667162301,2,5,3,False
Glass-7,lr,loo,chb17,realtime_alert,ali,19.42888888888889,0.99,0.001490068936156277,0.9982994198799133,0.10714285714285714,4.951613695534705,False,0.0,1.2352739334324603,0,1,3,False
Glass-7,lr,loo,chb23,medication_titration,szcore,26.555555555555557,0.99,0.0018252438525787045,0.874699056148529,0.8076923076923077,4.100227790432802,True,0.42857142857142855,22.594142259414223,3,25,7,False
Glass-7,lr,loo,chb23,medication_titration,ali,26.555555555555557,0.99,0.0018252438525787045,0.874699056148529,0.15384615384615385,4.731032065884002,True,0.0,3.615062761506276,0,4,7,False
Glass-7,lr,loo,chb23,realtime_alert,szcore,26.555555555555557,0.99,0.0018252438525787045,0.874699056148529,0.8076923076923077,4.100227790432802,False,0.42857142857142855,22.594142259414223,3,25,7,False
Glass-7,lr,loo,chb23,realtime_alert,ali,26.555555555555557,0.99,0.0018252438525787045,0.874699056148529,0.15384615384615385,4.731032065884002,False,0.0,3.615062761506276,0,4,7,False
Glass-7,lr,loo,chb24,medication_titration,szcore,21.295555555555556,0.97,0.001717480397034089,0.9998775720596313,0.3333333333333333,3.8376803354416884,True,0.75,4.5079828863612645,12,4,16,True
Glass-7,lr,loo,chb24,medication_titration,ali,21.295555555555556,0.92,0.003885059105015043,0.9976688027381897,0.1,4.605216402530026,True,0.0,15.777940102264427,0,14,16,False
Glass-7,lr,loo,chb24,realtime_alert,szcore,21.295555555555556,0.98,0.0012081586241205315,0.9999321699142456,0.3,1.5350721341766753,True,0.5625,4.5079828863612645,9,4,16,False
Glass-7,lr,loo,chb24,realtime_alert,ali,21.295555555555556,0.99,0.0007699050055670054,0.9999709129333496,0.0,1.2792267784805627,True,0.0,0.0,0,0,16,False
Glass-7,lr,loo,chb08,medication_titration,szcore,20.005555555555556,0.98,0.0012272627657243043,0.9788089394569397,0.15151515151515152,3.550295857988165,True,1.0,1.1996667592335462,5,1,5,True
Glass-7,lr,loo,chb08,medication_titration,ali,20.005555555555556,0.92,0.0035502958579881655,0.9456571936607361,0.12121212121212122,3.7869822485207094,True,0.0,10.797000833101917,0,9,5,False
Glass-7,lr,loo,chb08,realtime_alert,szcore,20.005555555555556,0.99,0.0006903353057199211,0.9882120490074158,0.12121212121212122,1.1834319526627217,True,1.0,0.0,5,0,5,True
Glass-7,lr,loo,chb08,realtime_alert,ali,20.005555555555556,0.95,0.0024435678281832128,0.9589707255363464,0.12121212121212122,1.4201183431952662,True,0.0,8.397667314634823,0,7,5,False
Glass-7,lr,loo,chb11,medication_titration,szcore,34.79222222222222,0.97,0.0005836059775400124,0.9971501231193542,0.06666666666666667,4.965956317976833,True,0.4,0.0,2,0,5,False
Glass-7,lr,loo,chb11,medication_titration,ali,34.79222222222222,0.9,0.002864974798832788,0.9802108407020569,0.06666666666666667,4.201963038288089,True,0.2,3.449046721808833,1,5,5,False
Glass-7,lr,loo,chb11,realtime_alert,szcore,34.79222222222222,0.99,0.00034485807763728004,0.9983036518096924,0.06666666666666667,1.5279865593774868,True,0.4,0.0,2,0,5,False
Glass-7,lr,loo,chb11,realtime_alert,ali,34.79222222222222,0.94,0.0014059598549827571,0.9941031336784363,0.06666666666666667,1.336988239455301,True,0.0,2.7592373774470667,0,4,5,False
Glass-7,lr,loo,chb15,medication_titration,szcore,39.00888888888889,0.99,0.003012371089813683,0.6144332885742188,0.1111111111111111,5.325786325336078,False,0.1,35.06893015836847,2,57,20,False
Glass-7,lr,loo,chb15,medication_titration,ali,39.00888888888889,0.99,0.003012371089813683,0.6144332885742188,0.05555555555555555,3.936450762204927,True,0.0,6.152443887433064,0,10,20,False
Glass-7,lr,loo,chb15,realtime_alert,szcore,39.00888888888889,0.99,0.003012371089813683,0.6144332885742188,0.1111111111111111,5.325786325336078,False,0.1,35.06893015836847,2,57,20,False
Glass-7,lr,loo,chb15,realtime_alert,ali,39.00888888888889,0.99,0.003012371089813683,0.6144332885742188,0.05555555555555555,3.936450762204927,False,0.0,6.152443887433064,0,10,20,False
Glass-7,lr,loo,chb20,medication_titration,szcore,27.59888888888889,0.99,0.003313541638680673,0.8695100545883179,0.5294117647058824,9.28508100265979,False,0.0,21.740005636297756,0,25,8,False
Glass-7,lr,loo,chb20,medication_titration,ali,27.59888888888889,0.99,0.003313541638680673,0.8695100545883179,0.29411764705882354,6.383493189328606,False,0.0,9.565602479971012,0,11,8,False
Glass-7,lr,loo,chb20,realtime_alert,szcore,27.59888888888889,0.99,0.003313541638680673,0.8695100545883179,0.5294117647058824,9.28508100265979,False,0.0,21.740005636297756,0,25,8,False
Glass-7,lr,loo,chb20,realtime_alert,ali,27.59888888888889,0.99,0.003313541638680673,0.8695100545883179,0.29411764705882354,6.383493189328606,False,0.0,9.565602479971012,0,11,8,False
Glass-7,lr,loo,chb07,medication_titration,szcore,59.047777777777775,0.99,0.0024906600249066002,0.9295721650123596,0.56,8.034804547880512,False,1.0,20.728976535009316,2,51,2,False
Glass-7,lr,loo,chb07,medication_titration,ali,59.047777777777775,0.98,0.003105238472610826,0.9169577360153198,0.2,6.113438242952564,False,1.0,4.470955723237303,2,11,2,True
Glass-7,lr,loo,chb07,realtime_alert,szcore,59.047777777777775,0.99,0.0024906600249066002,0.9295721650123596,0.56,8.034804547880512,False,1.0,20.728976535009316,2,51,2,False
Glass-7,lr,loo,chb07,realtime_alert,ali,59.047777777777775,0.98,0.003105238472610826,0.9169577360153198,0.2,6.113438242952564,False,1.0,4.470955723237303,2,11,2,False
Glass-7,mlp,5fold,0,medication_titration,szcore,73.74555555555555,0.99,0.004842284553821965,0.6679978370666504,0.275,26.413652294489516,False,0.2777777777777778,41.6567476759428,10,128,36,False
Glass-7,mlp,5fold,0,medication_titration,ali,73.74555555555555,0.99,0.004842284553821965,0.6679978370666504,0.15,10.966382425837166,False,0.08333333333333333,8.13608353045758,3,25,36,False
Glass-7,mlp,5fold,0,realtime_alert,szcore,73.74555555555555,0.99,0.004842284553821965,0.6679978370666504,0.275,26.413652294489516,False,0.2777777777777778,41.6567476759428,10,128,36,False
Glass-7,mlp,5fold,0,realtime_alert,ali,73.74555555555555,0.99,0.004842284553821965,0.6679978370666504,0.15,10.966382425837166,False,0.08333333333333333,8.13608353045758,3,25,36,False
Glass-7,mlp,5fold,1,medication_titration,szcore,203.5311111111111,0.99,0.011351182088617504,0.9986717700958252,0.8648648648648649,57.72236218455101,False,0.225,33.370819639913094,9,283,40,False
Glass-7,mlp,5fold,1,medication_titration,ali,203.5311111111111,0.99,0.011351182088617504,0.9986717700958252,0.16216216216216217,28.822750757931594,False,0.125,20.281911583268734,5,172,40,False
Glass-7,mlp,5fold,1,realtime_alert,szcore,203.5311111111111,0.99,0.011351182088617504,0.9986717700958252,0.8648648648648649,57.72236218455101,False,0.225,33.370819639913094,9,283,40,False
Glass-7,mlp,5fold,1,realtime_alert,ali,203.5311111111111,0.99,0.011351182088617504,0.9986717700958252,0.16216216216216217,28.822750757931594,False,0.125,20.281911583268734,5,172,40,False
Glass-7,mlp,5fold,2,medication_titration,szcore,312.25333333333333,0.99,0.004654236008248381,0.9592843651771545,0.5151515151515151,32.3080944497691,False,0.6756756756756757,31.74345616806866,25,413,37,False
Glass-7,mlp,5fold,2,medication_titration,ali,312.25333333333333,0.99,0.004654236008248381,0.9592843651771545,0.30303030303030304,7.841770497516772,False,0.24324324324324326,11.529100303172637,9,150,37,False
Glass-7,mlp,5fold,2,realtime_alert,szcore,312.25333333333333,0.99,0.004654236008248381,0.9592843651771545,0.5151515151515151,32.3080944497691,False,0.6756756756756757,31.74345616806866,25,413,37,False
Glass-7,mlp,5fold,2,realtime_alert,ali,312.25333333333333,0.99,0.004654236008248381,0.9592843651771545,0.30303030303030304,7.841770497516772,False,0.24324324324324326,11.529100303172637,9,150,37,False
Glass-7,mlp,5fold,3,medication_titration,szcore,153.02666666666667,0.99,0.0015807858035236226,0.9999877214431763,0.6666666666666666,6.471023176359603,False,0.5151515151515151,5.802910168162412,17,37,33,False
Glass-7,mlp,5fold,3,medication_titration,ali,153.02666666666667,0.86,0.0031551974707427146,0.9994619488716125,0.21212121212121213,4.818847046225237,True,0.24242424242424243,4.391391478609393,8,28,33,False
Glass-7,mlp,5fold,3,realtime_alert,szcore,153.02666666666667,0.99,0.0015807858035236226,0.9999877214431763,0.6666666666666666,6.471023176359603,False,0.5151515151515151,5.802910168162412,17,37,33,False
Glass-7,mlp,5fold,3,realtime_alert,ali,153.02666666666667,0.99,0.0015807858035236226,0.9999877214431763,0.12121212121212122,2.615945539379414,False,0.06060606060606061,3.6072144288577155,2,23,33,False
Glass-7,mlp,5fold,4,medication_titration,szcore,174.31555555555556,0.99,0.0007232074249295626,0.9985013008117676,0.1111111111111111,11.065073601422307,False,0.5757575757575758,1.6521761301343667,19,12,33,False
Glass-7,mlp,5fold,4,medication_titration,ali,174.31555555555556,0.95,0.0024257582377845747,0.7864460349082947,0.0,3.579876753401335,True,0.21212121212121213,3.1666709160908697,7,23,33,False
Glass-7,mlp,5fold,4,realtime_alert,szcore,174.31555555555556,0.99,0.0007232074249295626,0.9985013008117676,0.1111111111111111,11.065073601422307,False,0.5757575757575758,1.6521761301343667,19,12,33,False
Glass-7,mlp,5fold,4,realtime_alert,ali,174.31555555555556,0.97,0.0017326844555604103,0.9037188291549683,0.0,1.627216706091516,True,0.15151515151515152,2.753626883557278,5,20,33,False
Glass-7,mlp,loo,chb16,medication_titration,szcore,17.0,0.99,0.03178097390832207,0.5846282839775085,0.9047619047619048,67.94577463541881,False,0.875,194.8235294117647,7,138,8,False
Glass-7,mlp,loo,chb16,medication_titration,ali,17.0,0.99,0.03178097390832207,0.5846282839775085,0.5238095238095238,72.66246067952856,False,0.0,80.47058823529412,0,57,8,False
Glass-7,mlp,loo,chb16,realtime_alert,szcore,17.0,0.99,0.03178097390832207,0.5846282839775085,0.9047619047619048,67.94577463541881,False,0.875,194.8235294117647,7,138,8,False
Glass-7,mlp,loo,chb16,realtime_alert,ali,17.0,0.99,0.03178097390832207,0.5846282839775085,0.5238095238095238,72.66246067952856,False,0.0,80.47058823529412,0,57,8,False
Glass-7,mlp,loo,chb10,medication_titration,szcore,48.022222222222226,0.99,0.04174095303823272,0.9556915163993835,0.85,80.88491842877136,False,1.0,173.41971309578895,7,347,7,False
Glass-7,mlp,loo,chb10,medication_titration,ali,48.022222222222226,0.99,0.04174095303823272,0.9556915163993835,0.35,88.20044859383088,False,1.0,122.44331328088846,7,245,7,False
Glass-7,mlp,loo,chb10,realtime_alert,szcore,48.022222222222226,0.99,0.04174095303823272,0.9556915163993835,0.85,80.88491842877136,False,1.0,173.41971309578895,7,347,7,False
Glass-7,mlp,loo,chb10,realtime_alert,ali,48.022222222222226,0.99,0.04174095303823272,0.9556915163993835,0.35,88.20044859383088,False,1.0,122.44331328088846,7,245,7,False
Glass-7,mlp,loo,chb01+21,medication_titration,szcore,72.38,0.99,0.031931810325244205,0.03549680486321449,0.55,107.52318587217398,False,1.0,209.89223542415033,10,633,10,False
Glass-7,mlp,loo,chb01+21,medication_titration,ali,72.38,0.99,0.031931810325244205,0.03549680486321449,0.25,95.78950487421848,False,0.7,74.27466150870407,7,224,10,False
Glass-7,mlp,loo,chb01+21,realtime_alert,szcore,72.38,0.99,0.031931810325244205,0.03549680486321449,0.55,107.52318587217398,False,1.0,209.89223542415033,10,633,10,False
Glass-7,mlp,loo,chb01+21,realtime_alert,ali,72.38,0.99,0.031931810325244205,0.03549680486321449,0.25,95.78950487421848,False,0.7,74.27466150870407,7,224,10,False
Glass-7,mlp,loo,chb09,medication_titration,szcore,67.86555555555556,0.99,0.0017603898207219006,0.9999903440475464,0.3684210526315789,18.860112383286157,False,1.0,16.97473763486632,4,48,4,False
Glass-7,mlp,loo,chb09,medication_titration,ali,67.86555555555556,0.99,0.0017603898207219006,0.9999903440475464,0.0,3.3461489712281893,True,0.75,1.060921102179145,3,3,4,True
Glass-7,mlp,loo,chb09,realtime_alert,szcore,67.86555555555556,0.99,0.0017603898207219006,0.9999903440475464,0.3684210526315789,18.860112383286157,False,1.0,16.97473763486632,4,48,4,False
Glass-7,mlp,loo,chb09,realtime_alert,ali,67.86555555555556,0.99,0.0017603898207219006,0.9999903440475464,0.0,3.3461489712281893,False,0.75,1.060921102179145,3,3,4,False
Glass-7,mlp,loo,chb18,medication_titration,szcore,33.63111111111111,0.99,0.005893450162927392,0.9519496560096741,0.23809523809523808,18.522271940628947,False,1.0,42.10387207612,6,59,6,False
Glass-7,mlp,loo,chb18,medication_titration,ali,33.63111111111111,0.99,0.005893450162927392,0.9519496560096741,0.0,17.175197617674115,False,0.16666666666666666,13.558874058411524,1,19,6,False
Glass-7,mlp,loo,chb18,realtime_alert,szcore,33.63111111111111,0.99,0.005893450162927392,0.9519496560096741,0.23809523809523808,18.522271940628947,False,1.0,42.10387207612,6,59,6,False
Glass-7,mlp,loo,chb18,realtime_alert,ali,33.63111111111111,0.99,0.005893450162927392,0.9519496560096741,0.0,17.175197617674115,False,0.16666666666666666,13.558874058411524,1,19,6,False
Glass-7,mlp,loo,chb13,medication_titration,szcore,11.0,0.99,0.0005602293205352058,0.9999265670776367,0.05263157894736842,11.092540546597075,False,0.1,8.727272727272728,1,4,10,False
Glass-7,mlp,loo,chb13,medication_titration,ali,11.0,0.81,0.0058357220889083935,0.9925686717033386,0.0,4.6386987740315035,True,0.0,6.545454545454546,0,3,10,False
Glass-7,mlp,loo,chb13,realtime_alert,szcore,11.0,0.99,0.0005602293205352058,0.9999265670776367,0.05263157894736842,11.092540546597075,False,0.1,8.727272727272728,1,4,10,False
Glass-7,mlp,loo,chb13,realtime_alert,ali,11.0,0.87,0.004136359816618269,0.9964787364006042,0.0,1.8151429985340666,True,0.0,6.545454545454546,0,3,10,False
Glass-7,mlp,loo,chb02,medication_titration,szcore,34.26555555555556,0.99,0.003550533492757459,0.7756001949310303,0.34782608695652173,46.72465567126988,False,0.6666666666666666,37.82223807516456,2,54,3,False
Glass-7,mlp,loo,chb02,medication_titration,ali,34.26555555555556,0.99,0.003550533492757459,0.7756001949310303,0.0,3.943008917406741,True,0.0,2.8016472648270043,0,4,3,False
Glass-7,mlp,loo,chb02,realtime_alert,szcore,34.26555555555556,0.99,0.003550533492757459,0.7756001949310303,0.34782608695652173,46.72465567126988,False,0.6666666666666666,37.82223807516456,2,54,3,False
Glass-7,mlp,loo,chb02,realtime_alert,ali,34.26555555555556,0.99,0.003550533492757459,0.7756001949310303,0.0,3.943008917406741,False,0.0,2.8016472648270043,0,4,3,False
Glass-7,mlp,loo,chb14,medication_titration,szcore,26.0,0.99,0.0006489912004428411,0.8619998693466187,0.16666666666666666,7.8337055488747644,False,0.0,9.230769230769232,0,10,8,False
Glass-7,mlp,loo,chb14,medication_titration,ali,26.0,0.93,0.002357365095726202,0.5177737474441528,0.047619047619047616,4.329153066483422,True,0.0,2.7692307692307696,0,3,8,False
Glass-7,mlp,loo,chb14,realtime_alert,szcore,26.0,0.99,0.0006489912004428411,0.8619998693466187,0.16666666666666666,7.8337055488747644,False,0.0,9.230769230769232,0,10,8,False
Glass-7,mlp,loo,chb14,realtime_alert,ali,26.0,0.99,0.0006489912004428411,0.8619998693466187,0.0,1.2369008761381206,True,0.0,0.0,0,0,8,False
Glass-7,mlp,loo,chb06,medication_titration,szcore,58.733333333333334,0.99,0.001824632539280284,0.9980120658874512,0.2702702702702703,10.947795235681705,False,0.0,34.73325766174801,0,85,8,False
Glass-7,mlp,loo,chb06,medication_titration,ali,58.733333333333334,0.74,0.005245818550430816,0.990707278251648,0.21621621621621623,4.926507856056767,True,0.0,3.6776390465380246,0,9,8,False
Glass-7,mlp,loo,chb06,realtime_alert,szcore,58.733333333333334,0.99,0.001824632539280284,0.9980120658874512,0.2702702702702703,10.947795235681705,False,0.0,34.73325766174801,0,85,8,False
Glass-7,mlp,loo,chb06,realtime_alert,ali,58.733333333333334,0.94,0.0029523568170299035,0.9963940978050232,0.10810810810810811,2.4632539280283834,False,0.0,1.6345062429057888,0,4,8,False
Glass-7,mlp,loo,chb03,medication_titration,szcore,37.00111111111111,0.99,0.005214609917895235,0.862338125705719,0.20588235294117646,38.437193796528845,False,1.0,40.215008558301555,7,62,7,False
Glass-7,mlp,loo,chb03,medication_titration,ali,37.00111111111111,0.99,0.005214609917895235,0.862338125705719,0.11764705882352941,9.852571827591255,False,0.7142857142857143,5.837662532656677,5,9,7,False
Glass-7,mlp,loo,chb03,realtime_alert,szcore,37.00111111111111,0.99,0.005214609917895235,0.862338125705719,0.20588235294117646,38.437193796528845,False,1.0,40.215008558301555,7,62,7,False
Glass-7,mlp,loo,chb03,realtime_alert,ali,37.00111111111111,0.99,0.005214609917895235,0.862338125705719,0.11764705882352941,9.852571827591255,False,0.7142857142857143,5.837662532656677,5,9,7,False
Glass-7,mlp,loo,chb12,medication_titration,szcore,20.685555555555556,0.99,0.0108043465881147,0.866418182849884,1.0,57.588668637368436,False,0.18518518518518517,53.37057528065746,5,46,27,False
Glass-7,mlp,loo,chb12,medication_titration,ali,20.685555555555556,0.99,0.0108043465881147,0.866418182849884,0.6666666666666666,24.936452633268274,False,0.0,38.2875866143847,0,33,27,False
Glass-7,mlp,loo,chb12,realtime_alert,szcore,20.685555555555556,0.99,0.0108043465881147,0.866418182849884,1.0,57.588668637368436,False,0.18518518518518517,53.37057528065746,5,46,27,False
Glass-7,mlp,loo,chb12,realtime_alert,ali,20.685555555555556,0.99,0.0108043465881147,0.866418182849884,0.6666666666666666,24.936452633268274,False,0.0,38.2875866143847,0,33,27,False
Glass-7,mlp,loo,chb22,medication_titration,szcore,30.002222222222223,0.99,0.006163191268028249,0.49145621061325073,1.0,38.72930573924317,False,1.0,51.99614843344938,3,65,3,False
Glass-7,mlp,loo,chb22,medication_titration,ali,30.002222222222223,0.99,0.006163191268028249,0.49145621061325073,0.25,15.694966465757437,False,1.0,5.599585215909933,3,7,3,False
Glass-7,mlp,loo,chb22,realtime_alert,szcore,30.002222222222223,0.99,0.006163191268028249,0.49145621061325073,1.0,38.72930573924317,False,1.0,51.99614843344938,3,65,3,False
Glass-7,mlp,loo,chb22,realtime_alert,ali,30.002222222222223,0.99,0.006163191268028249,0.49145621061325073,0.25,15.694966465757437,False,1.0,5.599585215909933,3,7,3,False
Glass-7,mlp,loo,chb04,medication_titration,szcore,146.6211111111111,0.99,0.010829948974278872,0.9094777703285217,0.9090909090909091,55.10777881911903,False,1.0,54.18046514447669,4,331,4,False
Glass-7,mlp,loo,chb04,medication_titration,ali,146.6211111111111,0.99,0.010829948974278872,0.9094777703285217,0.36363636363636365,28.116213683223993,False,0.0,31.427943527913975,0,192,4,False
Glass-7,mlp,loo,chb04,realtime_alert,szcore,146.6211111111111,0.99,0.010829948974278872,0.9094777703285217,0.9090909090909091,55.10777881911903,False,1.0,54.18046514447669,4,331,4,False
Glass-7,mlp,loo,chb04,realtime_alert,ali,146.6211111111111,0.99,0.010829948974278872,0.9094777703285217,0.36363636363636365,28.116213683223993,False,0.0,31.427943527913975,0,192,4,False
Glass-7,mlp,loo,chb05,medication_titration,szcore,38.00222222222222,0.98,0.0009771203511620215,1.0,0.7692307692307693,4.545864526021467,True,1.0,1.894626045260511,5,3,5,True
Glass-7,mlp,loo,chb05,medication_titration,ali,38.00222222222222,0.77,0.003006524157421605,0.9999856948852539,0.15384615384615385,4.8705691350230005,True,0.0,6.31542015086837,0,10,5,False
Glass-7,mlp,loo,chb05,realtime_alert,szcore,38.00222222222222,0.99,0.0008267941432909413,1.0,0.7692307692307693,2.9223414810138,False,1.0,1.894626045260511,5,3,5,True
Glass-7,mlp,loo,chb05,realtime_alert,ali,38.00222222222222,0.98,0.0009771203511620215,1.0,0.07692307692307693,1.9482276540092003,True,0.0,3.157710075434185,0,5,5,False
Glass-7,mlp,loo,chb19,medication_titration,szcore,27.92888888888889,0.99,0.0022790328973444312,0.7026668787002563,0.7692307692307693,10.344827586206897,False,1.0,12.889879057924889,3,15,3,False
Glass-7,mlp,loo,chb19,medication_titration,ali,27.92888888888889,0.98,0.002559783326727441,0.5698083639144897,0.15384615384615385,6.4209274673008325,False,0.6666666666666666,3.437301082113304,2,4,3,True
Glass-7,mlp,loo,chb19,realtime_alert,szcore,27.92888888888889,0.99,0.0022790328973444312,0.7026668787002563,0.7692307692307693,10.344827586206897,False,1.0,12.889879057924889,3,15,3,False
Glass-7,mlp,loo,chb19,realtime_alert,ali,27.92888888888889,0.98,0.002559783326727441,0.5698083639144897,0.15384615384615385,6.4209274673008325,False,0.6666666666666666,3.437301082113304,2,4,3,False
Glass-7,mlp,loo,chb17,medication_titration,szcore,19.42888888888889,0.99,0.0025871526583812286,0.9704325199127197,0.8571428571428571,10.610600776145796,False,1.0,29.646574402379045,3,24,3,False
Glass-7,mlp,loo,chb17,medication_titration,ali,19.42888888888889,0.99,0.0025871526583812286,0.9704325199127197,0.10714285714285714,6.366360465687478,False,0.0,4.941095733729841,0,4,3,False
Glass-7,mlp,loo,chb17,realtime_alert,szcore,19.42888888888889,0.99,0.0025871526583812286,0.9704325199127197,0.8571428571428571,10.610600776145796,False,1.0,29.646574402379045,3,24,3,False
Glass-7,mlp,loo,chb17,realtime_alert,ali,19.42888888888889,0.99,0.0025871526583812286,0.9704325199127197,0.10714285714285714,6.366360465687478,False,0.0,4.941095733729841,0,4,3,False
Glass-7,mlp,loo,chb23,medication_titration,szcore,26.555555555555557,0.99,0.004935459377372817,0.7571624517440796,1.0,13.246889784475206,False,1.0,44.28451882845188,7,49,7,False
Glass-7,mlp,loo,chb23,medication_titration,ali,26.555555555555557,0.99,0.004935459377372817,0.7571624517440796,0.34615384615384615,7.254249167688803,False,0.14285714285714285,9.941422594142258,1,11,7,False
Glass-7,mlp,loo,chb23,realtime_alert,szcore,26.555555555555557,0.99,0.004935459377372817,0.7571624517440796,1.0,13.246889784475206,False,1.0,44.28451882845188,7,49,7,False
Glass-7,mlp,loo,chb23,realtime_alert,ali,26.555555555555557,0.99,0.004935459377372817,0.7571624517440796,0.34615384615384615,7.254249167688803,False,0.14285714285714285,9.941422594142258,1,11,7,False
Glass-7,mlp,loo,chb24,medication_titration,szcore,21.295555555555556,0.98,0.002676900480894511,1.0,0.3333333333333333,3.8376803354416884,True,1.0,7.888970051132214,16,7,16,False
Glass-7,mlp,loo,chb24,medication_titration,ali,21.295555555555556,0.65,0.005247198730248976,0.999448835849762,0.16666666666666666,4.349371046833913,True,0.25,16.904935823854743,4,15,16,False
Glass-7,mlp,loo,chb24,realtime_alert,szcore,21.295555555555556,0.99,0.002368938478667709,1.0,0.3333333333333333,1.7909174898727878,True,1.0,7.888970051132214,16,7,16,False
Glass-7,mlp,loo,chb24,realtime_alert,ali,21.295555555555556,0.9,0.003494184256034871,0.9999998807907104,0.16666666666666666,2.0467628455689004,False,0.0625,14.650944380674112,1,13,16,False
Glass-7,mlp,loo,chb08,medication_titration,szcore,20.005555555555556,0.97,0.0020929213236905546,0.9937312006950378,0.15151515151515152,3.7869822485207094,True,1.0,0.0,5,0,5,True
Glass-7,mlp,loo,chb08,medication_titration,ali,20.005555555555556,0.74,0.004930966469428008,0.723880410194397,0.15151515151515152,4.970414201183432,True,0.0,5.998333796167731,0,5,5,False
Glass-7,mlp,loo,chb08,realtime_alert,szcore,20.005555555555556,0.99,0.0017422748191978962,0.9989336133003235,0.15151515151515152,1.6568047337278105,True,1.0,0.0,5,0,5,True
Glass-7,mlp,loo,chb08,realtime_alert,ali,20.005555555555556,0.82,0.003879026955950033,0.815950870513916,0.15151515151515152,1.8934911242603547,True,0.0,5.998333796167731,0,5,5,False
Glass-7,mlp,loo,chb11,medication_titration,szcore,34.79222222222222,0.99,0.0004067556813157662,1.0,0.06666666666666667,4.201963038288089,True,0.4,0.0,2,0,5,False
Glass-7,mlp,loo,chb11,medication_titration,ali,34.79222222222222,0.81,0.0031833053320364313,0.9963333606719971,0.03333333333333333,4.774957998054647,True,0.4,2.7592373774470667,2,4,5,False
Glass-7,mlp,loo,chb11,realtime_alert,szcore,34.79222222222222,0.99,0.0004067556813157662,1.0,0.06666666666666667,4.201963038288089,False,0.4,0.0,2,0,5,False
Glass-7,mlp,loo,chb11,realtime_alert,ali,34.79222222222222,0.93,0.0013794323105491202,0.9999991655349731,0.03333333333333333,1.9099831992218586,True,0.2,0.0,1,0,5,False
Glass-7,mlp,loo,chb15,medication_titration,szcore,39.00888888888889,0.99,0.0022512381809995496,0.28827688097953796,0.16666666666666666,21.766257155721362,False,0.45,14.765865329839354,9,24,20,False
Glass-7,mlp,loo,chb15,medication_titration,ali,39.00888888888889,0.98,0.0030016509079994,0.21891862154006958,0.1111111111111111,4.399562616581977,True,0.0,8.61342144240629,0,14,20,False
Glass-7,mlp,loo,chb15,realtime_alert,szcore,39.00888888888889,0.99,0.0022512381809995496,0.28827688097953796,0.16666666666666666,21.766257155721362,False,0.45,14.765865329839354,9,24,20,False
Glass-7,mlp,loo,chb15,realtime_alert,ali,39.00888888888889,0.99,0.0022512381809995496,0.28827688097953796,0.1111111111111111,3.473338907827877,False,0.0,6.152443887433064,0,10,20,False
Glass-7,mlp,loo,chb20,medication_titration,szcore,27.59888888888889,0.99,0.00226574603942219,0.893957257270813,0.5294117647058824,19.53735794309664,False,0.0,35.65360924352832,0,41,8,False
Glass-7,mlp,loo,chb20,medication_titration,ali,27.59888888888889,0.97,0.003797139607569204,0.8514934778213501,0.4117647058823529,3.868783751108246,True,0.0,6.087201578163372,0,7,8,False
Glass-7,mlp,loo,chb20,realtime_alert,szcore,27.59888888888889,0.99,0.00226574603942219,0.893957257270813,0.5294117647058824,19.53735794309664,False,0.0,35.65360924352832,0,41,8,False
Glass-7,mlp,loo,chb20,realtime_alert,ali,27.59888888888889,0.99,0.00226574603942219,0.893957257270813,0.35294117647058826,2.3212702506649476,False,0.0,2.608800676355731,0,3,8,False
Glass-7,mlp,loo,chb07,medication_titration,szcore,59.047777777777775,0.99,0.0028949879510278016,0.7321121096611023,0.56,23.75507431547282,False,1.0,33.328942664132626,2,82,2,False
Glass-7,mlp,loo,chb07,medication_titration,ali,59.047777777777775,0.99,0.0028949879510278016,0.7321121096611023,0.24,4.366741602108974,True,0.5,4.064505202943003,1,10,2,False
Glass-7,mlp,loo,chb07,realtime_alert,szcore,59.047777777777775,0.99,0.0028949879510278016,0.7321121096611023,0.56,23.75507431547282,False,1.0,33.328942664132626,2,82,2,False
Glass-7,mlp,loo,chb07,realtime_alert,ali,59.047777777777775,0.99,0.0028949879510278016,0.7321121096611023,0.24,4.366741602108974,False,0.5,4.064505202943003,1,10,2,False
Glass-4,rf,5fold,0,medication_titration,szcore,75.74777777777778,0.74,0.0020317474114234183,0.43,0.225,4.576320907441411,True,0.16666666666666666,19.010458685990052,6,60,36,False
Glass-4,rf,5fold,0,medication_titration,ali,75.74777777777778,0.59,0.0036397614054911507,0.36,0.15,4.928345592629212,True,0.027777777777777776,7.287342496296187,1,23,36,False
Glass-4,rf,5fold,0,realtime_alert,szcore,75.74777777777778,0.87,0.001167983137582981,0.5,0.225,1.994806549397538,True,0.1388888888888889,13.624162058292871,5,43,36,False
Glass-4,rf,5fold,0,realtime_alert,ali,75.74777777777778,0.89,0.0009615489086148263,0.5266666666666666,0.075,1.994806549397538,True,0.0,2.5347278247986735,0,8,36,False
Glass-4,rf,5fold,1,medication_titration,szcore,204.5311111111111,0.99,0.00039142007202129324,0.9966666666666667,0.13513513513513514,4.381058115205603,True,0.15,1.2907571790219363,6,11,40,False
Glass-4,rf,5fold,1,medication_titration,ali,204.5311111111111,0.9,0.0027897576042244902,0.88,0.08108108108108109,4.995943464708143,True,0.125,3.872271537065809,5,33,40,False
Glass-4,rf,5fold,1,realtime_alert,szcore,204.5311111111111,0.99,0.00039142007202129324,0.9966666666666667,0.13513513513513514,4.381058115205603,False,0.15,1.2907571790219363,6,11,40,False
Glass-4,rf,5fold,1,realtime_alert,ali,204.5311111111111,0.97,0.0008219821512447158,0.98,0.0,1.844656048507622,True,0.05,1.6427818642097372,2,14,40,False
Glass-4,rf,5fold,2,medication_titration,szcore,312.25333333333333,0.98,0.00034915314491759983,0.97,0.22857142857142856,4.250780833396815,True,0.08108108108108109,4.919082796020326,3,64,37,False
Glass-4,rf,5fold,2,medication_titration,ali,312.25333333333333,0.94,0.0020060435235265735,0.9066666666666666,0.0,3.839414946293898,True,0.02702702702702703,2.6901234040736153,1,35,37,False
Glass-4,rf,5fold,2,realtime_alert,szcore,312.25333333333333,0.99,0.00017140245295954902,0.98,0.17142857142857143,1.6454635484116704,True,0.08108108108108109,2.766984072761433,3,36,37,False
Glass-4,rf,5fold,2,realtime_alert,ali,312.25333333333333,0.96,0.0010538076737513014,0.9333333333333333,0.0,1.5083415860440312,True,0.02702702702702703,1.2297706990050814,1,16,37,False
Glass-4,rf,5fold,3,medication_titration,szcore,175.02666666666667,0.82,0.000883547222779226,0.92,0.45714285714285713,4.601965109284139,True,0.37142857142857144,8.77580559152891,13,64,35,False
Glass-4,rf,5fold,3,medication_titration,ali,175.02666666666667,0.71,0.002174403448967315,0.87,0.05714285714285714,4.872668939242029,True,0.0,4.250780833396815,0,31,35,False
Glass-4,rf,5fold,3,realtime_alert,szcore,175.02666666666667,0.87,0.0005514337276919992,0.9366666666666666,0.45714285714285713,1.8949268097052336,True,0.37142857142857144,4.662146720499733,13,34,35,False
Glass-4,rf,5fold,3,realtime_alert,ali,175.02666666666667,0.86,0.0006266292360136355,0.9333333333333333,0.02857142857142857,1.8949268097052336,True,0.0,1.6454635484116704,0,12,35,False
Glass-4,rf,5fold,4,medication_titration,szcore,177.31555555555556,0.69,0.0003667140950229563,0.8366666666666667,0.0,3.8020917371980105,True,0.45714285714285713,1.2181672348105073,16,9,35,False
Glass-4,rf,5fold,4,medication_titration,ali,177.31555555555556,0.48,0.0023763073357487567,0.5566666666666666,0.0,4.752614671497513,True,0.02857142857142857,6.361540004010427,1,47,35,False
Glass-4,rf,5fold,4,realtime_alert,szcore,177.31555555555556,0.76,0.00013201707420826427,0.9233333333333333,0.0,1.584204890499171,True,0.2571428571428571,0.2707038299578905,9,2,35,False
Glass-4,rf,5fold,4,realtime_alert,ali,177.31555555555556,0.66,0.0005280682968330571,0.79,0.0,1.9010458685990053,True,0.0,1.7595748947262884,0,13,35,False
Glass-4,lr,5fold,0,medication_titration,szcore,75.74777777777778,0.99,0.0018470431012940166,0.8822147846221924,0.125,7.744543074131618,False,0.05555555555555555,19.644140642189722,2,62,36,False
Glass-4,lr,5fold,0,medication_titration,ali,75.74777777777778,0.99,0.0018470431012940166,0.8822147846221924,0.05,3.872271537065809,True,0.0,3.168409780998342,0,10,36,False
Glass-4,lr,5fold,0,realtime_alert,szcore,75.74777777777778,0.99,0.0018470431012940166,0.8822147846221924,0.125,7.744543074131618,False,0.05555555555555555,19.644140642189722,2,62,36,False
Glass-4,lr,5fold,0,realtime_alert,ali,75.74777777777778,0.99,0.0018470431012940166,0.8822147846221924,0.05,3.872271537065809,False,0.0,3.168409780998342,0,10,36,False
Glass-4,lr,5fold,1,medication_titration,szcore,204.5311111111111,0.99,0.015859629645444583,0.9612323045730591,0.5135135135135135,37.123702976215895,False,0.225,36.49322569780202,9,311,40,False
Glass-4,lr,5fold,1,medication_titration,ali,204.5311111111111,0.99,0.015859629645444583,0.9612323045730591,0.08108108108108109,38.50719501259661,False,0.1,35.55449320396788,4,303,40,False
Glass-4,lr,5fold,1,realtime_alert,szcore,204.5311111111111,0.99,0.015859629645444583,0.9612323045730591,0.5135135135135135,37.123702976215895,False,0.225,36.49322569780202,9,311,40,False
Glass-4,lr,5fold,1,realtime_alert,ali,204.5311111111111,0.99,0.015859629645444583,0.9612323045730591,0.08108108108108109,38.50719501259661,False,0.1,35.55449320396788,4,303,40,False
Glass-4,lr,5fold,2,medication_titration,szcore,312.25333333333333,0.99,0.002710698052360275,0.9991945624351501,0.34285714285714286,17.00312333358726,False,0.13513513513513514,8.60839489303557,5,112,37,False
Glass-4,lr,5fold,2,medication_titration,ali,312.25333333333333,0.99,0.002710698052360275,0.9991945624351501,0.14285714285714285,5.759122419440847,False,0.0,7.378624194030488,0,96,37,False
Glass-4,lr,5fold,2,realtime_alert,szcore,312.25333333333333,0.99,0.002710698052360275,0.9991945624351501,0.34285714285714286,17.00312333358726,False,0.13513513513513514,8.60839489303557,5,112,37,False
Glass-4,lr,5fold,2,realtime_alert,ali,312.25333333333333,0.99,0.002710698052360275,0.9991945624351501,0.14285714285714285,5.759122419440847,False,0.0,7.378624194030488,0,96,37,False
Glass-4,lr,5fold,3,medication_titration,szcore,175.02666666666667,0.93,0.002957689993984359,0.9473705291748047,0.45714285714285713,4.195909364347303,True,0.45714285714285713,18.511464919631294,16,135,35,False
Glass-4,lr,5fold,3,medication_titration,ali,175.02666666666667,0.93,0.002957689993984359,0.9473705291748047,0.0,4.331261279326248,True,0.08571428571428572,7.8159518549554345,3,57,35,False
Glass-4,lr,5fold,3,realtime_alert,szcore,175.02666666666667,0.96,0.0023811910968518147,0.952346920967102,0.3142857142857143,1.624222979747343,True,0.42857142857142855,15.76902567227851,15,115,35,False
Glass-4,lr,5fold,3,realtime_alert,ali,175.02666666666667,0.98,0.0019676158010828153,0.9563797116279602,0.0,2.4363344696210145,False,0.05714285714285714,4.387902795764455,2,32,35,False
Glass-4,lr,5fold,4,medication_titration,szcore,177.31555555555556,0.87,0.0005574054244348936,1.0,0.08333333333333333,3.8020917371980105,True,0.0,0.9474634048526168,0,7,35,False
Glass-4,lr,5fold,4,medication_titration,ali,177.31555555555556,0.73,0.0020829360597303917,0.9985628724098206,0.0,4.118932715297845,True,0.0,1.8949268097052336,0,14,35,False
Glass-4,lr,5fold,4,realtime_alert,szcore,177.31555555555556,0.94,0.000293371276018365,1.0,0.05555555555555555,1.2673639123993368,True,0.0,0.9474634048526168,0,7,35,False
Glass-4,lr,5fold,4,realtime_alert,ali,177.31555555555556,0.8,0.0010561365936661142,1.0,0.0,1.9010458685990053,True,0.0,1.8949268097052336,0,14,35,False
Glass-4,mlp,5fold,0,medication_titration,szcore,75.74777777777778,0.99,0.0010810634622279685,0.9999982118606567,0.225,4.341637783982876,True,0.0,2.2178868466988395,0,7,36,False
Glass-4,mlp,5fold,0,medication_titration,ali,75.74777777777778,0.93,0.002884646725844479,0.9396429657936096,0.125,4.22429622225361,True,0.0,2.5347278247986735,0,8,36,False
Glass-4,mlp,5fold,0,realtime_alert,szcore,75.74777777777778,0.99,0.0010810634622279685,0.9999982118606567,0.225,4.341637783982876,False,0.0,2.2178868466988395,0,7,36,False
Glass-4,mlp,5fold,0,realtime_alert,ali,75.74777777777778,0.97,0.0017492584665196275,0.9999779462814331,0.1,1.994806549397538,True,0.0,3.4852507590981765,0,11,36,False
Glass-4,mlp,5fold,1,medication_titration,szcore,204.5311111111111,0.99,0.030883043682480037,0.932101845741272,0.8918918918918919,63.71749434220078,False,0.425,68.64481361162116,17,585,40,False
Glass-4,mlp,5fold,1,medication_titration,ali,204.5311111111111,0.99,0.030883043682480037,0.932101845741272,0.08108108108108109,106.99005081344208,False,0.2,61.95634459305295,8,528,40,False
Glass-4,mlp,5fold,1,realtime_alert,szcore,204.5311111111111,0.99,0.030883043682480037,0.932101845741272,0.8918918918918919,63.71749434220078,False,0.425,68.64481361162116,17,585,40,False
Glass-4,mlp,5fold,1,realtime_alert,ali,204.5311111111111,0.99,0.030883043682480037,0.932101845741272,0.08108108108108109,106.99005081344208,False,0.2,61.95634459305295,8,528,40,False
Glass-4,mlp,5fold,2,medication_titration,szcore,312.25333333333333,0.99,0.01577537391127701,0.9319866895675659,0.45714285714285713,91.18610497448007,False,0.7837837837837838,71.78786455442163,29,934,37,False
Glass-4,mlp,5fold,2,medication_titration,ali,312.25333333333333,0.99,0.01577537391127701,0.9319866895675659,0.14285714285714285,40.45097889845356,False,0.16216216216216217,45.65523720056365,6,594,37,False
Glass-4,mlp,5fold,2,realtime_alert,szcore,312.25333333333333,0.99,0.01577537391127701,0.9319866895675659,0.45714285714285713,91.18610497448007,False,0.7837837837837838,71.78786455442163,29,934,37,False
Glass-4,mlp,5fold,2,realtime_alert,ali,312.25333333333333,0.99,0.01577537391127701,0.9319866895675659,0.14285714285714285,40.45097889845356,False,0.16216216216216217,45.65523720056365,6,594,37,False
Glass-4,mlp,5fold,3,medication_titration,szcore,175.02666666666667,0.99,0.0006579606978143173,0.9999295473098755,0.4857142857142857,4.331261279326248,True,0.37142857142857144,4.113658871029176,13,30,35,False
Glass-4,mlp,5fold,3,medication_titration,ali,175.02666666666667,0.77,0.003477792259875677,0.9973951578140259,0.11428571428571428,4.466613194305194,True,0.02857142857142857,5.347756532337929,1,39,35,False
Glass-4,mlp,5fold,3,realtime_alert,szcore,175.02666666666667,0.99,0.0006579606978143173,0.9999295473098755,0.4857142857142857,4.331261279326248,False,0.37142857142857144,4.113658871029176,13,30,35,False
Glass-4,mlp,5fold,3,realtime_alert,ali,175.02666666666667,0.96,0.0011655303789853619,0.999636173248291,0.05714285714285714,1.7595748947262884,True,0.0,2.3310733602498663,0,17,35,False
Glass-4,mlp,5fold,4,medication_titration,szcore,177.31555555555556,0.99,0.000293371276018365,0.9948321580886841,0.027777777777777776,5.069455649597347,False,0.42857142857142855,1.2181672348105073,15,9,35,False
Glass-4,mlp,5fold,4,medication_titration,ali,177.31555555555556,0.92,0.0027576899945726315,0.8124310374259949,0.0,4.752614671497513,True,0.05714285714285714,4.872668939242029,2,36,35,False
Glass-4,mlp,5fold,4,realtime_alert,szcore,177.31555555555556,0.99,0.000293371276018365,0.9948321580886841,0.027777777777777776,5.069455649597347,False,0.42857142857142855,1.2181672348105073,15,9,35,False
Glass-4,mlp,5fold,4,realtime_alert,ali,177.31555555555556,0.97,0.0009094509556569316,0.9522391557693481,0.0,1.2673639123993368,True,0.0,2.4363344696210145,0,18,35,False
Glass-2,rf,5fold,0,medication_titration,szcore,76.32555555555555,0.8,0.0018796379795521464,0.49333333333333335,0.225,4.928345592629212,True,0.5555555555555556,17.92322361812703,20,57,36,False
Glass-2,rf,5fold,0,medication_titration,ali,76.32555555555555,0.67,0.003726681080846163,0.41333333333333333,0.15,4.811004030899944,True,0.0,6.603292911941537,0,21,36,False
Glass-2,rf,5fold,0,realtime_alert,szcore,76.32555555555555,0.87,0.001358119927422071,0.5333333333333333,0.2,1.994806549397538,True,0.4166666666666667,12.577700784650547,15,40,36,False
Glass-2,rf,5fold,0,realtime_alert,ali,76.32555555555555,0.95,0.000592140288356023,0.62,0.05,1.7601234259390042,True,0.0,0.3144425196162637,0,1,36,False
Glass-2,rf,5fold,1,medication_titration,szcore,204.5311111111111,0.99,0.0007009977653472252,0.9933333333333333,0.35135135135135137,8.531534224347752,False,0.15,4.22429622225361,6,36,40,False
Glass-2,rf,5fold,1,medication_titration,ali,204.5311111111111,0.96,0.0025513471967206114,0.9666666666666667,0.05405405405405406,4.304197446517785,True,0.1,5.045687154358478,4,43,40,False
Glass-2,rf,5fold,1,realtime_alert,szcore,204.5311111111111,0.99,0.0007009977653472252,0.9933333333333333,0.35135135135135137,8.531534224347752,False,0.15,4.22429622225361,6,36,40,False
Glass-2,rf,5fold,1,realtime_alert,ali,204.5311111111111,0.99,0.0007009977653472252,0.9933333333333333,0.0,1.2297706990050814,True,0.05,1.5254403024804701,2,13,40,False
Glass-2,rf,5fold,2,medication_titration,szcore,312.25333333333333,0.99,0.0002475813209415708,0.9833333333333333,0.2857142857142857,2.4681953226175057,True,0.10810810810810811,5.918271488961954,4,77,37,False
Glass-2,rf,5fold,2,medication_titration,ali,312.25333333333333,0.95,0.0022282318884741374,0.94,0.0,4.387902795764455,True,0.0,2.9975660788248857,0,39,37,False
Glass-2,rf,5fold,2,realtime_alert,szcore,312.25333333333333,0.99,0.0002475813209415708,0.9833333333333333,0.2857142857142857,2.4681953226175057,False,0.10810810810810811,5.918271488961954,4,77,37,False
Glass-2,rf,5fold,2,realtime_alert,ali,312.25333333333333,0.98,0.0005459485538711562,0.9766666666666667,0.0,1.5083415860440312,True,0.0,0.3843033434390879,0,5,37,False
Glass-2,rf,5fold,3,medication_titration,szcore,175.02666666666667,0.79,0.0008772809304190897,0.93,0.5428571428571428,4.872668939242029,True,0.4,11.106878951778777,14,81,35,False
Glass-2,rf,5fold,3,medication_titration,ali,175.02666666666667,0.68,0.0021681371566071787,0.8966666666666666,0.0,4.601965109284139,True,0.0,2.605317284985145,0,19,35,False
Glass-2,rf,5fold,3,realtime_alert,szcore,175.02666666666667,0.86,0.0003947764186885903,0.9533333333333334,0.42857142857142855,1.4888710647683978,True,0.34285714285714286,4.662146720499733,12,34,35,False
Glass-2,rf,5fold,3,realtime_alert,ali,175.02666666666667,0.82,0.0006704932825345899,0.94,0.0,1.7595748947262884,True,0.0,0.8227317742058352,0,6,35,False
Glass-2,rf,5fold,4,medication_titration,szcore,177.31555555555556,0.83,0.00020380533678831904,0.9,0.0,3.773310235395164,True,0.4,0.13535191497894525,14,1,35,False
Glass-2,rf,5fold,4,medication_titration,ali,177.31555555555556,0.57,0.004148894356047923,0.43333333333333335,0.0,4.402195274627691,True,0.11428571428571428,7.0382995789051535,4,52,35,False
Glass-2,rf,5fold,4,realtime_alert,szcore,177.31555555555556,0.88,8.734514433785102e-05,0.9466666666666667,0.0,1.5722125980813184,True,0.2857142857142857,0.13535191497894525,10,1,35,False
Glass-2,rf,5fold,4,realtime_alert,ali,177.31555555555556,0.66,0.0018342480310948714,0.5633333333333334,0.0,1.5722125980813184,True,0.05714285714285714,3.113094044515741,2,23,35,False
Glass-2,rf,loo,chb16,medication_titration,szcore,19.0,0.95,0.0007790322295076162,0.69,0.5714285714285714,4.716686044109749,True,0.1,11.368421052631579,1,9,10,False
Glass-2,rf,loo,chb16,medication_titration,ali,19.0,0.89,0.0022308650208627194,0.5266666666666666,0.3333333333333333,3.8243400357646613,True,0.0,6.315789473684211,0,5,10,False
Glass-2,rf,loo,chb16,realtime_alert,szcore,19.0,0.98,0.00022426685394916223,0.7733333333333333,0.47619047619047616,1.019824009537243,True,0.0,5.052631578947369,0,4,10,False
Glass-2,rf,loo,chb16,realtime_alert,ali,19.0,0.93,0.0010741201952301981,0.6566666666666666,0.14285714285714285,1.7846920166901752,True,0.0,3.7894736842105265,0,3,10,False
Glass-2,rf,loo,chb10,medication_titration,szcore,48.022222222222226,0.96,0.0004574594481260047,0.9766666666666667,0.25,3.842659364258439,True,0.8571428571428571,0.0,6,0,7,True
Glass-2,rf,loo,chb10,medication_titration,ali,48.022222222222226,0.88,0.0024842589474620533,0.84,0.2,4.94056203976085,True,0.5714285714285714,0.9995372512725589,4,2,7,False
Glass-2,rf,loo,chb10,realtime_alert,szcore,48.022222222222226,0.98,0.00015248648270866822,0.99,0.2,1.784091847691418,True,0.5714285714285714,0.0,4,0,7,False
Glass-2,rf,loo,chb10,realtime_alert,ali,48.022222222222226,0.93,0.0010546981720682886,0.9533333333333334,0.1,1.784091847691418,True,0.14285714285714285,2.498843128181397,1,5,7,False
Glass-2,rf,loo,chb01+21,medication_titration,szcore,72.38,0.97,0.0005412098500192703,0.6833333333333333,0.22727272727272727,3.365341249210735,True,0.5,2.6526664824537165,5,8,10,False
Glass-2,rf,loo,chb01+21,medication_titration,ali,72.38,0.9,0.0025174458175138787,0.38,0.09090909090909091,4.782327038352097,True,0.3,4.31058303398729,3,13,10,False
Glass-2,rf,loo,chb01+21,realtime_alert,szcore,72.38,0.98,0.0003198058204659325,0.76,0.22727272727272727,1.7712322364267028,True,0.3,0.9947499309201437,3,3,10,False
Glass-2,rf,loo,chb01+21,realtime_alert,ali,72.38,0.97,0.0005412098500192703,0.6833333333333333,0.0,1.239862565498692,True,0.1,0.33158331030671456,1,1,10,False
Glass-2,rf,loo,chb09,medication_titration,szcore,67.86555555555556,0.83,0.00041435409828915375,0.98,0.047619047619047616,4.47502426152286,True,1.0,2.4754825717513382,4,7,4,True
Glass-2,rf,loo,chb09,medication_titration,ali,67.86555555555556,0.66,0.0031512719580411956,0.9033333333333333,0.047619047619047616,4.003969076099401,True,1.0,6.36552661307487,4,18,4,False
Glass-2,rf,loo,chb09,realtime_alert,szcore,67.86555555555556,0.9,0.00016356082827203436,0.9933333333333333,0.047619047619047616,1.1776379635586474,True,0.75,0.3536403673930483,3,1,4,False
Glass-2,rf,loo,chb09,realtime_alert,ali,67.86555555555556,0.73,0.0012103501292130543,0.95,0.0,1.6486931489821064,True,0.5,1.4145614695721933,2,4,4,False
Glass-2,rf,loo,chb18,medication_titration,szcore,34.63333333333333,0.87,0.0003693158126734891,0.7433333333333333,0.043478260869565216,4.889264823264514,True,0.0,5.543792107795958,0,8,6,False
Glass-2,rf,loo,chb18,medication_titration,ali,34.63333333333333,0.74,0.0021086741562325022,0.64,0.0,4.374605368184039,True,0.0,0.6929740134744947,0,1,6,False
Glass-2,rf,loo,chb18,realtime_alert,szcore,34.63333333333333,0.92,0.0001310475464325284,0.8566666666666667,0.043478260869565216,1.801308092781663,True,0.0,2.078922040423484,0,3,6,False
Glass-2,rf,loo,chb18,realtime_alert,ali,34.63333333333333,0.8,0.0011436876779566114,0.69,0.0,1.801308092781663,True,0.0,0.0,0,0,6,False
Glass-2,rf,loo,chb13,medication_titration,szcore,33.0,0.99,0.00020541741752957545,0.9533333333333334,0.0,3.8319685524608076,True,0.08333333333333333,1.4545454545454546,1,2,12,False
Glass-2,rf,loo,chb13,medication_titration,ali,33.0,0.95,0.003697513515532358,0.73,0.0,3.226920886282785,True,0.0,8.727272727272727,0,12,12,False
Glass-2,rf,loo,chb13,realtime_alert,szcore,33.0,0.99,0.00020541741752957545,0.9533333333333334,0.0,3.8319685524608076,False,0.08333333333333333,1.4545454545454546,1,2,12,False
Glass-2,rf,loo,chb13,realtime_alert,ali,33.0,0.96,0.0025490434084351862,0.7666666666666667,0.0,1.4117778877487186,True,0.0,5.818181818181818,0,8,12,False
Glass-2,rf,loo,chb02,medication_titration,szcore,34.26555555555556,0.99,0.00017341937368224095,0.95,0.0,3.3515575797957298,True,0.0,3.5020590810337557,0,5,3,False
Glass-2,rf,loo,chb02,medication_titration,ali,34.26555555555556,0.91,0.0046914504248774655,0.7566666666666667,0.0,4.337309809147415,True,0.0,10.506177243101266,0,15,3,False
Glass-2,rf,loo,chb02,realtime_alert,szcore,34.26555555555556,0.99,0.00017341937368224095,0.95,0.0,3.3515575797957298,False,0.0,3.5020590810337557,0,5,3,False
Glass-2,rf,loo,chb02,realtime_alert,ali,34.26555555555556,0.95,0.0017068117304515293,0.84,0.0,0.9857522293516853,True,0.0,2.1012354486202534,0,3,3,False
Glass-2,rf,loo,chb14,medication_titration,szcore,26.0,0.99,7.635190593445189e-05,0.86,0.0,1.649201168184161,True,0.0,0.9230769230769231,0,1,8,False
Glass-2,rf,loo,chb14,medication_titration,ali,26.0,0.92,0.0039989310733169175,0.4866666666666667,0.0,4.123002920460403,True,0.0,6.461538461538462,0,7,8,False
Glass-2,rf,loo,chb14,realtime_alert,szcore,26.0,0.99,7.635190593445189e-05,0.86,0.0,1.649201168184161,True,0.0,0.9230769230769231,0,1,8,False
Glass-2,rf,loo,chb14,realtime_alert,ali,26.0,0.94,0.002490980931111493,0.5233333333333333,0.0,1.649201168184161,True,0.0,1.8461538461538463,0,2,8,False
Glass-2,rf,loo,chb06,medication_titration,szcore,58.733333333333334,0.81,0.000963000506842372,0.9766666666666667,0.2702702702702703,4.1054232133806385,True,0.0,20.839954597048806,0,51,8,False
Glass-2,rf,loo,chb06,medication_titration,ali,58.733333333333334,0.67,0.0024961986822098327,0.96,0.05405405405405406,4.926507856056767,True,0.0,0.4086265607264472,0,1,8,False
Glass-2,rf,loo,chb06,realtime_alert,szcore,58.733333333333334,0.89,0.0005575266092245312,0.98,0.1891891891891892,1.9158641662442981,True,0.0,14.710556186152099,0,36,8,False
Glass-2,rf,loo,chb06,realtime_alert,ali,58.733333333333334,0.76,0.0013811454637607703,0.97,0.05405405405405406,1.9158641662442981,True,0.0,0.0,0,0,8,False
Glass-2,rf,loo,chb03,medication_titration,szcore,37.00111111111111,0.92,0.00042798094358535406,0.8633333333333333,0.08823529411764706,4.37892081226278,True,0.5714285714285714,3.2431458514759317,4,5,7,False
Glass-2,rf,loo,chb03,medication_titration,ali,37.00111111111111,0.8,0.0019315455743391637,0.72,0.029411764705882353,4.500557501492302,True,0.14285714285714285,3.8917750217711182,1,6,7,False
Glass-2,rf,loo,chb03,realtime_alert,szcore,37.00111111111111,0.96,0.00016330851794704298,0.9066666666666666,0.08823529411764706,1.5812769599837817,True,0.2857142857142857,1.2972583405903728,2,2,7,False
Glass-2,rf,loo,chb03,realtime_alert,ali,37.00111111111111,0.87,0.0009629571230670466,0.7966666666666666,0.0,1.824550338442825,True,0.0,2.5945166811807456,0,4,7,False
Glass-2,rf,loo,chb12,medication_titration,szcore,20.685555555555556,0.98,0.00043486589046556537,0.7866666666666666,0.6666666666666666,4.472906301931529,True,0.0,4.6409195896223885,0,4,27,False
Glass-2,rf,loo,chb12,medication_titration,ali,20.685555555555556,0.93,0.002107028778803394,0.5466666666666666,0.08333333333333333,4.137438329286664,True,0.0,1.1602298974055971,0,1,27,False
Glass-2,rf,loo,chb12,realtime_alert,szcore,20.685555555555556,0.99,0.00017084017125432925,0.8933333333333333,0.5833333333333334,1.3418718905794587,True,0.0,3.4806896922167914,0,3,27,False
Glass-2,rf,loo,chb12,realtime_alert,ali,20.685555555555556,0.97,0.0006885376599038118,0.6533333333333333,0.0,1.2300492330311705,True,0.0,0.0,0,0,27,False
Glass-2,rf,loo,chb22,medication_titration,szcore,30.002222222222223,0.98,0.00034860065453675137,0.99,0.3333333333333333,4.158233479190622,True,1.0,0.0,3,0,3,True
Glass-2,rf,loo,chb22,medication_titration,ali,30.002222222222223,0.91,0.0024714225508202523,0.75,0.08333333333333333,4.383002856444169,True,1.0,0.0,3,0,3,True
Glass-2,rf,loo,chb22,realtime_alert,szcore,30.002222222222223,0.99,0.00014048086078346698,0.9933333333333333,0.25,1.4610009521480565,True,1.0,0.0,3,0,3,True
Glass-2,rf,loo,chb22,realtime_alert,ali,30.002222222222223,0.95,0.0011394558707992321,0.9166666666666666,0.0,1.6857703294016035,True,0.0,3.1997629805199614,0,4,3,False
Glass-2,rf,loo,chb04,medication_titration,szcore,146.6211111111111,0.99,0.00046750227433538867,0.9433333333333334,0.2727272727272727,5.731325179419792,False,0.0,6.383801029107525,0,39,4,False
Glass-2,rf,loo,chb04,medication_titration,ali,146.6211111111111,0.95,0.003209339937329425,0.7633333333333333,0.0,4.912564439502678,True,0.0,7.693298676103941,0,47,4,False
Glass-2,rf,loo,chb04,realtime_alert,szcore,146.6211111111111,0.99,0.00046750227433538867,0.9433333333333334,0.2727272727272727,5.731325179419792,False,0.0,6.383801029107525,0,39,4,False
Glass-2,rf,loo,chb04,realtime_alert,ali,146.6211111111111,0.97,0.0017183867380976448,0.85,0.0,1.9104417264732638,True,0.0,2.618995293992831,0,16,4,False
Glass-2,rf,loo,chb05,medication_titration,szcore,38.00222222222222,0.75,0.0006391447081723367,0.9933333333333333,0.46153846153846156,4.392667267075332,True,0.6,8.841588211215718,3,14,5,False
Glass-2,rf,loo,chb05,medication_titration,ali,38.00222222222222,0.5,0.003747712152465065,0.97,0.0,4.392667267075332,True,0.0,5.683878135781533,0,9,5,False
Glass-2,rf,loo,chb05,realtime_alert,szcore,38.00222222222222,0.82,0.00046483251503442666,0.9966666666666667,0.46153846153846156,1.8825716858894281,True,0.6,5.683878135781533,3,9,5,False
Glass-2,rf,loo,chb05,realtime_alert,ali,38.00222222222222,0.69,0.00104587315882746,0.99,0.0,1.8825716858894281,True,0.0,1.894626045260511,0,3,5,False
Glass-2,rf,loo,chb19,medication_titration,szcore,28.92888888888889,0.91,0.0010327244562060285,0.64,0.5769230769230769,4.53107855160395,True,1.0,1.6592410508526654,3,2,3,True
Glass-2,rf,loo,chb19,medication_titration,ali,28.92888888888889,0.74,0.002242948428322468,0.45666666666666667,0.11538461538461539,4.879623055573484,True,0.0,3.3184821017053308,0,4,3,False
Glass-2,rf,loo,chb19,realtime_alert,szcore,28.92888888888889,0.96,0.0004518169495901375,0.87,0.3076923076923077,1.742722519847673,True,1.0,0.0,3,0,3,True
Glass-2,rf,loo,chb19,realtime_alert,ali,28.92888888888889,0.94,0.0007099980636416446,0.7633333333333333,0.038461538461538464,1.3941780158781385,True,0.0,2.4888615762789983,0,3,3,False
Glass-2,rf,loo,chb17,medication_titration,szcore,21.006666666666668,0.9,0.001211704409621588,0.64,0.7142857142857143,4.597927002996512,True,0.3333333333333333,19.422405585528402,1,17,3,False
Glass-2,rf,loo,chb17,medication_titration,ali,21.006666666666668,0.79,0.002161418676622292,0.5966666666666667,0.07142857142857142,4.951613695534705,True,0.0,3.4274833386226593,0,3,3,False
Glass-2,rf,loo,chb17,realtime_alert,szcore,21.006666666666668,0.98,0.0002619901426208839,0.7866666666666666,0.25,1.414746770152773,True,0.0,5.712472231037766,0,5,3,False
Glass-2,rf,loo,chb17,realtime_alert,ali,21.006666666666668,0.93,0.0009824630348283145,0.6733333333333333,0.03571428571428571,1.7684334626909661,True,0.0,0.0,0,0,3,False
Glass-2,rf,loo,chb23,medication_titration,szcore,26.555555555555557,0.92,0.001080544360726593,0.77,0.6153846153846154,4.731032065884002,True,0.14285714285714285,15.364016736401672,1,17,7,False
Glass-2,rf,loo,chb23,medication_titration,ali,26.555555555555557,0.87,0.0018398458033993341,0.73,0.038461538461538464,4.415629928158402,True,0.0,2.7112970711297066,0,3,7,False
Glass-2,rf,loo,chb23,realtime_alert,szcore,26.555555555555557,0.96,0.0004964663279014076,0.84,0.38461538461538464,1.8924128263536009,True,0.14285714285714285,8.13389121338912,1,9,7,False
Glass-2,rf,loo,chb23,realtime_alert,ali,26.555555555555557,0.93,0.0009053209508790374,0.7866666666666666,0.038461538461538464,1.5770106886280006,True,0.0,0.0,0,0,7,False
Glass-2,rf,loo,chb24,medication_titration,szcore,21.295555555555556,0.75,0.0014649696458289385,0.9666666666666667,0.3333333333333333,4.30349483158709,True,0.625,7.888970051132214,10,7,16,False
Glass-2,rf,loo,chb24,medication_titration,ali,21.295555555555556,0.59,0.0033987295783231373,0.91,0.1,4.30349483158709,True,0.0625,9.015965772722529,1,8,16,False
Glass-2,rf,loo,chb24,realtime_alert,szcore,21.295555555555556,0.82,0.0008907015446639946,0.9766666666666667,0.3333333333333333,1.7720272835946838,True,0.5625,4.5079828863612645,9,4,16,False
Glass-2,rf,loo,chb24,realtime_alert,ali,21.295555555555556,0.78,0.0011016571736633617,0.9733333333333334,0.03333333333333333,1.7720272835946838,True,0.0,2.2539914431806323,0,2,16,False
Glass-2,rf,loo,chb08,medication_titration,szcore,20.005555555555556,0.94,0.000390625,0.9433333333333334,0.06060606060606061,4.6875,True,0.8,0.0,4,0,5,True
Glass-2,rf,loo,chb08,medication_titration,ali,20.005555555555556,0.82,0.0022569444444444442,0.76,0.0,4.921875,True,0.0,5.998333796167731,0,5,5,False
Glass-2,rf,loo,chb08,realtime_alert,szcore,20.005555555555556,0.98,5.425347222222222e-05,0.9866666666666667,0.0,1.171875,True,0.4,0.0,2,0,5,False
Glass-2,rf,loo,chb08,realtime_alert,ali,20.005555555555556,0.88,0.0011284722222222221,0.85,0.0,1.640625,True,0.0,4.798667036934185,0,4,5,False
Glass-2,rf,loo,chb11,medication_titration,szcore,34.79222222222222,0.94,0.0003421352750241249,0.9366666666666666,0.03333333333333333,4.9267479603474,True,0.4,0.0,2,0,5,False
Glass-2,rf,loo,chb11,medication_titration,ali,34.79222222222222,0.81,0.0021317659443810862,0.7966666666666666,0.0,4.9267479603474,True,0.2,2.7592373774470667,1,4,5,False
Glass-2,rf,loo,chb11,realtime_alert,szcore,34.79222222222222,0.98,7.018159487674358e-05,0.99,0.03333333333333333,1.136941837003246,True,0.2,0.0,1,0,5,False
Glass-2,rf,loo,chb11,realtime_alert,ali,34.79222222222222,0.86,0.0012281779103430126,0.8733333333333333,0.0,1.8949030616720766,True,0.0,3.449046721808833,0,5,5,False
Glass-2,rf,loo,chb15,medication_titration,szcore,40.00888888888889,0.94,0.00035758608359100566,0.5,0.05,4.997791380071938,True,0.0,6.598533659186847,0,11,20,False
Glass-2,rf,loo,chb15,medication_titration,ali,40.00888888888889,0.81,0.002387412969857597,0.31,0.0,4.997791380071938,True,0.0,5.39880026660742,0,9,20,False
Glass-2,rf,loo,chb15,realtime_alert,szcore,40.00888888888889,0.97,0.000115689615279443,0.5866666666666667,0.05,1.817378683662523,True,0.0,2.999333481448567,0,5,20,False
Glass-2,rf,loo,chb15,realtime_alert,ali,40.00888888888889,0.86,0.0014618960476220526,0.3566666666666667,0.0,1.817378683662523,True,0.0,1.1997333925794267,0,2,20,False
Glass-2,rf,loo,chb20,medication_titration,szcore,27.59888888888889,0.91,0.000757956338189542,0.8966666666666666,0.47368421052631576,3.807408582533513,True,0.0,13.913603607230565,0,16,8,False
Glass-2,rf,loo,chb20,medication_titration,ali,27.59888888888889,0.77,0.004556551474930153,0.74,0.2631578947368421,4.7592607281668915,True,0.0,4.348001127259551,0,5,8,False
Glass-2,rf,loo,chb20,realtime_alert,szcore,27.59888888888889,0.93,0.000555247084952804,0.91,0.42105263157894735,1.9037042912667566,True,0.0,9.565602479971012,0,11,8,False
Glass-2,rf,loo,chb20,realtime_alert,ali,27.59888888888889,0.86,0.0013220168689352476,0.86,0.15789473684210525,1.9037042912667566,True,0.0,0.0,0,0,8,False
Glass-2,rf,loo,chb07,medication_titration,szcore,59.047777777777775,0.82,0.0009325532830657888,0.83,0.3333333333333333,3.7876010266056648,True,1.0,13.00641664941761,2,32,2,False
Glass-2,rf,loo,chb07,medication_titration,ali,59.047777777777775,0.69,0.00446350289330634,0.6633333333333333,0.25925925925925924,3.959764709633195,True,0.0,8.535460926180306,0,21,2,False
Glass-2,rf,loo,chb07,realtime_alert,szcore,59.047777777777775,0.86,0.0006615548931150468,0.8666666666666667,0.2962962962962963,1.2051457811927115,True,1.0,8.535460926180306,2,21,2,False
Glass-2,rf,loo,chb07,realtime_alert,ali,59.047777777777775,0.71,0.003427332578788797,0.7,0.2222222222222222,1.8938005133028324,True,0.0,6.909658845003105,0,17,2,False
Glass-2,lr,5fold,0,medication_titration,szcore,76.32555555555555,0.96,0.0022273166809721966,1.0,0.15,4.811004030899944,True,0.0,2.5155401569301095,0,8,36,False
Glass-2,lr,5fold,0,medication_titration,ali,76.32555555555555,0.93,0.003302947663490477,1.0,0.125,4.693662469170677,True,0.0,2.2010976373138456,0,7,36,False
Glass-2,lr,5fold,0,realtime_alert,szcore,76.32555555555555,0.99,0.0011190908201957866,1.0,0.125,1.877464987668271,True,0.0,2.5155401569301095,0,8,36,False
Glass-2,lr,5fold,0,realtime_alert,ali,76.32555555555555,0.99,0.0011190908201957866,1.0,0.05,3.5202468518780083,False,0.0,2.2010976373138456,0,7,36,False
Glass-2,lr,5fold,1,medication_titration,szcore,204.5311111111111,0.99,0.007732325604566093,0.9711108803749084,0.5405405405405406,24.82599598616508,False,0.15,13.494279598865697,6,115,40,False
Glass-2,lr,5fold,1,medication_titration,ali,204.5311111111111,0.99,0.007732325604566093,0.9711108803749084,0.05405405405405406,14.98783039412443,False,0.1,14.667695216158368,4,125,40,False
Glass-2,lr,5fold,1,realtime_alert,szcore,204.5311111111111,0.99,0.007732325604566093,0.9711108803749084,0.5405405405405406,24.82599598616508,False,0.15,13.494279598865697,6,115,40,False
Glass-2,lr,5fold,1,realtime_alert,ali,204.5311111111111,0.99,0.007732325604566093,0.9711108803749084,0.05405405405405406,14.98783039412443,False,0.1,14.667695216158368,4,125,40,False
Glass-2,lr,5fold,2,medication_titration,szcore,312.25333333333333,0.99,0.0023298037124501662,0.9999998807907104,0.3142857142857143,13.84931819913156,False,0.0,6.9943208505914,0,91,37,False
Glass-2,lr,5fold,2,medication_titration,ali,312.25333333333333,0.99,0.0023298037124501662,0.9999998807907104,0.02857142857142857,4.662146720499733,True,0.0,5.918271488961954,0,77,37,False
Glass-2,lr,5fold,2,realtime_alert,szcore,312.25333333333333,0.99,0.0023298037124501662,0.9999998807907104,0.3142857142857143,13.84931819913156,False,0.0,6.9943208505914,0,91,37,False
Glass-2,lr,5fold,2,realtime_alert,ali,312.25333333333333,0.99,0.0023298037124501662,0.9999998807907104,0.02857142857142857,4.662146720499733,False,0.0,5.918271488961954,0,77,37,False
Glass-2,lr,5fold,3,medication_titration,szcore,175.02666666666667,0.9,0.0027070382995789052,0.9330167174339294,0.5142857142857142,4.872668939242029,True,0.45714285714285713,16.728879408851984,16,122,35,False
Glass-2,lr,5fold,3,medication_titration,ali,175.02666666666667,0.96,0.0013033888109083617,0.9516728520393372,0.0,4.601965109284139,True,0.08571428571428572,2.742439247352784,3,20,35,False
Glass-2,lr,5fold,3,realtime_alert,szcore,175.02666666666667,0.95,0.001485111289352316,0.9476956725120544,0.2571428571428571,1.7595748947262884,True,0.45714285714285713,9.598537365734744,16,70,35,False
Glass-2,lr,5fold,3,realtime_alert,ali,175.02666666666667,0.99,0.0006140966512933627,0.9765607714653015,0.0,2.3009825546420695,False,0.0,2.056829435514588,0,15,35,False
Glass-2,lr,5fold,4,medication_titration,szcore,177.31555555555556,0.78,0.0007861062990406592,0.9999922513961792,0.05555555555555555,4.087752755011428,True,0.0,1.082815319831562,0,8,35,False
Glass-2,lr,5fold,4,medication_titration,ali,177.31555555555556,0.67,0.0024456640414598284,0.9628737568855286,0.0,4.402195274627691,True,0.0,1.7595748947262884,0,13,35,False
Glass-2,lr,5fold,4,realtime_alert,szcore,177.31555555555556,0.88,0.0003930531495203296,0.9999998807907104,0.05555555555555555,1.886655117697582,True,0.0,0.8121114898736715,0,6,35,False
Glass-2,lr,5fold,4,realtime_alert,ali,177.31555555555556,0.87,0.00043672572168925507,0.9999997615814209,0.0,1.5722125980813184,True,0.0,1.4888710647683978,0,11,35,False
Glass-2,lr,loo,chb16,medication_titration,szcore,19.0,0.91,0.0024020160409818168,0.999985933303833,0.6190476190476191,4.844164045301905,True,0.0,7.578947368421053,0,6,10,False
Glass-2,lr,loo,chb16,medication_titration,ali,19.0,0.88,0.0037004030901611772,0.9999507665634155,0.47619047619047616,4.844164045301905,True,0.0,13.894736842105264,0,11,10,False
Glass-2,lr,loo,chb16,realtime_alert,szcore,19.0,0.95,0.0015049486251851676,0.9999972581863403,0.5714285714285714,1.9121700178823307,True,0.0,8.842105263157896,0,7,10,False
Glass-2,lr,loo,chb16,realtime_alert,ali,19.0,0.99,0.000619684728017422,0.9999997615814209,0.0,2.8045160262274185,False,0.0,2.5263157894736845,0,2,10,False
Glass-2,lr,loo,chb10,medication_titration,szcore,48.022222222222226,0.91,0.0017917161718268516,0.9106141924858093,0.3,4.94056203976085,True,1.0,5.997223507635353,7,12,7,False
Glass-2,lr,loo,chb10,medication_titration,ali,48.022222222222226,0.86,0.0031513873093124765,0.8837878108024597,0.2,4.803324205323048,True,0.42857142857142855,2.9986117538176766,3,6,7,False
Glass-2,lr,loo,chb10,realtime_alert,szcore,48.022222222222226,0.98,0.0006290067411732564,0.9651402235031128,0.2,1.784091847691418,True,0.8571428571428571,0.0,6,0,7,True
Glass-2,lr,loo,chb10,realtime_alert,ali,48.022222222222226,0.99,0.00043839863778742113,0.976603627204895,0.0,1.5096161788158153,True,0.0,2.498843128181397,0,5,7,False
Glass-2,lr,loo,chb01+21,medication_titration,szcore,72.38,0.9,0.0023288423849314056,0.7017072439193726,0.22727272727272727,4.605203814709427,True,0.7,16.579165515335728,7,50,10,False
Glass-2,lr,loo,chb01+21,medication_titration,ali,72.38,0.87,0.0028044510410089466,0.6854196786880493,0.18181818181818182,4.605203814709427,True,0.3,4.973749654600719,3,15,10,False
Glass-2,lr,loo,chb01+21,realtime_alert,szcore,72.38,0.99,0.0008528155212424866,0.7849009037017822,0.18181818181818182,2.125478683712043,False,0.5,3.978999723680575,5,12,10,False
Glass-2,lr,loo,chb01+21,realtime_alert,ali,72.38,0.99,0.0008528155212424866,0.7849009037017822,0.0,3.188218025568065,False,0.1,0.9947499309201437,1,3,10,False
Glass-2,lr,loo,chb09,medication_titration,szcore,67.86555555555556,0.97,0.0004797784295979675,0.9996280670166016,0.047619047619047616,4.239496668811131,True,0.25,3.182763306537435,1,9,4,False
Glass-2,lr,loo,chb09,medication_titration,ali,67.86555555555556,0.91,0.0016356082827203436,0.9931656718254089,0.0,4.003969076099401,True,0.0,6.36552661307487,0,18,4,False
Glass-2,lr,loo,chb09,realtime_alert,szcore,67.86555555555556,0.99,0.00020717704914457688,0.9999501705169678,0.0,1.1776379635586474,True,0.0,2.12184220435829,0,6,4,False
Glass-2,lr,loo,chb09,realtime_alert,ali,67.86555555555556,0.94,0.0010031730800684775,0.9974964261054993,0.0,1.8842207416938357,True,0.0,4.597324776109628,0,13,4,False
Glass-2,lr,loo,chb18,medication_titration,szcore,34.63333333333333,0.94,0.00045270970585782535,0.7236813306808472,0.043478260869565216,4.374605368184039,True,0.0,5.543792107795958,0,8,6,False
Glass-2,lr,loo,chb18,medication_titration,ali,34.63333333333333,0.83,0.00212058756954455,0.6534566879272461,0.043478260869565216,3.8599459131035636,True,0.0,3.4648700673724737,0,5,6,False
Glass-2,lr,loo,chb18,realtime_alert,szcore,34.63333333333333,0.98,0.00020252802630481658,0.7770741581916809,0.0,1.0293189101609503,True,0.0,2.078922040423484,0,3,6,False
Glass-2,lr,loo,chb18,realtime_alert,ali,34.63333333333333,0.89,0.0009411596516517947,0.6845595836639404,0.0,1.801308092781663,True,0.0,1.3859480269489894,0,2,6,False
Glass-2,lr,loo,chb13,medication_titration,szcore,33.0,0.95,0.0014472590780492814,0.8873344659805298,0.0,4.235333663246156,True,0.08333333333333333,20.363636363636363,1,28,12,False
Glass-2,lr,loo,chb13,medication_titration,ali,33.0,0.98,0.0010084127769633704,0.9014366269111633,0.0,4.43701621863883,True,0.0,1.4545454545454546,0,2,12,False
Glass-2,lr,loo,chb13,realtime_alert,szcore,33.0,0.98,0.0010084127769633704,0.9014366269111633,0.0,3.630285997068133,False,0.08333333333333333,16.0,1,22,12,False
Glass-2,lr,loo,chb13,realtime_alert,ali,33.0,0.99,0.0007843210487492881,0.9174044728279114,0.0,3.428603441675459,False,0.0,0.7272727272727273,0,1,12,False
Glass-2,lr,loo,chb02,medication_titration,szcore,34.26555555555556,0.95,0.0010040069002656055,0.889797031879425,0.0,4.337309809147415,True,0.3333333333333333,4.902882713447258,1,7,3,False
Glass-2,lr,loo,chb02,medication_titration,ali,34.26555555555556,0.94,0.0011409169321200062,0.8741304874420166,0.0,3.943008917406741,True,0.0,3.5020590810337557,0,5,3,False
Glass-2,lr,loo,chb02,realtime_alert,szcore,34.26555555555556,0.97,0.0006115314756163234,0.9258115291595459,0.0,2.760106242184719,False,0.0,4.902882713447258,0,7,3,False
Glass-2,lr,loo,chb02,realtime_alert,ali,34.26555555555556,0.98,0.0005111307855897628,0.9435061812400818,0.0,1.9715044587033705,True,0.0,2.1012354486202534,0,3,3,False
Glass-2,lr,loo,chb14,medication_titration,szcore,26.0,0.96,0.001727461871766974,0.7950693368911743,0.0,4.741453358529463,True,0.0,23.07692307692308,0,25,8,False
Glass-2,lr,loo,chb14,medication_titration,ali,26.0,0.97,0.001431598236270973,0.7993395924568176,0.0,4.947603504552482,True,0.0,2.7692307692307696,0,3,8,False
Glass-2,lr,loo,chb14,realtime_alert,szcore,26.0,0.99,0.0008685029300043903,0.8148015141487122,0.0,3.504552482391342,False,0.0,13.846153846153847,0,15,8,False
Glass-2,lr,loo,chb14,realtime_alert,ali,26.0,0.99,0.0008685029300043903,0.8148015141487122,0.0,3.298402336368322,False,0.0,0.0,0,0,8,False
Glass-2,lr,loo,chb06,medication_titration,szcore,58.733333333333334,0.91,0.001634566649771921,0.9852740168571472,0.21621621621621623,4.926507856056767,True,0.0,6.946651532349602,0,17,8,False
Glass-2,lr,loo,chb06,medication_titration,ali,58.733333333333334,0.91,0.001634566649771921,0.9852740168571472,0.0,4.652812975164724,True,0.0,8.581157775255392,0,21,8,False
Glass-2,lr,loo,chb06,realtime_alert,szcore,58.733333333333334,0.96,0.0003041054232133806,0.9999849796295166,0.0,1.368474404460213,True,0.0,2.8603859250851302,0,7,8,False
Glass-2,lr,loo,chb06,realtime_alert,ali,58.733333333333334,0.94,0.0006462240243284338,0.9990018010139465,0.0,1.6421692853522556,True,0.0,2.043132803632236,0,5,8,False
Glass-2,lr,loo,chb03,medication_titration,szcore,37.00111111111111,0.99,0.003294326999966212,0.9512382745742798,0.058823529411764705,11.920395544493124,False,0.14285714285714285,7.7835500435422365,1,12,7,False
Glass-2,lr,loo,chb03,medication_titration,ali,37.00111111111111,0.99,0.003294326999966212,0.9512382745742798,0.0,8.514568246066517,False,0.0,9.08080838413261,0,14,7,False
Glass-2,lr,loo,chb03,realtime_alert,szcore,37.00111111111111,0.99,0.003294326999966212,0.9512382745742798,0.058823529411764705,11.920395544493124,False,0.14285714285714285,7.7835500435422365,1,12,7,False
Glass-2,lr,loo,chb03,realtime_alert,ali,37.00111111111111,0.99,0.003294326999966212,0.9512382745742798,0.0,8.514568246066517,False,0.0,9.08080838413261,0,14,7,False
Glass-2,lr,loo,chb12,medication_titration,szcore,20.685555555555556,0.99,0.004364189829315138,0.6932389140129089,0.5833333333333334,19.34531975585386,False,0.1111111111111111,38.2875866143847,3,33,27,False
Glass-2,lr,loo,chb12,medication_titration,ali,20.685555555555556,0.99,0.004364189829315138,0.6932389140129089,0.0,9.504925891604499,False,0.0,9.281839179244777,0,8,27,False
Glass-2,lr,loo,chb12,realtime_alert,szcore,20.685555555555556,0.99,0.004364189829315138,0.6932389140129089,0.5833333333333334,19.34531975585386,False,0.1111111111111111,38.2875866143847,3,33,27,False
Glass-2,lr,loo,chb12,realtime_alert,ali,20.685555555555556,0.99,0.004364189829315138,0.6932389140129089,0.0,9.504925891604499,False,0.0,9.281839179244777,0,8,27,False
Glass-2,lr,loo,chb22,medication_titration,szcore,30.002222222222223,0.99,0.002330941690036785,0.854397177696228,0.6666666666666666,11.800392305811224,False,1.0,18.39863713798978,3,23,3,False
Glass-2,lr,loo,chb22,medication_titration,ali,30.002222222222223,0.99,0.002330941690036785,0.854397177696228,0.0,6.63069662897964,False,0.0,4.799644470779943,0,6,3,False
Glass-2,lr,loo,chb22,realtime_alert,szcore,30.002222222222223,0.99,0.002330941690036785,0.854397177696228,0.6666666666666666,11.800392305811224,False,1.0,18.39863713798978,3,23,3,False
Glass-2,lr,loo,chb22,realtime_alert,ali,30.002222222222223,0.99,0.002330941690036785,0.854397177696228,0.0,6.63069662897964,False,0.0,4.799644470779943,0,6,3,False
Glass-2,lr,loo,chb04,medication_titration,szcore,146.6211111111111,0.99,0.0013519660365915293,0.9998179078102112,0.6363636363636364,10.370969372283433,False,0.0,7.693298676103941,0,47,4,False
Glass-2,lr,loo,chb04,medication_titration,ali,146.6211111111111,0.98,0.002337511371676943,0.9976373910903931,0.0,3.8208834529465276,True,0.0,6.383801029107525,0,39,4,False
Glass-2,lr,loo,chb04,realtime_alert,szcore,146.6211111111111,0.99,0.0013519660365915293,0.9998179078102112,0.6363636363636364,10.370969372283433,False,0.0,7.693298676103941,0,47,4,False
Glass-2,lr,loo,chb04,realtime_alert,ali,146.6211111111111,0.99,0.0013519660365915293,0.9998179078102112,0.0,1.6375214798342261,True,0.0,3.764805735114695,0,23,4,False
Glass-2,lr,loo,chb05,medication_titration,szcore,38.00222222222222,0.87,0.0006827227564568142,0.995932400226593,0.38461538461538464,4.7064292147235705,True,1.0,1.2630840301736739,5,2,5,True
Glass-2,lr,loo,chb05,medication_titration,ali,38.00222222222222,0.78,0.0024113186717410885,0.9801995754241943,0.0,4.392667267075332,True,0.0,5.683878135781533,0,9,5,False
Glass-2,lr,loo,chb05,realtime_alert,szcore,38.00222222222222,0.95,0.00024694227361203916,0.9982002973556519,0.23076923076923078,1.8825716858894281,True,0.6,1.2630840301736739,3,2,5,False
Glass-2,lr,loo,chb05,realtime_alert,ali,38.00222222222222,0.82,0.001307341448534325,0.990222692489624,0.0,1.8825716858894281,True,0.0,3.789252090521022,0,6,5,False
Glass-2,lr,loo,chb19,medication_titration,szcore,28.92888888888889,0.94,0.001387723488026851,0.7345647215843201,0.5769230769230769,4.53107855160395,True,1.0,6.6369642034106615,3,8,3,False
Glass-2,lr,loo,chb19,medication_titration,ali,28.92888888888889,0.82,0.0028722648938230167,0.6609195470809937,0.15384615384615385,4.879623055573484,True,0.0,10.785066830542325,0,13,3,False
Glass-2,lr,loo,chb19,realtime_alert,szcore,28.92888888888889,0.99,0.0007906796617827406,0.8754588961601257,0.5769230769230769,2.439811527786742,False,1.0,0.0,3,0,3,True
Glass-2,lr,loo,chb19,realtime_alert,ali,28.92888888888889,0.98,0.0009520428580649325,0.8032715320587158,0.038461538461538464,2.788356031756277,False,0.0,3.3184821017053308,0,4,3,False
Glass-2,lr,loo,chb17,medication_titration,szcore,21.006666666666668,0.9,0.001883054150087603,0.7690787315368652,0.7142857142857143,4.244240310458319,True,1.0,23.992383370358613,3,21,3,False
Glass-2,lr,loo,chb17,medication_titration,ali,21.006666666666668,0.92,0.0016374383913805243,0.785294234752655,0.10714285714285714,4.951613695534705,True,0.0,2.284988892415106,0,2,3,False
Glass-2,lr,loo,chb17,realtime_alert,szcore,21.006666666666668,0.98,0.0007204728922074307,0.8302011489868164,0.5357142857142857,1.7684334626909661,True,0.6666666666666666,10.282450015867978,2,9,3,False
Glass-2,lr,loo,chb17,realtime_alert,ali,21.006666666666668,0.98,0.0007204728922074307,0.8302011489868164,0.0,1.7684334626909661,True,0.0,0.0,0,0,3,False
Glass-2,lr,loo,chb23,medication_titration,szcore,26.555555555555557,0.88,0.0024969335903276676,0.7752225995063782,0.8461538461538461,4.415629928158402,True,0.0,21.690376569037653,0,24,7,False
Glass-2,lr,loo,chb23,medication_titration,ali,26.555555555555557,0.94,0.001489398983704223,0.8001569509506226,0.038461538461538464,4.731032065884002,True,0.0,2.7112970711297066,0,3,7,False
Glass-2,lr,loo,chb23,realtime_alert,szcore,26.555555555555557,0.97,0.0008615150984171485,0.8216710090637207,0.6153846153846154,1.2616085509024006,True,0.0,9.03765690376569,0,10,7,False
Glass-2,lr,loo,chb23,realtime_alert,ali,26.555555555555557,0.98,0.000686291688569593,0.8393754959106445,0.0,1.8924128263536009,True,0.0,1.807531380753138,0,2,7,False
Glass-2,lr,loo,chb24,medication_titration,szcore,21.295555555555556,0.91,0.001828282117994515,0.9895429611206055,0.23333333333333334,3.5440545671893675,True,0.8125,5.634978607951581,13,5,16,False
Glass-2,lr,loo,chb24,medication_titration,ali,21.295555555555556,0.85,0.00419567306565408,0.972195029258728,0.06666666666666667,4.050348076787849,True,0.0,14.650944380674112,0,13,16,False
Glass-2,lr,loo,chb24,realtime_alert,szcore,21.295555555555556,0.95,0.000878981787497363,0.9953190684318542,0.23333333333333334,0.7594402643977216,True,0.4375,4.5079828863612645,7,4,16,False
Glass-2,lr,loo,chb24,realtime_alert,ali,21.295555555555556,0.9,0.0022150341044933548,0.9854156374931335,0.03333333333333333,1.7720272835946838,True,0.0,4.5079828863612645,0,4,16,False
Glass-2,lr,loo,chb08,medication_titration,szcore,20.005555555555556,0.86,0.001247829861111111,0.9750177264213562,0.06060606060606061,4.921875,True,1.0,1.1996667592335462,5,1,5,True
Glass-2,lr,loo,chb08,medication_titration,ali,20.005555555555556,0.79,0.0025173611111111113,0.9488331079483032,0.030303030303030304,3.984375,True,0.0,7.198000555401277,0,6,5,False
Glass-2,lr,loo,chb08,realtime_alert,szcore,20.005555555555556,0.9,0.0007921006944444444,0.9800020456314087,0.06060606060606061,1.875,True,1.0,1.1996667592335462,5,1,5,True
Glass-2,lr,loo,chb08,realtime_alert,ali,20.005555555555556,0.82,0.0018663194444444445,0.9658460021018982,0.030303030303030304,1.875,True,0.0,5.998333796167731,0,5,5,False
Glass-2,lr,loo,chb11,medication_titration,szcore,34.79222222222222,0.97,0.0008772699359592946,0.9510040283203125,0.06666666666666667,4.358277041845776,True,0.2,0.0,1,0,5,False
Glass-2,lr,loo,chb11,medication_titration,ali,34.79222222222222,0.91,0.0018071760680761471,0.8980427384376526,0.03333333333333333,4.9267479603474,True,0.2,0.6898093443617667,1,1,5,False
Glass-2,lr,loo,chb11,realtime_alert,szcore,34.79222222222222,0.98,0.0007456794455654005,0.9581504464149475,0.06666666666666667,3.979296429511361,False,0.2,0.0,1,0,5,False
Glass-2,lr,loo,chb11,realtime_alert,ali,34.79222222222222,0.98,0.0007456794455654005,0.9581504464149475,0.0,1.8949030616720766,True,0.0,2.0694280330853,0,3,5,False
Glass-2,lr,loo,chb15,medication_titration,szcore,40.00888888888889,0.97,0.005521549820155234,0.5119516849517822,0.1,7.496687070107908,False,0.05,38.99133525883137,1,65,20,False
Glass-2,lr,loo,chb15,medication_titration,ali,40.00888888888889,0.99,0.00462758461117772,0.5219247341156006,0.0,8.178204076481354,False,0.0,14.996667407242834,0,25,20,False
Glass-2,lr,loo,chb15,realtime_alert,szcore,40.00888888888889,0.97,0.005521549820155234,0.5119516849517822,0.1,7.496687070107908,False,0.05,38.99133525883137,1,65,20,False
Glass-2,lr,loo,chb15,realtime_alert,ali,40.00888888888889,0.99,0.00462758461117772,0.5219247341156006,0.0,8.178204076481354,False,0.0,14.996667407242834,0,25,20,False
Glass-2,lr,loo,chb20,medication_titration,szcore,27.59888888888889,0.96,0.004618245595480465,0.6775451302528381,0.47368421052631576,6.091853732053621,False,0.125,25.2184065381054,1,29,8,False
Glass-2,lr,loo,chb20,medication_titration,ali,27.59888888888889,0.95,0.004820954848717203,0.6751008033752441,0.21052631578947367,7.614817165067026,False,0.0,12.174403156326743,0,14,8,False
Glass-2,lr,loo,chb20,realtime_alert,szcore,27.59888888888889,0.96,0.004618245595480465,0.6775451302528381,0.47368421052631576,6.091853732053621,False,0.125,25.2184065381054,1,29,8,False
Glass-2,lr,loo,chb20,realtime_alert,ali,27.59888888888889,0.95,0.004820954848717203,0.6751008033752441,0.21052631578947367,7.614817165067026,False,0.0,12.174403156326743,0,14,8,False
Glass-2,lr,loo,chb07,medication_titration,szcore,59.047777777777775,0.9,0.003546890692002359,0.9510001540184021,0.4074074074074074,3.7876010266056648,True,1.0,10.974164047946108,2,27,2,False
Glass-2,lr,loo,chb07,medication_titration,ali,59.047777777777775,0.86,0.0051409988681831945,0.8861191272735596,0.18518518518518517,4.992746807798376,True,0.5,12.59996612912331,1,31,2,False
Glass-2,lr,loo,chb07,realtime_alert,szcore,59.047777777777775,0.92,0.0032121279750043836,0.9641302227973938,0.3333333333333333,1.7216368302753022,True,0.5,10.567713527651808,1,26,2,False
Glass-2,lr,loo,chb07,realtime_alert,ali,59.047777777777775,0.88,0.004033093685737514,0.9334684014320374,0.14814814814814814,3.098946294495544,False,0.5,9.348361966768907,1,23,2,False
Glass-2,mlp,5fold,0,medication_titration,szcore,76.32555555555555,0.98,0.001146253218744228,0.7208352088928223,0.25,3.754929975336542,True,0.4444444444444444,10.691045666952965,16,34,36,False
Glass-2,mlp,5fold,0,medication_titration,ali,76.32555555555555,0.95,0.002352263714295027,0.5302620530128479,0.125,3.637588413607275,True,0.0,4.087752755011428,0,13,36,False
Glass-2,mlp,5fold,0,realtime_alert,szcore,76.32555555555555,0.99,0.0008746292332598137,0.7874630093574524,0.25,2.112148111126805,False,0.3055555555555556,8.804390549255382,11,28,36,False
Glass-2,mlp,5fold,0,realtime_alert,ali,76.32555555555555,0.99,0.0008746292332598137,0.7874630093574524,0.075,1.7601234259390042,True,0.0,1.5722125980813184,0,5,36,False
Glass-2,mlp,5fold,1,medication_titration,szcore,204.5311111111111,0.99,0.005447855729678181,0.996338963508606,0.5945945945945946,41.19731841667023,False,0.25,13.728962722324232,10,117,40,False
Glass-2,mlp,5fold,1,medication_titration,ali,204.5311111111111,0.99,0.005447855729678181,0.996338963508606,0.10810810810810811,12.451428327426449,False,0.1,15.958452395180304,4,136,40,False
Glass-2,mlp,5fold,1,realtime_alert,szcore,204.5311111111111,0.99,0.005447855729678181,0.996338963508606,0.5945945945945946,41.19731841667023,False,0.25,13.728962722324232,10,117,40,False
Glass-2,mlp,5fold,1,realtime_alert,ali,204.5311111111111,0.99,0.005447855729678181,0.996338963508606,0.10810810810810811,12.451428327426449,False,0.1,15.958452395180304,4,136,40,False
Glass-2,mlp,5fold,2,medication_titration,szcore,312.25333333333333,0.99,0.013801071582742947,0.9746052026748657,0.45714285714285713,73.36024986668697,False,0.8108108108108109,59.105854220931725,30,769,37,False
Glass-2,mlp,5fold,2,medication_titration,ali,312.25333333333333,0.99,0.013801071582742947,0.9746052026748657,0.3142857142857143,34.69185647901272,False,0.05405405405405406,43.041974465177844,2,560,37,False
Glass-2,mlp,5fold,2,realtime_alert,szcore,312.25333333333333,0.99,0.013801071582742947,0.9746052026748657,0.45714285714285713,73.36024986668697,False,0.8108108108108109,59.105854220931725,30,769,37,False
Glass-2,mlp,5fold,2,realtime_alert,ali,312.25333333333333,0.99,0.013801071582742947,0.9746052026748657,0.3142857142857143,34.69185647901272,False,0.05405405405405406,43.041974465177844,2,560,37,False
Glass-2,mlp,5fold,3,medication_titration,szcore,175.02666666666667,0.98,0.0008271505915379988,0.9999043941497803,0.5142857142857142,4.195909364347303,True,0.45714285714285713,1.6454635484116704,16,12,35,False
Glass-2,mlp,5fold,3,medication_titration,ali,175.02666666666667,0.91,0.0021180068177260878,0.9981400966644287,0.08571428571428572,4.601965109284139,True,0.14285714285714285,2.4681953226175057,5,18,35,False
Glass-2,mlp,5fold,3,realtime_alert,szcore,175.02666666666667,0.99,0.0005702326047724083,0.9999978542327881,0.5142857142857142,2.707038299578905,False,0.42857142857142855,0.0,15,0,35,False
Glass-2,mlp,5fold,3,realtime_alert,ali,175.02666666666667,0.99,0.0005702326047724083,0.9999978542327881,0.0,1.8949268097052336,True,0.02857142857142857,1.371219623676392,1,10,35,False
Glass-2,mlp,5fold,4,medication_titration,szcore,177.31555555555556,0.98,0.00020380533678831904,0.9994706511497498,0.027777777777777776,3.773310235395164,True,0.22857142857142856,0.6767595748947263,8,5,35,False
Glass-2,mlp,5fold,4,medication_titration,ali,177.31555555555556,0.73,0.004163451880104232,0.4721786081790924,0.0,4.7166377942439555,True,0.11428571428571428,5.278724684178865,4,39,35,False
Glass-2,mlp,5fold,4,realtime_alert,szcore,177.31555555555556,0.99,0.00011646019245046803,0.9999642372131348,0.0,2.5155401569301095,False,0.14285714285714285,0.6767595748947263,5,5,35,False
Glass-2,mlp,5fold,4,realtime_alert,ali,177.31555555555556,0.82,0.002576681757966605,0.6135364770889282,0.0,1.886655117697582,True,0.05714285714285714,3.3837978744736312,2,25,35,False
Glass-2,mlp,loo,chb16,medication_titration,szcore,19.0,0.99,0.01571048329507026,0.5482306480407715,0.7142857142857143,27.662726258697717,False,0.8,169.26315789473685,8,134,10,False
Glass-2,mlp,loo,chb16,medication_titration,ali,19.0,0.99,0.01571048329507026,0.5482306480407715,0.23809523809523808,41.68530638983481,False,0.0,22.736842105263158,0,18,10,False
Glass-2,mlp,loo,chb16,realtime_alert,szcore,19.0,0.99,0.01571048329507026,0.5482306480407715,0.7142857142857143,27.662726258697717,False,0.8,169.26315789473685,8,134,10,False
Glass-2,mlp,loo,chb16,realtime_alert,ali,19.0,0.99,0.01571048329507026,0.5482306480407715,0.23809523809523808,41.68530638983481,False,0.0,22.736842105263158,0,18,10,False
Glass-2,mlp,loo,chb10,medication_titration,szcore,48.022222222222226,0.99,0.0032276305506668108,0.9341213703155518,0.25,23.330431854426237,False,1.0,27.48727440999537,7,55,7,False
Glass-2,mlp,loo,chb10,medication_titration,ali,48.022222222222226,0.99,0.0032276305506668108,0.9341213703155518,0.1,7.548080894079076,False,0.42857142857142855,3.498380379453956,3,7,7,False
Glass-2,mlp,loo,chb10,realtime_alert,szcore,48.022222222222226,0.99,0.0032276305506668108,0.9341213703155518,0.25,23.330431854426237,False,1.0,27.48727440999537,7,55,7,False
Glass-2,mlp,loo,chb10,realtime_alert,ali,48.022222222222226,0.99,0.0032276305506668108,0.9341213703155518,0.1,7.548080894079076,False,0.42857142857142855,3.498380379453956,3,7,7,False
Glass-2,mlp,loo,chb01+21,medication_titration,szcore,72.38,0.99,0.017531919080927272,0.10945992916822433,0.22727272727272727,43.218066568811544,False,1.0,129.6490743299254,10,391,10,False
Glass-2,mlp,loo,chb01+21,medication_titration,ali,72.38,0.99,0.017531919080927272,0.10945992916822433,0.0,59.51340314393721,False,0.5,38.46366399557889,5,116,10,False
Glass-2,mlp,loo,chb01+21,realtime_alert,szcore,72.38,0.99,0.017531919080927272,0.10945992916822433,0.22727272727272727,43.218066568811544,False,1.0,129.6490743299254,10,391,10,False
Glass-2,mlp,loo,chb01+21,realtime_alert,ali,72.38,0.99,0.017531919080927272,0.10945992916822433,0.0,59.51340314393721,False,0.5,38.46366399557889,5,116,10,False
Glass-2,mlp,loo,chb09,medication_titration,szcore,67.86555555555556,0.99,0.0006324352026518662,0.9999912977218628,0.14285714285714285,8.243465744910532,False,1.0,1.7682018369652415,4,5,4,True
Glass-2,mlp,loo,chb09,medication_titration,ali,67.86555555555556,0.98,0.0015810880066296656,0.9994173049926758,0.0,3.297386297964213,True,0.25,1.7682018369652415,1,5,4,False
Glass-2,mlp,loo,chb09,realtime_alert,szcore,67.86555555555556,0.99,0.0006324352026518662,0.9999912977218628,0.14285714285714285,8.243465744910532,False,1.0,1.7682018369652415,4,5,4,True
Glass-2,mlp,loo,chb09,realtime_alert,ali,67.86555555555556,0.99,0.0006324352026518662,0.9999912977218628,0.0,1.4131655562703769,True,0.25,1.4145614695721933,1,4,4,False
Glass-2,mlp,loo,chb18,medication_titration,szcore,34.63333333333333,0.99,0.0003693158126734891,0.9316152334213257,0.08695652173913043,4.631935095724276,True,0.16666666666666666,5.543792107795958,1,8,6,False
Glass-2,mlp,loo,chb18,medication_titration,ali,34.63333333333333,0.9,0.0032523618341891137,0.8025063872337341,0.043478260869565216,4.889264823264514,True,0.0,5.543792107795958,0,8,6,False
Glass-2,mlp,loo,chb18,realtime_alert,szcore,34.63333333333333,0.99,0.0003693158126734891,0.9316152334213257,0.08695652173913043,4.631935095724276,False,0.16666666666666666,5.543792107795958,1,8,6,False
Glass-2,mlp,loo,chb18,realtime_alert,ali,34.63333333333333,0.95,0.001417696184133716,0.8731017708778381,0.043478260869565216,1.0293189101609503,True,0.0,0.6929740134744947,0,1,6,False
Glass-2,mlp,loo,chb13,medication_titration,szcore,33.0,0.99,0.0012885274372309732,0.93065345287323,0.05263157894736842,25.412001979476933,False,0.16666666666666666,11.636363636363637,2,16,12,False
Glass-2,mlp,loo,chb13,medication_titration,ali,33.0,0.97,0.005004715263447838,0.7731919884681702,0.0,3.630285997068133,True,0.08333333333333333,10.181818181818182,1,14,12,False
Glass-2,mlp,loo,chb13,realtime_alert,szcore,33.0,0.99,0.0012885274372309732,0.93065345287323,0.05263157894736842,25.412001979476933,False,0.16666666666666666,11.636363636363637,2,16,12,False
Glass-2,mlp,loo,chb13,realtime_alert,ali,33.0,0.98,0.0027357865152802547,0.868200957775116,0.0,0.20168255539267407,True,0.08333333333333333,5.818181818181818,1,8,12,False
Glass-2,mlp,loo,chb02,medication_titration,szcore,34.26555555555556,0.99,0.006233970117103714,0.7374551296234131,0.30434782608695654,73.73426675550606,False,0.6666666666666666,49.72923895067933,2,71,3,False
Glass-2,mlp,loo,chb02,medication_titration,ali,34.26555555555556,0.99,0.006233970117103714,0.7374551296234131,0.0,6.7031151595914595,False,0.0,15.409059956548525,0,22,3,False
Glass-2,mlp,loo,chb02,realtime_alert,szcore,34.26555555555556,0.99,0.006233970117103714,0.7374551296234131,0.30434782608695654,73.73426675550606,False,0.6666666666666666,49.72923895067933,2,71,3,False
Glass-2,mlp,loo,chb02,realtime_alert,ali,34.26555555555556,0.99,0.006233970117103714,0.7374551296234131,0.0,6.7031151595914595,False,0.0,15.409059956548525,0,22,3,False
Glass-2,mlp,loo,chb14,medication_titration,szcore,26.0,0.99,0.002748668613640268,0.6166598200798035,0.09523809523809523,43.49768081085724,False,0.125,45.23076923076923,1,49,8,False
Glass-2,mlp,loo,chb14,medication_titration,ali,26.0,0.98,0.005420985321346084,0.5401675701141357,0.0,2.8861020443222816,True,0.0,5.538461538461539,0,6,8,False
Glass-2,mlp,loo,chb14,realtime_alert,szcore,26.0,0.99,0.002748668613640268,0.6166598200798035,0.09523809523809523,43.49768081085724,False,0.125,45.23076923076923,1,49,8,False
Glass-2,mlp,loo,chb14,realtime_alert,ali,26.0,0.99,0.002748668613640268,0.6166598200798035,0.0,1.649201168184161,True,0.0,2.7692307692307696,0,3,8,False
Glass-2,mlp,loo,chb06,medication_titration,szcore,58.733333333333334,0.93,0.0010516979219462746,0.9994874000549316,0.32432432432432434,4.926507856056767,True,0.0,20.839954597048806,0,51,8,False
Glass-2,mlp,loo,chb06,medication_titration,ali,58.733333333333334,0.77,0.002534211860111505,0.9986951947212219,0.08108108108108109,4.926507856056767,True,0.0,0.0,0,0,8,False
Glass-2,mlp,loo,chb06,realtime_alert,szcore,58.733333333333334,0.97,0.0007475924987328941,0.9996422529220581,0.24324324324324326,1.9158641662442981,True,0.0,15.119182746878545,0,37,8,False
Glass-2,mlp,loo,chb06,realtime_alert,ali,58.733333333333334,0.87,0.0015712113532691332,0.9992775321006775,0.08108108108108109,1.368474404460213,True,0.0,0.0,0,0,8,False
Glass-2,mlp,loo,chb03,medication_titration,szcore,37.00111111111111,0.99,0.0013289934563966257,0.8941097259521484,0.17647058823529413,10.825665341427428,False,0.8571428571428571,6.486291702951863,6,10,7,False
Glass-2,mlp,loo,chb03,medication_titration,ali,37.00111111111111,0.97,0.002162430030747052,0.7626933455467224,0.029411764705882353,4.987104258410389,True,0.0,5.837662532656677,0,9,7,False
Glass-2,mlp,loo,chb03,realtime_alert,szcore,37.00111111111111,0.99,0.0013289934563966257,0.8941097259521484,0.17647058823529413,10.825665341427428,False,0.8571428571428571,6.486291702951863,6,10,7,False
Glass-2,mlp,loo,chb03,realtime_alert,ali,37.00111111111111,0.99,0.0013289934563966257,0.8941097259521484,0.0,2.676007163049477,False,0.0,3.2431458514759317,0,5,7,False
Glass-2,mlp,loo,chb12,medication_titration,szcore,20.685555555555556,0.99,0.0028421592126856594,0.6870496869087219,0.75,25.71921123610629,False,0.18518518518518517,26.68528764032873,5,23,27,False
Glass-2,mlp,loo,chb12,medication_titration,ali,20.685555555555556,0.99,0.0028421592126856594,0.6870496869087219,0.25,4.696551617028105,True,0.0,3.4806896922167914,0,3,27,False
Glass-2,mlp,loo,chb12,realtime_alert,szcore,20.685555555555556,0.99,0.0028421592126856594,0.6870496869087219,0.75,25.71921123610629,False,0.18518518518518517,26.68528764032873,5,23,27,False
Glass-2,mlp,loo,chb12,realtime_alert,ali,20.685555555555556,0.99,0.0028421592126856594,0.6870496869087219,0.25,4.696551617028105,False,0.0,3.4806896922167914,0,3,27,False
Glass-2,mlp,loo,chb22,medication_titration,szcore,30.002222222222223,0.99,0.003631690400994813,0.8572931289672852,0.75,30.119096551975318,False,1.0,29.597807569809646,3,37,3,False
Glass-2,mlp,loo,chb22,medication_titration,ali,30.002222222222223,0.99,0.003631690400994813,0.8572931289672852,0.4166666666666667,6.743081317606414,False,1.0,0.0,3,0,3,True
Glass-2,mlp,loo,chb22,realtime_alert,szcore,30.002222222222223,0.99,0.003631690400994813,0.8572931289672852,0.75,30.119096551975318,False,1.0,29.597807569809646,3,37,3,False
Glass-2,mlp,loo,chb22,realtime_alert,ali,30.002222222222223,0.99,0.003631690400994813,0.8572931289672852,0.4166666666666667,6.743081317606414,False,1.0,0.0,3,0,3,True
Glass-2,mlp,loo,chb04,medication_titration,szcore,146.6211111111111,0.99,0.003992722126756293,0.9091129302978516,0.7272727272727273,27.837865157181845,False,1.0,31.91900514553763,4,195,4,False
Glass-2,mlp,loo,chb04,medication_titration,ali,146.6211111111111,0.99,0.003992722126756293,0.9091129302978516,0.18181818181818182,6.5500859193369045,False,0.0,8.839109117225805,0,54,4,False
Glass-2,mlp,loo,chb04,realtime_alert,szcore,146.6211111111111,0.99,0.003992722126756293,0.9091129302978516,0.7272727272727273,27.837865157181845,False,1.0,31.91900514553763,4,195,4,False
Glass-2,mlp,loo,chb04,realtime_alert,ali,146.6211111111111,0.99,0.003992722126756293,0.9091129302978516,0.18181818181818182,6.5500859193369045,False,0.0,8.839109117225805,0,54,4,False
Glass-2,mlp,loo,chb05,medication_titration,szcore,38.00222222222222,0.92,0.0007698788530257692,1.0,0.46153846153846156,4.7064292147235705,True,1.0,0.0,5,0,5,True
Glass-2,mlp,loo,chb05,medication_titration,ali,38.00222222222222,0.54,0.004125388570930537,0.9981021285057068,0.15384615384615385,4.392667267075332,True,0.4,3.157710075434185,2,5,5,False
Glass-2,mlp,loo,chb05,realtime_alert,szcore,38.00222222222222,0.98,0.0004503064989396008,1.0,0.23076923076923078,1.56880973824119,True,1.0,0.0,5,0,5,True
Glass-2,mlp,loo,chb05,realtime_alert,ali,38.00222222222222,0.84,0.0010168211266378083,0.9999998807907104,0.0,1.8825716858894281,True,0.0,3.157710075434185,0,5,5,False
Glass-2,mlp,loo,chb19,medication_titration,szcore,28.92888888888889,0.99,0.0014684050861679468,0.7667447924613953,0.6153846153846154,6.622345575421157,False,1.0,5.8073436779843295,3,7,3,False
Glass-2,mlp,loo,chb19,medication_titration,ali,28.92888888888889,0.96,0.0019524946750145227,0.6495904922485352,0.15384615384615385,4.53107855160395,True,0.3333333333333333,3.3184821017053308,1,4,3,False
Glass-2,mlp,loo,chb19,realtime_alert,szcore,28.92888888888889,0.99,0.0014684050861679468,0.7667447924613953,0.6153846153846154,6.622345575421157,False,1.0,5.8073436779843295,3,7,3,False
Glass-2,mlp,loo,chb19,realtime_alert,ali,28.92888888888889,0.97,0.0018556767572452074,0.6543588042259216,0.15384615384615385,4.182534047634415,False,0.3333333333333333,3.3184821017053308,1,4,3,False
Glass-2,mlp,loo,chb17,medication_titration,szcore,21.006666666666668,0.99,0.001883054150087603,0.8653953671455383,0.75,6.366360465687478,False,1.0,25.134877816566167,3,22,3,False
Glass-2,mlp,loo,chb17,medication_titration,ali,21.006666666666668,0.99,0.001883054150087603,0.8653953671455383,0.07142857142857142,7.0737338507638645,False,0.0,2.284988892415106,0,2,3,False
Glass-2,mlp,loo,chb17,realtime_alert,szcore,21.006666666666668,0.99,0.001883054150087603,0.8653953671455383,0.75,6.366360465687478,False,1.0,25.134877816566167,3,22,3,False
Glass-2,mlp,loo,chb17,realtime_alert,ali,21.006666666666668,0.99,0.001883054150087603,0.8653953671455383,0.07142857142857142,7.0737338507638645,False,0.0,2.284988892415106,0,2,3,False
Glass-2,mlp,loo,chb23,medication_titration,szcore,26.555555555555557,0.99,0.0027013609018164825,0.6266132593154907,0.9230769230769231,5.046434203609603,False,0.7142857142857143,33.43933054393305,5,37,7,False
Glass-2,mlp,loo,chb23,medication_titration,ali,26.555555555555557,0.99,0.0027013609018164825,0.6266132593154907,0.15384615384615385,5.992640616786403,False,0.0,4.518828451882845,0,5,7,False
Glass-2,mlp,loo,chb23,realtime_alert,szcore,26.555555555555557,0.99,0.0027013609018164825,0.6266132593154907,0.9230769230769231,5.046434203609603,False,0.7142857142857143,33.43933054393305,5,37,7,False
Glass-2,mlp,loo,chb23,realtime_alert,ali,26.555555555555557,0.99,0.0027013609018164825,0.6266132593154907,0.15384615384615385,5.992640616786403,False,0.0,4.518828451882845,0,5,7,False
Glass-2,mlp,loo,chb24,medication_titration,szcore,21.295555555555556,0.82,0.002847900991491456,0.9996376037597656,0.3333333333333333,4.30349483158709,True,0.9375,11.269957215903162,15,10,16,False
Glass-2,mlp,loo,chb24,medication_titration,ali,21.295555555555556,0.54,0.005121533881817969,0.9789941310882568,0.13333333333333333,4.809788341185571,True,0.25,12.396952937493479,4,11,16,False
Glass-2,mlp,loo,chb24,realtime_alert,szcore,21.295555555555556,0.97,0.001687645031994937,0.9999983310699463,0.3333333333333333,1.7720272835946838,True,0.6875,4.5079828863612645,11,4,16,False
Glass-2,mlp,loo,chb24,realtime_alert,ali,21.295555555555556,0.97,0.001687645031994937,0.9999983310699463,0.06666666666666667,2.0251740383939243,False,0.0625,2.2539914431806323,1,2,16,False
Glass-2,mlp,loo,chb08,medication_titration,szcore,20.005555555555556,0.93,0.0016493055555555556,0.9678449034690857,0.15151515151515152,4.21875,True,1.0,3.5990002777006387,5,3,5,True
Glass-2,mlp,loo,chb08,medication_titration,ali,20.005555555555556,0.84,0.0030164930555555557,0.8552948832511902,0.09090909090909091,4.921875,True,0.0,7.198000555401277,0,6,5,False
Glass-2,mlp,loo,chb08,realtime_alert,szcore,20.005555555555556,0.96,0.0012586805555555556,0.9806810021400452,0.15151515151515152,1.171875,True,1.0,2.3993335184670923,5,2,5,False
Glass-2,mlp,loo,chb08,realtime_alert,ali,20.005555555555556,0.89,0.0022352430555555554,0.9498497843742371,0.09090909090909091,1.875,True,0.0,8.397667314634823,0,7,5,False
Glass-2,mlp,loo,chb11,medication_titration,szcore,34.79222222222222,0.91,0.0005614527590139486,0.9998760223388672,0.06666666666666667,4.9267479603474,True,0.4,0.0,2,0,5,False
Glass-2,mlp,loo,chb11,medication_titration,ali,34.79222222222222,0.67,0.00294762698482323,0.9709120392799377,0.0,4.358277041845776,True,0.2,3.449046721808833,1,5,5,False
Glass-2,mlp,loo,chb11,realtime_alert,szcore,34.79222222222222,0.99,0.00022809018334941662,0.9999845027923584,0.06666666666666667,1.705412755504869,True,0.4,0.0,2,0,5,False
Glass-2,mlp,loo,chb11,realtime_alert,ali,34.79222222222222,0.77,0.0013422230020177209,0.9982301592826843,0.0,1.8949030616720766,True,0.0,3.449046721808833,0,5,5,False
Glass-2,mlp,loo,chb15,medication_titration,szcore,40.00888888888889,0.98,0.0005468963631391851,0.6759392619132996,0.1,4.316274373698492,True,0.0,6.598533659186847,0,11,20,False
Glass-2,mlp,loo,chb15,medication_titration,ali,40.00888888888889,0.78,0.003954481395006416,0.13664299249649048,0.05,4.543446709156307,True,0.0,10.79760053321484,0,18,20,False
Glass-2,mlp,loo,chb15,realtime_alert,szcore,40.00888888888889,0.99,0.00044172398561241876,0.755042314529419,0.1,3.634757367325046,False,0.0,5.998666962897134,0,10,20,False
Glass-2,mlp,loo,chb15,realtime_alert,ali,40.00888888888889,0.87,0.002113964788288004,0.24684980511665344,0.05,1.817378683662523,True,0.0,5.39880026660742,0,9,20,False
Glass-2,mlp,loo,chb20,medication_titration,szcore,27.59888888888889,0.99,0.0010135462661836898,0.9175957441329956,0.47368421052631576,4.568890299040215,True,0.25,11.304802930874834,2,13,8,False
Glass-2,mlp,loo,chb20,medication_titration,ali,27.59888888888889,0.95,0.0031640270396516928,0.8482927083969116,0.21052631578947367,3.4266677242801618,True,0.0,6.087201578163372,0,7,8,False
Glass-2,mlp,loo,chb20,realtime_alert,szcore,27.59888888888889,0.99,0.0010135462661836898,0.9175957441329956,0.47368421052631576,4.568890299040215,False,0.25,11.304802930874834,2,13,8,False
Glass-2,mlp,loo,chb20,realtime_alert,ali,27.59888888888889,0.96,0.0024501379304266587,0.866625189781189,0.21052631578947367,1.7133338621400809,True,0.0,3.478400901807641,0,4,8,False
Glass-2,mlp,loo,chb07,medication_titration,szcore,59.047777777777775,0.95,0.0009644354465894056,0.9347375631332397,0.4444444444444444,4.992746807798376,True,1.0,10.161263007357508,2,25,2,False
Glass-2,mlp,loo,chb07,medication_titration,ali,59.047777777777775,0.87,0.003666448805215922,0.749251663684845,0.18518518518518517,4.992746807798376,True,1.0,3.2516041623544023,2,8,2,True
Glass-2,mlp,loo,chb07,realtime_alert,szcore,59.047777777777775,0.97,0.0007253192201622802,0.9512947797775269,0.4444444444444444,0.8608184151376511,True,1.0,6.503208324708805,2,16,2,False
Glass-2,mlp,loo,chb07,realtime_alert,ali,59.047777777777775,0.91,0.0019129298114170027,0.8644264936447144,0.18518518518518517,1.549473147247772,True,0.0,2.0322526014715017,0,5,2,False
Best-7,rf,5fold,0,medication_titration,szcore,75.74777777777778,0.81,0.001222307934679864,0.4666666666666667,0.175,4.928345592629212,True,0.1111111111111111,12.673639123993368,4,40,36,False
Best-7,rf,5fold,0,medication_titration,ali,75.74777777777778,0.67,0.002868349286715414,0.38,0.125,4.928345592629212,True,0.0,6.653660540096519,0,21,36,False
Best-7,rf,5fold,0,realtime_alert,szcore,75.74777777777778,0.91,0.0005595454100978933,0.5566666666666666,0.175,1.877464987668271,True,0.05555555555555555,5.069455649597347,2,16,36,False
Best-7,rf,5fold,0,realtime_alert,ali,75.74777777777778,0.83,0.001048468583969839,0.4866666666666667,0.1,1.994806549397538,True,0.0,2.5347278247986735,0,8,36,False
Best-7,rf,5fold,1,medication_titration,szcore,204.5311111111111,0.97,0.0003238111504903426,0.98,0.21621621621621623,3.535590759639609,True,0.15,0.5867078086463346,6,5,40,False
Best-7,rf,5fold,1,medication_titration,ali,204.5311111111111,0.91,0.002825341247135517,0.88,0.02702702702702703,4.304197446517785,True,0.1,7.861884635860885,4,67,40,False
Best-7,rf,5fold,1,realtime_alert,szcore,204.5311111111111,0.98,0.00016012639309961996,1.0,0.16216216216216217,1.844656048507622,True,0.1,0.11734156172926694,4,1,40,False
Best-7,rf,5fold,1,realtime_alert,ali,204.5311111111111,0.93,0.0015834721095406862,0.9033333333333333,0.0,1.844656048507622,True,0.1,2.6988559197731394,4,23,40,False
Best-7,rf,5fold,2,medication_titration,szcore,312.25333333333333,0.99,0.0006348238998501815,0.9866666666666667,0.34285714285714286,4.662146720499733,True,0.32432432432432434,9.607583585977197,12,125,37,False
Best-7,rf,5fold,2,medication_titration,ali,312.25333333333333,0.97,0.0016124527056194612,0.9733333333333334,0.0,4.525024758132094,True,0.02702702702702703,1.6140740424441693,1,21,37,False
Best-7,rf,5fold,2,realtime_alert,szcore,312.25333333333333,0.99,0.0006348238998501815,0.9866666666666667,0.34285714285714286,4.662146720499733,False,0.32432432432432434,9.607583585977197,12,125,37,False
Best-7,rf,5fold,2,realtime_alert,ali,312.25333333333333,0.99,0.0006348238998501815,0.9866666666666667,0.0,1.371219623676392,True,0.02702702702702703,0.5380246808147231,1,7,37,False
Best-7,rf,5fold,3,medication_titration,szcore,175.02666666666667,0.88,0.0005639663124122719,0.9666666666666667,0.2857142857142857,4.331261279326248,True,0.34285714285714286,0.4113658871029176,12,3,35,False
Best-7,rf,5fold,3,medication_titration,ali,175.02666666666667,0.72,0.002067876478844997,0.8133333333333334,0.0,4.737317024263084,True,0.22857142857142856,2.742439247352784,8,20,35,False
Best-7,rf,5fold,3,realtime_alert,szcore,175.02666666666667,0.93,0.000300782033286545,0.9833333333333333,0.22857142857142856,1.3535191497894525,True,0.34285714285714286,0.2742439247352784,12,2,35,False
Best-7,rf,5fold,3,realtime_alert,ali,175.02666666666667,0.85,0.0007707539602967716,0.9533333333333334,0.0,1.8949268097052336,True,0.05714285714285714,1.6454635484116704,2,12,35,False
Best-7,rf,5fold,4,medication_titration,szcore,177.31555555555556,0.78,0.0002200284570137738,0.94,0.0,4.752614671497513,True,0.2,0.6767595748947263,7,5,35,False
Best-7,rf,5fold,4,medication_titration,ali,177.31555555555556,0.52,0.003139072653396506,0.5733333333333334,0.0,4.752614671497513,True,0.0,6.496891918989372,0,48,35,False
Best-7,rf,5fold,4,realtime_alert,szcore,177.31555555555556,0.81,5.867425520367301e-05,0.9933333333333333,0.0,1.2673639123993368,True,0.17142857142857143,0.0,6,0,35,False
Best-7,rf,5fold,4,realtime_alert,ali,177.31555555555556,0.58,0.001965587549323046,0.6466666666666666,0.0,1.9010458685990053,True,0.0,3.654501704431522,0,27,35,False
Best-7,lr,5fold,0,medication_titration,szcore,75.74777777777778,0.99,0.0034930844533295666,0.8765949606895447,0.15,14.080987407512033,False,0.16666666666666666,30.733574875683917,6,97,36,False
Best-7,lr,5fold,0,medication_titration,ali,75.74777777777778,0.99,0.0034930844533295666,0.8765949606895447,0.1,8.917958691424287,False,0.0,7.287342496296187,0,23,36,False
Best-7,lr,5fold,0,realtime_alert,szcore,75.74777777777778,0.99,0.0034930844533295666,0.8765949606895447,0.15,14.080987407512033,False,0.16666666666666666,30.733574875683917,6,97,36,False
Best-7,lr,5fold,0,realtime_alert,ali,75.74777777777778,0.99,0.0034930844533295666,0.8765949606895447,0.1,8.917958691424287,False,0.0,7.287342496296187,0,23,36,False
Best-7,lr,5fold,1,medication_titration,szcore,204.5311111111111,0.99,0.024993950780705126,0.9265555739402771,0.6216216216216216,62.18028096844443,False,0.325,58.43609774117493,13,498,40,False
Best-7,lr,5fold,1,medication_titration,ali,204.5311111111111,0.99,0.024993950780705126,0.9265555739402771,0.13513513513513514,43.118835133865666,False,0.2,32.85563728419474,8,280,40,False
Best-7,lr,5fold,1,realtime_alert,szcore,204.5311111111111,0.99,0.024993950780705126,0.9265555739402771,0.6216216216216216,62.18028096844443,False,0.325,58.43609774117493,13,498,40,False
Best-7,lr,5fold,1,realtime_alert,ali,204.5311111111111,0.99,0.024993950780705126,0.9265555739402771,0.13513513513513514,43.118835133865666,False,0.2,32.85563728419474,8,280,40,False
Best-7,lr,5fold,2,medication_titration,szcore,312.25333333333333,0.99,0.003942256418069627,0.9974462985992432,0.45714285714285713,22.62512379066047,False,0.16216216216216217,17.13992911738332,6,223,37,False
Best-7,lr,5fold,2,medication_titration,ali,312.25333333333333,0.99,0.003942256418069627,0.9974462985992432,0.2,6.581854193646682,False,0.0,11.298518297109185,0,147,37,False
Best-7,lr,5fold,2,realtime_alert,szcore,312.25333333333333,0.99,0.003942256418069627,0.9974462985992432,0.45714285714285713,22.62512379066047,False,0.16216216216216217,17.13992911738332,6,223,37,False
Best-7,lr,5fold,2,realtime_alert,ali,312.25333333333333,0.99,0.003942256418069627,0.9974462985992432,0.2,6.581854193646682,False,0.0,11.298518297109185,0,147,37,False
Best-7,lr,5fold,3,medication_titration,szcore,175.02666666666667,0.99,0.0028699619009424503,0.9724103808403015,0.2857142857142857,14.076599157810307,False,0.4857142857142857,19.33419669383713,17,141,35,False
Best-7,lr,5fold,3,medication_titration,ali,175.02666666666667,0.99,0.0028699619009424503,0.9724103808403015,0.0,8.391818728694606,False,0.14285714285714285,3.976536908661537,5,29,35,False
Best-7,lr,5fold,3,realtime_alert,szcore,175.02666666666667,0.99,0.0028699619009424503,0.9724103808403015,0.2857142857142857,14.076599157810307,False,0.4857142857142857,19.33419669383713,17,141,35,False
Best-7,lr,5fold,3,realtime_alert,ali,175.02666666666667,0.99,0.0028699619009424503,0.9724103808403015,0.0,8.391818728694606,False,0.14285714285714285,3.976536908661537,5,29,35,False
Best-7,lr,5fold,4,medication_titration,szcore,177.31555555555556,0.99,0.002038930368327637,0.9904695153236389,0.05555555555555555,9.822070321094861,False,0.17142857142857143,8.527170643673552,6,63,35,False
Best-7,lr,5fold,4,medication_titration,ali,177.31555555555556,0.98,0.0032710897276047703,0.9802165627479553,0.0,3.168409780998342,True,0.0,6.496891918989372,0,48,35,False
Best-7,lr,5fold,4,realtime_alert,szcore,177.31555555555556,0.99,0.002038930368327637,0.9904695153236389,0.05555555555555555,9.822070321094861,False,0.17142857142857143,8.527170643673552,6,63,35,False
Best-7,lr,5fold,4,realtime_alert,ali,177.31555555555556,0.99,0.002038930368327637,0.9904695153236389,0.0,2.2178868466988395,False,0.0,4.601965109284139,0,34,35,False
Best-7,mlp,5fold,0,medication_titration,szcore,75.74777777777778,0.99,0.004688229989460989,0.552993893623352,0.3,32.85563728419474,False,0.6666666666666666,51.64507943027298,24,163,36,False
Best-7,mlp,5fold,0,medication_titration,ali,75.74777777777778,0.99,0.004688229989460989,0.552993893623352,0.125,8.683275567965753,False,0.0,8.554706408695523,0,27,36,False
Best-7,mlp,5fold,0,realtime_alert,szcore,75.74777777777778,0.99,0.004688229989460989,0.552993893623352,0.3,32.85563728419474,False,0.6666666666666666,51.64507943027298,24,163,36,False
Best-7,mlp,5fold,0,realtime_alert,ali,75.74777777777778,0.99,0.004688229989460989,0.552993893623352,0.125,8.683275567965753,False,0.0,8.554706408695523,0,27,36,False
Best-7,mlp,5fold,1,medication_titration,szcore,204.5311111111111,0.99,0.06323925018147658,0.7401896119117737,0.9459459459459459,73.55565993424143,False,0.575,118.5149773465596,23,1010,40,False
Best-7,mlp,5fold,1,medication_titration,ali,204.5311111111111,0.97,0.07041291259233955,0.6825082302093506,0.16216216216216217,134.35244886630514,False,0.3,155.24288616782016,12,1323,40,False
Best-7,mlp,5fold,1,realtime_alert,szcore,204.5311111111111,0.99,0.06323925018147658,0.7401896119117737,0.9459459459459459,73.55565993424143,False,0.575,118.5149773465596,23,1010,40,False
Best-7,mlp,5fold,1,realtime_alert,ali,204.5311111111111,0.97,0.07041291259233955,0.6825082302093506,0.16216216216216217,134.35244886630514,False,0.3,155.24288616782016,12,1323,40,False
Best-7,mlp,5fold,2,medication_titration,szcore,312.25333333333333,0.99,0.024389934232243976,0.9990204572677612,0.5142857142857142,120.6673268835225,False,0.7567567567567568,55.10909944916521,28,717,37,False
Best-7,mlp,5fold,2,medication_titration,ali,312.25333333333333,0.99,0.024389934232243976,0.9990204572677612,0.2571428571428571,70.48068865696655,False,0.10810810810810811,89.15837567786839,4,1160,37,False
Best-7,mlp,5fold,2,realtime_alert,szcore,312.25333333333333,0.99,0.024389934232243976,0.9990204572677612,0.5142857142857142,120.6673268835225,False,0.7567567567567568,55.10909944916521,28,717,37,False
Best-7,mlp,5fold,2,realtime_alert,ali,312.25333333333333,0.99,0.024389934232243976,0.9990204572677612,0.2571428571428571,70.48068865696655,False,0.10810810810810811,89.15837567786839,4,1160,37,False
Best-7,mlp,5fold,3,medication_titration,szcore,175.02666666666667,0.99,0.003358732705033086,0.9992751479148865,0.45714285714285713,23.41588129135753,False,0.4857142857142857,24.1334653767045,17,176,35,False
Best-7,mlp,5fold,3,medication_titration,ali,175.02666666666667,0.99,0.003358732705033086,0.9992751479148865,0.0,6.7675957489472625,False,0.11428571428571428,6.9932200807496,4,51,35,False
Best-7,mlp,5fold,3,realtime_alert,szcore,175.02666666666667,0.99,0.003358732705033086,0.9992751479148865,0.45714285714285713,23.41588129135753,False,0.4857142857142857,24.1334653767045,17,176,35,False
Best-7,mlp,5fold,3,realtime_alert,ali,175.02666666666667,0.99,0.003358732705033086,0.9992751479148865,0.0,6.7675957489472625,False,0.11428571428571428,6.9932200807496,4,51,35,False
Best-7,mlp,5fold,4,medication_titration,szcore,177.31555555555556,0.99,0.0011441479764716237,0.998501181602478,0.05555555555555555,18.376776729790386,False,0.37142857142857144,9.068578303589332,13,67,35,False
Best-7,mlp,5fold,4,medication_titration,ali,177.31555555555556,0.92,0.003505786748419462,0.9257975220680237,0.0,3.8020917371980105,True,0.0,7.1736514938840985,0,53,35,False
Best-7,mlp,5fold,4,realtime_alert,szcore,177.31555555555556,0.99,0.0011441479764716237,0.998501181602478,0.05555555555555555,18.376776729790386,False,0.37142857142857144,9.068578303589332,13,67,35,False
Best-7,mlp,5fold,4,realtime_alert,ali,177.31555555555556,0.98,0.0016722162733046808,0.9918627738952637,0.0,1.9010458685990053,True,0.0,2.9777421295367956,0,22,35,False
Best-4,rf,5fold,0,medication_titration,szcore,75.74777777777778,0.87,0.0014396071230673953,0.5433333333333333,0.225,4.693662469170677,True,0.16666666666666666,12.0399571677937,6,38,36,False
Best-4,rf,5fold,0,medication_titration,ali,75.74777777777778,0.71,0.0031182433533610754,0.4266666666666667,0.125,4.928345592629212,True,0.0,6.970501518196353,0,22,36,False
Best-4,rf,5fold,0,realtime_alert,szcore,75.74777777777778,0.94,0.0007333847608079184,0.6466666666666666,0.175,1.877464987668271,True,0.1388888888888889,6.336819561996684,5,20,36,False
Best-4,rf,5fold,0,realtime_alert,ali,75.74777777777778,0.88,0.001320092569454253,0.56,0.125,1.877464987668271,True,0.0,4.118932715297845,0,13,36,False
Best-4,rf,5fold,1,medication_titration,szcore,204.5311111111111,0.98,0.00022061858604836528,0.9966666666666667,0.10810810810810811,3.4587300909517915,True,0.1,0.23468312345853387,4,2,40,False
Best-4,rf,5fold,1,medication_titration,ali,204.5311111111111,0.95,0.0028360163400088247,0.9233333333333333,0.0,3.8430334343908794,True,0.1,6.805810580297482,4,58,40,False
Best-4,rf,5fold,1,realtime_alert,szcore,204.5311111111111,0.99,5.693382865764265e-05,1.0,0.05405405405405406,0.6917460181903583,True,0.1,0.0,4,0,40,False
Best-4,rf,5fold,1,realtime_alert,ali,204.5311111111111,0.96,0.001640405938198329,0.94,0.0,1.9983773858832572,True,0.1,3.0508806049609403,4,26,40,False
Best-4,rf,5fold,2,medication_titration,szcore,312.25333333333333,0.98,0.0006665650948426906,0.9833333333333333,0.4,2.8795612097204235,True,0.21621621621621623,13.758059695119348,8,179,37,False
Best-4,rf,5fold,2,medication_titration,ali,312.25333333333333,0.92,0.0022599730834666465,0.9733333333333334,0.08571428571428572,4.525024758132094,True,0.02702702702702703,2.5364020666979803,1,33,37,False
Best-4,rf,5fold,2,realtime_alert,szcore,312.25333333333333,0.99,0.0004507249688936289,0.9866666666666667,0.4,1.371219623676392,True,0.16216216216216217,9.22328024253811,6,120,37,False
Best-4,rf,5fold,2,realtime_alert,ali,312.25333333333333,0.99,0.0004507249688936289,0.9866666666666667,0.0,1.371219623676392,True,0.0,0.3843033434390879,0,5,37,False
Best-4,rf,5fold,3,medication_titration,szcore,175.02666666666667,0.9,0.0006391618207339082,0.9566666666666667,0.2857142857142857,4.331261279326248,True,0.37142857142857144,1.0969756989411137,13,8,35,False
Best-4,rf,5fold,3,medication_titration,ali,175.02666666666667,0.75,0.002136805694806497,0.83,0.0,4.737317024263084,True,0.2857142857142857,2.4681953226175057,10,18,35,False
Best-4,rf,5fold,3,realtime_alert,szcore,175.02666666666667,0.96,0.00030704832564668137,0.9866666666666667,0.17142857142857143,1.8949268097052336,True,0.34285714285714286,0.0,12,0,35,False
Best-4,rf,5fold,3,realtime_alert,ali,175.02666666666667,0.85,0.000990074192901544,0.9233333333333333,0.0,1.8949268097052336,True,0.05714285714285714,2.1939513978822274,2,16,35,False
Best-4,rf,5fold,4,medication_titration,szcore,177.31555555555556,0.84,0.0002200284570137738,0.9633333333333334,0.0,4.752614671497513,True,0.2,1.2181672348105073,7,9,35,False
Best-4,rf,5fold,4,medication_titration,ali,177.31555555555556,0.59,0.0029923870153873234,0.61,0.0,4.435773693397679,True,0.0,6.090836174052536,0,45,35,False
Best-4,rf,5fold,4,realtime_alert,szcore,177.31555555555556,0.87,8.801138280550951e-05,0.9866666666666667,0.0,1.9010458685990053,True,0.11428571428571428,0.541407659915781,4,4,35,False
Best-4,rf,5fold,4,realtime_alert,ali,177.31555555555556,0.68,0.0014081821248881521,0.7366666666666667,0.0,1.584204890499171,True,0.0,2.9777421295367956,0,22,35,False
Best-4,lr,5fold,0,medication_titration,szcore,75.74777777777778,0.99,0.001434174643357707,0.9133614301681519,0.15,2.5815143580438726,True,0.027777777777777776,18.05993575169055,1,57,36,False
Best-4,lr,5fold,0,medication_titration,ali,75.74777777777778,0.97,0.0030150262388769977,0.8727248907089233,0.1,4.576320907441411,True,0.0,6.653660540096519,0,21,36,False
Best-4,lr,5fold,0,realtime_alert,szcore,75.74777777777778,0.99,0.001434174643357707,0.9133614301681519,0.15,2.5815143580438726,False,0.027777777777777776,18.05993575169055,1,57,36,False
Best-4,lr,5fold,0,realtime_alert,ali,75.74777777777778,0.99,0.001434174643357707,0.9133614301681519,0.075,2.229489672856072,False,0.0,2.5347278247986735,0,8,36,False
Best-4,lr,5fold,1,medication_titration,szcore,204.5311111111111,0.99,0.010180480236844727,0.9343348741531372,0.4594594594594595,44.50232717024638,False,0.25,37.66664131509469,10,321,40,False
Best-4,lr,5fold,1,medication_titration,ali,204.5311111111111,0.99,0.010180480236844727,0.9343348741531372,0.0,20.291216533583842,False,0.175,26.04982670389726,7,222,40,False
Best-4,lr,5fold,1,realtime_alert,szcore,204.5311111111111,0.99,0.010180480236844727,0.9343348741531372,0.4594594594594595,44.50232717024638,False,0.25,37.66664131509469,10,321,40,False
Best-4,lr,5fold,1,realtime_alert,ali,204.5311111111111,0.99,0.010180480236844727,0.9343348741531372,0.0,20.291216533583842,False,0.175,26.04982670389726,7,222,40,False
Best-4,lr,5fold,2,medication_titration,szcore,312.25333333333333,0.99,0.002196490693481628,0.9993535876274109,0.42857142857142855,10.558391102308219,False,0.08108108108108109,10.914214953670097,3,142,37,False
Best-4,lr,5fold,2,medication_titration,ali,312.25333333333333,0.98,0.0036692821411340496,0.9962751865386963,0.17142857142857143,4.662146720499733,True,0.0,9.607583585977197,0,125,37,False
Best-4,lr,5fold,2,realtime_alert,szcore,312.25333333333333,0.99,0.002196490693481628,0.9993535876274109,0.42857142857142855,10.558391102308219,False,0.08108108108108109,10.914214953670097,3,142,37,False
Best-4,lr,5fold,2,realtime_alert,ali,312.25333333333333,0.99,0.002196490693481628,0.9993535876274109,0.14285714285714285,1.919707473146949,True,0.0,6.379435501088859,0,83,37,False
Best-4,lr,5fold,3,medication_titration,szcore,175.02666666666667,0.99,0.0007832865450170443,0.9995542168617249,0.17142857142857143,1.624222979747343,True,0.22857142857142856,0.4113658871029176,8,3,35,False
Best-4,lr,5fold,3,medication_titration,ali,175.02666666666667,0.98,0.0013848506115901344,0.9750545620918274,0.0,4.872668939242029,True,0.11428571428571428,2.056829435514588,4,15,35,False
Best-4,lr,5fold,3,realtime_alert,szcore,175.02666666666667,0.99,0.0007832865450170443,0.9995542168617249,0.17142857142857143,1.624222979747343,True,0.22857142857142856,0.4113658871029176,8,3,35,False
Best-4,lr,5fold,3,realtime_alert,ali,175.02666666666667,0.99,0.0007832865450170443,0.9995542168617249,0.0,3.113094044515741,False,0.08571428571428572,0.8227317742058352,3,6,35,False
Best-4,lr,5fold,4,medication_titration,szcore,177.31555555555556,0.99,0.00020535989321285552,0.9998570680618286,0.027777777777777776,3.4852507590981765,True,0.02857142857142857,1.2181672348105073,1,9,35,False
Best-4,lr,5fold,4,medication_titration,ali,177.31555555555556,0.95,0.0019949246769248824,0.9810468554496765,0.0,4.118932715297845,True,0.0,4.466613194305194,0,33,35,False
Best-4,lr,5fold,4,realtime_alert,szcore,177.31555555555556,0.99,0.00020535989321285552,0.9998570680618286,0.027777777777777776,3.4852507590981765,False,0.02857142857142857,1.2181672348105073,1,9,35,False
Best-4,lr,5fold,4,realtime_alert,ali,177.31555555555556,0.97,0.0010267994660642776,0.993432879447937,0.0,1.2673639123993368,True,0.0,3.3837978744736312,0,25,35,False
Best-4,mlp,5fold,0,medication_titration,szcore,75.74777777777778,0.99,0.0013472549680026945,0.986501157283783,0.2,7.627201512402351,False,0.0,3.168409780998342,0,10,36,False
Best-4,mlp,5fold,0,medication_titration,ali,75.74777777777778,0.92,0.0038081682764914875,0.5982569456100464,0.15,4.928345592629212,True,0.0,6.01997858389685,0,19,36,False
Best-4,mlp,5fold,0,realtime_alert,szcore,75.74777777777778,0.99,0.0013472549680026945,0.986501157283783,0.2,7.627201512402351,False,0.0,3.168409780998342,0,10,36,False
Best-4,mlp,5fold,0,realtime_alert,ali,75.74777777777778,0.97,0.00202631493171373,0.9037408232688904,0.15,1.4080987407512033,True,0.0,3.4852507590981765,0,11,36,False
Best-4,mlp,5fold,1,medication_titration,szcore,204.5311111111111,0.99,0.04754330529342272,0.9108796715736389,0.5135135135135135,59.105854220931725,False,0.4,91.99578439574528,16,784,40,False
Best-4,mlp,5fold,1,medication_titration,ali,204.5311111111111,0.84,0.07911667164837667,0.6875002384185791,0.1891891891891892,109.83389555489133,False,0.25,155.47756929127868,10,1325,40,False
Best-4,mlp,5fold,1,realtime_alert,szcore,204.5311111111111,0.99,0.04754330529342272,0.9108796715736389,0.5135135135135135,59.105854220931725,False,0.4,91.99578439574528,16,784,40,False
Best-4,mlp,5fold,1,realtime_alert,ali,204.5311111111111,0.84,0.07911667164837667,0.6875002384185791,0.1891891891891892,109.83389555489133,False,0.25,155.47756929127868,10,1325,40,False
Best-4,mlp,5fold,2,medication_titration,szcore,312.25333333333333,0.99,0.010252405982580433,0.9999959468841553,0.5714285714285714,95.02551992077397,False,0.40540540540540543,40.96673641060677,15,533,37,False
Best-4,mlp,5fold,2,medication_titration,ali,312.25333333333333,0.99,0.010252405982580433,0.9999959468841553,0.4,17.277367258322542,False,0.0,32.97322686707374,0,429,37,False
Best-4,mlp,5fold,2,realtime_alert,szcore,312.25333333333333,0.99,0.010252405982580433,0.9999959468841553,0.5714285714285714,95.02551992077397,False,0.40540540540540543,40.96673641060677,15,533,37,False
Best-4,mlp,5fold,2,realtime_alert,ali,312.25333333333333,0.99,0.010252405982580433,0.9999959468841553,0.4,17.277367258322542,False,0.0,32.97322686707374,0,429,37,False
Best-4,mlp,5fold,3,medication_titration,szcore,175.02666666666667,0.99,0.0014976438740725887,0.9975804090499878,0.34285714285714286,11.234208943252456,False,0.45714285714285713,7.130342043117238,16,52,35,False
Best-4,mlp,5fold,3,medication_titration,ali,175.02666666666667,0.98,0.0020929416482855425,0.9920811653137207,0.0,4.601965109284139,True,0.22857142857142856,1.0969756989411137,8,8,35,False
Best-4,mlp,5fold,3,realtime_alert,szcore,175.02666666666667,0.99,0.0014976438740725887,0.9975804090499878,0.34285714285714286,11.234208943252456,False,0.45714285714285713,7.130342043117238,16,52,35,False
Best-4,mlp,5fold,3,realtime_alert,ali,175.02666666666667,0.99,0.0014976438740725887,0.9975804090499878,0.0,3.9252055343894123,False,0.14285714285714285,1.6454635484116704,5,12,35,False
Best-4,mlp,5fold,4,medication_titration,szcore,177.31555555555556,0.99,0.0007040910624440761,0.9979007244110107,0.0,13.624162058292871,False,0.37142857142857144,3.9252055343894123,13,29,35,False
Best-4,mlp,5fold,4,medication_titration,ali,177.31555555555556,0.9,0.003799158024437827,0.9098424315452576,0.0,4.435773693397679,True,0.0,10.55744936835773,0,78,35,False
Best-4,mlp,5fold,4,realtime_alert,szcore,177.31555555555556,0.99,0.0007040910624440761,0.9979007244110107,0.0,13.624162058292871,False,0.37142857142857144,3.9252055343894123,13,29,35,False
Best-4,mlp,5fold,4,realtime_alert,ali,177.31555555555556,0.96,0.0018482390389156997,0.9808657169342041,0.0,1.584204890499171,True,0.0,5.14337276919992,0,38,35,False
Best-2,rf,5fold,0,medication_titration,szcore,75.74777777777778,0.91,0.001260335292647682,0.65,0.25,4.693662469170677,True,0.16666666666666666,11.089434233494197,6,35,36,False
Best-2,rf,5fold,0,medication_titration,ali,75.74777777777778,0.78,0.003096513434522322,0.5,0.15,4.811004030899944,True,0.0,6.336819561996684,0,20,36,False
Best-2,rf,5fold,0,realtime_alert,szcore,75.74777777777778,0.95,0.0006844924434207238,0.7466666666666667,0.225,1.994806549397538,True,0.1388888888888889,7.604183474396021,5,24,36,False
Best-2,rf,5fold,0,realtime_alert,ali,75.74777777777778,0.89,0.0015373917578417845,0.6266666666666667,0.15,1.7601234259390042,True,0.0,1.9010458685990053,0,6,36,False
Best-2,rf,5fold,1,medication_titration,szcore,204.5311111111111,0.99,0.0020069174601819034,0.9866666666666667,0.13513513513513514,19.44574917801785,False,0.125,13.259596475407164,5,113,40,False
Best-2,rf,5fold,1,medication_titration,ali,204.5311111111111,0.99,0.0020069174601819034,0.9866666666666667,0.0,3.8430334343908794,True,0.1,3.754929975336542,4,32,40,False
Best-2,rf,5fold,1,realtime_alert,szcore,204.5311111111111,0.99,0.0020069174601819034,0.9866666666666667,0.13513513513513514,19.44574917801785,False,0.125,13.259596475407164,5,113,40,False
Best-2,rf,5fold,1,realtime_alert,ali,204.5311111111111,0.99,0.0020069174601819034,0.9866666666666667,0.0,3.8430334343908794,False,0.1,3.754929975336542,4,32,40,False
Best-2,rf,5fold,2,medication_titration,szcore,312.25333333333333,0.98,0.0008506640257992433,0.9766666666666667,0.42857142857142855,4.525024758132094,True,0.24324324324324326,13.06631367692899,9,170,37,False
Best-2,rf,5fold,2,medication_titration,ali,312.25333333333333,0.96,0.002069525913511592,0.9633333333333334,0.11428571428571428,3.7022929839262586,True,0.0,3.2281480848883386,0,42,37,False
Best-2,rf,5fold,2,realtime_alert,szcore,312.25333333333333,0.99,0.0004380284908966253,0.9833333333333333,0.37142857142857144,1.371219623676392,True,0.13513513513513514,7.839788206157394,5,102,37,False
Best-2,rf,5fold,2,realtime_alert,ali,312.25333333333333,0.99,0.0004380284908966253,0.9833333333333333,0.0,1.5083415860440312,True,0.0,0.6917460181903583,0,9,37,False
Best-2,rf,5fold,3,medication_titration,szcore,175.02666666666667,0.93,0.0007644876679366353,0.96,0.2857142857142857,4.331261279326248,True,0.42857142857142855,3.565171021558619,15,26,35,False
Best-2,rf,5fold,3,medication_titration,ali,175.02666666666667,0.86,0.0018986865851213155,0.8766666666666667,0.0,4.601965109284139,True,0.14285714285714285,3.153805134455702,5,23,35,False
Best-2,rf,5fold,3,realtime_alert,szcore,175.02666666666667,0.99,0.00012532584720272708,0.9933333333333333,0.11428571428571428,0.8121114898736715,True,0.22857142857142856,0.5484878494705568,8,4,35,False
Best-2,rf,5fold,3,realtime_alert,ali,175.02666666666667,0.95,0.0005952977742129537,0.97,0.0,1.7595748947262884,True,0.02857142857142857,1.371219623676392,1,10,35,False
Best-2,rf,5fold,4,medication_titration,szcore,177.31555555555556,0.89,0.00018924781273201054,0.9766666666666667,0.027777777777777776,3.773310235395164,True,0.2,1.8949268097052336,7,14,35,False
Best-2,rf,5fold,4,medication_titration,ali,177.31555555555556,0.7,0.0026494693782481474,0.7533333333333333,0.0,4.402195274627691,True,0.0,5.684780429115701,0,42,35,False
Best-2,rf,5fold,4,realtime_alert,szcore,177.31555555555556,0.94,7.278762028154251e-05,0.99,0.0,1.5722125980813184,True,0.14285714285714285,1.2181672348105073,5,9,35,False
Best-2,rf,5fold,4,realtime_alert,ali,177.31555555555556,0.79,0.0011354868763920633,0.88,0.0,1.886655117697582,True,0.0,2.57168638459996,0,19,35,False
Best-2,lr,5fold,0,medication_titration,szcore,75.74777777777778,0.98,0.0019991525331652885,0.8912061452865601,0.175,4.106954660524343,True,0.1388888888888889,20.27782259838939,5,64,36,False
Best-2,lr,5fold,0,medication_titration,ali,75.74777777777778,0.97,0.0026890774562957007,0.87013179063797,0.125,3.754929975336542,True,0.0,6.01997858389685,0,19,36,False
Best-2,lr,5fold,0,realtime_alert,szcore,75.74777777777778,0.99,0.0015156618390030313,0.9051116108894348,0.15,2.6988559197731394,False,0.1111111111111111,16.47573086119138,4,52,36,False
Best-2,lr,5fold,0,realtime_alert,ali,75.74777777777778,0.99,0.0015156618390030313,0.9051116108894348,0.075,2.9335390432316735,False,0.0,2.851568802898508,0,9,36,False
Best-2,lr,5fold,1,medication_titration,szcore,204.5311111111111,0.99,0.01350755084902572,0.9706750512123108,0.5945945945945946,50.113155984457066,False,0.225,15.841110833451037,9,135,40,False
Best-2,lr,5fold,1,medication_titration,ali,204.5311111111111,0.99,0.01350755084902572,0.9706750512123108,0.05405405405405406,28.05414407105342,False,0.1,23.820337031041188,4,203,40,False
Best-2,lr,5fold,1,realtime_alert,szcore,204.5311111111111,0.99,0.01350755084902572,0.9706750512123108,0.5945945945945946,50.113155984457066,False,0.225,15.841110833451037,9,135,40,False
Best-2,lr,5fold,1,realtime_alert,ali,204.5311111111111,0.99,0.01350755084902572,0.9706750512123108,0.05405405405405406,28.05414407105342,False,0.1,23.820337031041188,4,203,40,False
Best-2,lr,5fold,2,medication_titration,szcore,312.25333333333333,0.99,0.0017076762905969883,0.9862105250358582,0.42857142857142855,3.0166831720880625,True,0.16216216216216217,8.070370212220846,6,105,37,False
Best-2,lr,5fold,2,medication_titration,ali,312.25333333333333,0.98,0.002615474467382748,0.9694167971611023,0.11428571428571428,2.742439247352784,True,0.0,6.840599513215765,0,89,37,False
Best-2,lr,5fold,2,realtime_alert,szcore,312.25333333333333,0.99,0.0017076762905969883,0.9862105250358582,0.42857142857142855,3.0166831720880625,False,0.16216216216216217,8.070370212220846,6,105,37,False
Best-2,lr,5fold,2,realtime_alert,ali,312.25333333333333,0.99,0.0017076762905969883,0.9862105250358582,0.11428571428571428,1.6454635484116704,True,0.0,5.1496648020837785,0,67,37,False
Best-2,lr,5fold,3,medication_titration,szcore,175.02666666666667,0.99,0.00021305394024463605,1.0,0.11428571428571428,1.4888710647683978,True,0.11428571428571428,0.1371219623676392,4,1,35,False
Best-2,lr,5fold,3,medication_titration,ali,175.02666666666667,0.98,0.0007206236214156807,0.9991746544837952,0.0,1.624222979747343,True,0.0,1.2340976613087529,0,9,35,False
Best-2,lr,5fold,3,realtime_alert,szcore,175.02666666666667,0.99,0.00021305394024463605,1.0,0.11428571428571428,1.4888710647683978,True,0.11428571428571428,0.1371219623676392,4,1,35,False
Best-2,lr,5fold,3,realtime_alert,ali,175.02666666666667,0.98,0.0007206236214156807,0.9991746544837952,0.0,1.624222979747343,True,0.0,1.2340976613087529,0,9,35,False
Best-2,lr,5fold,4,medication_titration,szcore,177.31555555555556,0.96,0.0019507082235453394,0.9609517455101013,0.027777777777777776,4.087752755011428,True,0.3142857142857143,11.369560858231402,11,84,35,False
Best-2,lr,5fold,4,medication_titration,ali,177.31555555555556,0.86,0.004614735125849796,0.9306607246398926,0.0,4.402195274627691,True,0.0,13.805895327852417,0,102,35,False
Best-2,lr,5fold,4,realtime_alert,szcore,177.31555555555556,0.99,0.0011063718282794462,0.9742591381072998,0.027777777777777776,1.5722125980813184,True,0.22857142857142856,5.278724684178865,8,39,35,False
Best-2,lr,5fold,4,realtime_alert,ali,177.31555555555556,0.92,0.0027659295706986154,0.9505903124809265,0.0,1.886655117697582,True,0.0,7.0382995789051535,0,52,35,False
Best-2,mlp,5fold,0,medication_titration,szcore,75.74777777777778,0.97,0.0011625506578732928,0.787610650062561,0.25,4.458979345712144,True,0.1111111111111111,7.604183474396021,4,24,36,False
Best-2,mlp,5fold,0,medication_titration,ali,75.74777777777778,0.86,0.003569139169265203,0.48058080673217773,0.15,4.811004030899944,True,0.0,9.505229342995026,0,30,36,False
Best-2,mlp,5fold,0,realtime_alert,szcore,75.74777777777778,0.99,0.0008583317941307489,0.8406553268432617,0.2,1.7601234259390042,True,0.08333333333333333,5.703137605797016,3,18,36,False
Best-2,mlp,5fold,0,realtime_alert,ali,75.74777777777778,0.93,0.0019774226143265353,0.637911856174469,0.15,1.994806549397538,True,0.0,4.118932715297845,0,13,36,False
Best-2,mlp,5fold,1,medication_titration,szcore,204.5311111111111,0.99,0.02632122066128642,0.9651994109153748,0.5945945945945946,48.26849993594944,False,0.2,56.67597431523593,8,483,40,False
Best-2,mlp,5fold,1,medication_titration,ali,204.5311111111111,0.99,0.02632122066128642,0.9651994109153748,0.08108108108108109,93.61629446176183,False,0.1,72.0477189017699,4,614,40,False
Best-2,mlp,5fold,1,realtime_alert,szcore,204.5311111111111,0.99,0.02632122066128642,0.9651994109153748,0.5945945945945946,48.26849993594944,False,0.2,56.67597431523593,8,483,40,False
Best-2,mlp,5fold,1,realtime_alert,ali,204.5311111111111,0.99,0.02632122066128642,0.9651994109153748,0.08108108108108109,93.61629446176183,False,0.1,72.0477189017699,4,614,40,False
Best-2,mlp,5fold,2,medication_titration,szcore,312.25333333333333,0.99,0.004627866229907823,0.9853978157043457,0.45714285714285713,27.2872705111602,False,0.7027027027027027,37.123702976215895,26,483,37,False
Best-2,mlp,5fold,2,medication_titration,ali,312.25333333333333,0.99,0.004627866229907823,0.9853978157043457,0.2571428571428571,10.009903252837661,False,0.08108108108108109,8.762116230411205,3,114,37,False
Best-2,mlp,5fold,2,realtime_alert,szcore,312.25333333333333,0.99,0.004627866229907823,0.9853978157043457,0.45714285714285713,27.2872705111602,False,0.7027027027027027,37.123702976215895,26,483,37,False
Best-2,mlp,5fold,2,realtime_alert,ali,312.25333333333333,0.99,0.004627866229907823,0.9853978157043457,0.2571428571428571,10.009903252837661,False,0.08108108108108109,8.762116230411205,3,114,37,False
Best-2,mlp,5fold,3,medication_titration,szcore,175.02666666666667,0.99,0.00060156406657309,0.9999731779098511,0.2857142857142857,3.9252055343894123,True,0.42857142857142855,0.4113658871029176,15,3,35,False
Best-2,mlp,5fold,3,medication_titration,ali,175.02666666666667,0.93,0.001973882093442952,0.9883381724357605,0.0,4.601965109284139,True,0.2,3.4280490591909802,7,25,35,False
Best-2,mlp,5fold,3,realtime_alert,szcore,175.02666666666667,0.99,0.00060156406657309,0.9999731779098511,0.2857142857142857,3.9252055343894123,False,0.42857142857142855,0.4113658871029176,15,3,35,False
Best-2,mlp,5fold,3,realtime_alert,ali,175.02666666666667,0.98,0.0008522157609785442,0.9997909665107727,0.0,1.8949268097052336,True,0.11428571428571428,1.2340976613087529,4,9,35,False
Best-2,mlp,5fold,4,medication_titration,szcore,177.31555555555556,0.99,0.0003639381014077126,0.9992159605026245,0.05555555555555555,5.345522833476482,False,0.17142857142857143,2.4363344696210145,6,18,35,False
Best-2,mlp,5fold,4,medication_titration,ali,177.31555555555556,0.9,0.0023292038490093604,0.9279433488845825,0.0,4.7166377942439555,True,0.0,6.7675957489472625,0,50,35,False
Best-2,mlp,5fold,4,realtime_alert,szcore,177.31555555555556,0.99,0.0003639381014077126,0.9992159605026245,0.05555555555555555,5.345522833476482,False,0.17142857142857143,2.4363344696210145,6,18,35,False
Best-2,mlp,5fold,4,realtime_alert,ali,177.31555555555556,0.95,0.0010918143042231378,0.9876649975776672,0.0,0.943327558848791,True,0.0,2.707038299578905,0,20,35,False
